0,1,2,3,4,5,6,7,8,9,10,11,12,13,14,15,16,17,18,19,20,21,22,23,24,25,26,27,28,29,30,31,32,33,34,35,36,37,38,39,40,41,42,43,44,45,46,47,48,49,50,51,52,53,54,55,56,57,58,59,60,61,62,63,64,65
0.5775949474772019,-0.3852111918373618,0.04522911944254883,0.5689825906455165,-0.7059415774059445,-0.70200147768286,0.14067494220364712,1.733130579295629,-0.4080089600300764,-0.7484581125197725,1.509506099684244,-0.48641029716174883,-0.6679757492884453,-0.11053269378350263,-0.32479631817153887,-0.4309374550198857,-0.7505713520200642,-0.9858188909206242,-1.2518862030889888,-1.5400306475691605,-1.9105128858821634,1.12492728591604,-0.20885069768175496,-0.25989793110823345,-0.16168422925077336,-0.26293872698427,-0.2520048177161859,-0.2935820976725257,-0.09456703099923214,-0.6771277901745612,-1.0232112660593617,-1.2748543843582538,-1.6309591711171803,-0.5203984670315217,-0.6261070905361784,-0.5273604369976691,-0.5840947526674645,-0.6006224201906001,-0.6441949646743609,-0.11326582302846594,-0.534534395982672,-0.5801715097058427,-0.8997899624423048,-1.2404834010823331,-1.5399690284946472,-0.46236851823436065,-0.5134096695577743,-0.41637193046120446,-0.5173153863062,-0.5244291196347172,-0.5262057368034827,3.0558784502675658,-0.4043329194945137,-0.3363520892265127,0.29511568897298435,1.0326319782767817,-0.5118875269549616,-0.6998515685995295,-0.6628568547165665,-0.6018185808070554,-0.5982301733276889,-0.5082247923292741,-0.565831670710577,-0.5581187352310424,-0.47336126321918154,-0.5043789775224605
0.5779875362638123,-0.38171263727561944,0.036753735562832485,-0.386395795635672,-0.8916210299525156,-0.8849420603952091,-0.6032783429904446,2.8780419559956134,-0.5927049187013107,-0.7789563960901538,2.3036789751210893,-0.4985290857841317,-0.6940070426909339,-1.5671614900641833,-0.3065201784860031,-0.7808241180798438,-0.880338871664555,-1.1219690632366708,-1.3737281540770578,-1.6588358421532627,-2.0330821452729575,-0.0023301474803120725,-0.4766097938580645,-0.40359846389468435,-0.3977723186553675,-0.563790212653458,-0.558154768339589,-0.7514078916545429,-0.9125140313528767,-1.2078640824696143,-1.4369781465835123,-0.6920648945428383,0.41602168684760094,-0.5648525568722634,-0.6325237988421861,-0.5376088332505063,-0.594235356388675,-0.609615536658062,-0.6538906157673194,-0.8538440936644098,-0.2857386532839713,-0.33827418789620467,-0.028003243050719082,0.6575407837233544,0.31992312966612263,-0.494098602834554,-0.5244145446137681,-0.42427080849182186,-0.5288171196087026,-0.5376615641911234,-0.5326849837063393,-0.41276051431803196,-0.6399478606935965,-0.6698372769484002,-0.6112111333736354,-0.6048392686659142,-0.5881191366910805,-0.713242116865787,-0.6691191583233594,-0.6276950182842305,-0.6475111672146261,-0.549118398586842,-0.5797419127413692,-0.5637968970099198,-0.4865555665240705,-0.5438683153589352
0.5792976556289017,-0.3871497515562253,0.02448317998673105,-0.5710226574232302,-0.9211549418560598,-0.8849434411714003,-0.6654550037974929,2.992533093665612,-0.5960795119548957,-0.7813399842575458,2.3036789751210893,-0.4997507683109685,-0.6940071506487275,1.0131523776330222,-0.3077968437073431,-0.7633297849268459,-0.9322458795223514,-1.1638614239493004,-1.3998371435745012,-1.6885371407992884,-2.0588861998815453,-0.21956622405156379,-0.4780033476885231,-0.4031881720899164,-0.3970044425822345,-0.5631155574306103,-0.5567313586889516,-0.6791196083942245,0.06902236907149678,-0.035307157631706235,0.34221943967033513,-0.030990249379083314,-0.22646135616324276,-0.5749820416594257,-0.6327148701377241,-0.5378795122737887,-0.5942350482216732,-0.6098648037300541,-0.6532641569888795,-0.6259738565456578,0.27819836349975047,0.8596935010658124,0.2931813377777599,1.047860273340653,0.47877512893964036,-0.4982163948719159,-0.5245641177509447,-0.42413833778795373,-0.52882692916713,-0.5374379129669976,-0.5317761227682243,-0.5404738691639428,-0.6396665662511332,-0.6682528385855163,-0.6091024468290878,-0.6008289492933062,-0.5905143610523874,-0.7129337979113926,-0.6688921431024822,-0.6280236301367357,-0.6481988329225536,-0.5471109706428952,-0.579493935470719,-0.5633592497101773,-0.48581142562008217,-0.5433399719762696
0.5804544824942027,-0.4016470482275406,0.0085697237005297,-0.6864294088449993,-0.9429949683318385,-0.9225161884030766,-0.6908974870389064,2.91620566855228,-0.6021294085358977,-0.7826670614549169,2.5202715775129563,-0.4997351692791607,-0.6964501082576405,-0.3186225218236,-0.30525230879509213,-0.7633297849268459,-0.9322458795223514,-1.153388333771143,-1.3998371435745012,-1.6811118161377818,-2.0588861998815453,-0.3148172090574948,-0.4811342834556047,-0.40483477979106397,-0.3986221069672021,-0.5656313861735863,-0.5588254129138622,-0.7273117972344367,-0.9615908513740954,-1.1831786735256584,-1.3025039104131633,0.12558006131759547,-0.017280830531805274,-0.5779431623510068,-0.6332624212215113,-0.5377469878995751,-0.5940843991698336,-0.6090861500418803,-0.6540563799600742,-0.9108116529440978,-0.9657803499937534,-1.0524472332389456,-1.0099103901549262,0.10650150426363865,0.028694464331340173,-0.5032199111832948,-0.5247503374850454,-0.42342224886485347,-0.5288481474575616,-0.5373127363028714,-0.5324773751082325,-0.5958480488959541,-0.6403713447652223,-0.6696551218299028,-0.6127434803397003,-0.6071956039642599,-0.5925430222801926,-0.7131808854872355,-0.6698243034913826,-0.6281076781825138,-0.6484801946350366,-0.5503026528769756,-0.5794060265985698,-0.5636434008494328,-0.4871216636776306,-0.5430516461893033
0.580197925561739,-0.4008983698172106,0.0005109968748270197,-0.7604813273503157,-0.9664279565747345,-0.928778156332465,-0.7017841763673749,2.992533093665612,-0.6055676452473863,-0.7836790997929118,-1.2340001972794032,-0.5007357537686863,-0.69676106902568,-1.5671614900641833,-0.3065201784860031,-0.7633297849268459,-0.9322458795223514,-1.174334514127458,-1.408540140073649,-1.6811118161377818,-2.0459841725772514,-0.35616275940946734,-0.48350856099997874,-0.4054460088376621,-0.3993052868611957,-0.5657190998535626,-0.5601456926024716,-0.8236961749148615,-0.9452319113670226,-1.0227235153899445,-0.878392857875909,-0.23105231304706178,-0.6298809413095865,-0.5813513701843683,-0.6332468966033533,-0.5380722527243867,-0.5945778945943538,-0.6098666484110393,-0.6544784660380566,-0.6544576361855019,0.9250672945163725,0.5141258984806152,0.623542620915624,0.08354153428615049,0.16107113039260493,-0.5029458043597896,-0.5248075943243262,-0.4241278005794737,-0.5279054878289038,-0.537473881193544,-0.5331726923926762,-0.622824811502,-0.6406611191746778,-0.6706177653622045,-0.6141224957999425,-0.6098560774883413,-0.5937530659626036,-0.7134592599117222,-0.6700009078564023,-0.6283679107534952,-0.6486735090005695,-0.5505050508104733,-0.5795626480991418,-0.5644138941560944,-0.48642005887572065,-0.5426825692922689
0.5799846806583058,-0.3905208579901141,0.0030785861840277205,-0.8013788057046988,-0.9674995275188821,-0.9368928063634829,-0.7059742603565142,3.0306968062222785,-0.606840009057783,-0.7837151859970921,-1.2340001972794032,-0.5007357537686863,-0.6971231504713508,0.3472649279047112,-0.306299182128636,-0.7808241180798438,-0.9322458795223514,-1.174334514127458,-1.4259461330719447,-1.6885371407992884,-1.452490916579723,-0.37239020610682827,-0.4841654780808357,-0.40597372858413655,-0.3998310012224731,-0.5662862713075285,-0.5603951354818512,-1.040561024695817,-1.15789813145897,-1.3066057182454383,-1.5507640387276538,-1.7445653164482902,-0.8689443991740865,-0.581639578532631,-0.6333711839953236,-0.5377802941684484,-0.5945193868380159,-0.6101825545133126,-0.6544926646917649,-0.6829414158253458,0.7094443175108318,0.6753907796870405,0.23812112392144918,0.3054879107352027,0.022075631028276938,-0.5041003231422577,-0.5247992672015894,-0.42426993101104393,-0.5292565212943753,-0.5375512059389609,-0.5325378253330277,-0.6327343808071872,-0.6407909490946968,-0.6708294832989714,-0.6143147357992779,-0.6102747388156837,-0.5938218798105895,-0.7134246917972055,-0.670047207500928,-0.6277863124472455,-0.6482396320640413,-0.5507678265240078,-0.5797932140442079,-0.5638910041802309,-0.4869761394258508,-0.5421190303939148
0.581220859438524,-0.39337631305760834,0.0018641850884454775,-0.8295088059143882,-0.9568100453498566,-0.9290310504099568,-0.7081035433863664,3.1833516564489432,-0.6073609486878503,-0.7833152963026698,0.3543455535942872,-0.500235631592649,-0.6967730500505381,0.5969727215528279,-0.3063335731534387,-0.7808241180798438,-0.9452226314868004,-1.1848076043056153,-1.408540140073649,-1.4286507776465647,-1.6073152442312522,-0.38043485177881925,-0.48449040286082135,-0.4059824348550548,-0.39973638315549276,-0.5666761412462723,-0.5604749094349232,-0.8477922693349677,-1.010667671395314,-1.1955213779976364,-0.9301137179414278,-0.15276715769872237,-0.2712857545128365,-0.5813467421298261,-0.6328598805001397,-0.5377660575939396,-0.5935207509815219,-0.6098151078465304,-0.6543475346208039,-0.6259738565456578,-0.833089287221113,-0.6723228703952286,0.17388420775575342,1.1703134465539233,1.2995104585194819,-0.5040352971377332,-0.524740837901235,-0.4240214182818165,-0.5285799209524153,-0.5372628282264588,-0.5327124659117339,-0.6374132553441088,-0.6408573004251982,-0.6709131904980579,-0.6151759425915219,-0.6109078670718148,-0.5932775253641971,-0.7131537914372061,-0.6699427962611204,-0.6268862481832389,-0.6476730262788695,-0.5505894431991855,-0.5796480280379459,-0.5627528624840351,-0.4872669008598324,-0.542150723883104
0.5811685855624983,-0.41476862887107263,-0.01779971443013902,-0.8515558136635474,-0.9382559116544719,-0.926513235740972,-0.7093435315534573,3.0306968062222785,-0.6077651663876598,-0.7824105601882687,-0.006642117058824206,-0.500712034905382,-0.6966517685586605,0.7218266183768863,-0.3060037408384738,-0.7633297849268459,-0.9062923755934532,-1.174334514127458,-1.4259461330719447,-1.6811118161377818,-1.4653929438840172,-0.385087967752983,-0.48479753381478125,-0.40613250036864146,-0.4002905640294705,-0.5670396990824995,-0.5608312109247546,-0.5104469474534813,-0.3563100711123984,-0.6894704946465392,-0.8059836537841827,-0.7703500498911776,-0.8913565983488834,-0.5796448299891342,-0.6324821572509342,-0.5375713212666962,-0.5936640255313818,-0.6094528072647324,-0.6526464164951903,-0.19871716194799793,-0.6506390759087325,-0.5801715097058427,0.8621368809596369,2.08105892232762,1.9084431224012997,-0.5039965169318107,-0.5245707662022766,-0.4238459709457762,-0.5287980509496819,-0.5376235484411765,-0.532463261133169,-0.6398257877716378,-0.6409893354053317,-0.6709049524303855,-0.615209561910712,-0.6114454963440303,-0.591965807343332,-0.7126123787538158,-0.6696256980949391,-0.6252100215571336,-0.6452519592473175,-0.5498361052655493,-0.5795866441474874,-0.5632490443914996,-0.4876728267393367,-0.5423508695544045
0.5810701549661507,-0.4228825742398387,-0.032834293687241244,-0.8672010376097908,-0.9496153938632635,-0.938165072884819,-0.7099948621257286,3.2215153690056093,-0.6078797965995665,-0.7829961974230455,-0.47592608890786925,-0.5003250027483473,-0.697175734902977,1.1796242400651,-0.30659321073536305,-0.7983184512328416,-0.9581993834512496,-1.1952806944837726,-1.4259461330719447,-0.270300130451568,1.011796298540449,-0.3875177845540225,-0.48479281258385076,-0.40612938224998896,-0.4001969138917001,-0.5670422707738767,-0.5610259006746647,-0.34177428651273806,0.34712434919173596,1.8778120355248806,1.18009737273174,0.5170058380592925,-0.06957596193966464,-0.5802505584571741,-0.6333469979085744,-0.5378379533651548,-0.5938780379121413,-0.6095142375398322,-0.6539930853834026,-0.5974900769058139,1.090931122982173,0.5947583390838279,0.06376378004313205,0.2366080008027382,1.5311696241266952,-0.5037769075960797,-0.5247422849267809,-0.4240598128942356,-0.5291339960384258,-0.5375705346146709,-0.5328999334607786,-0.6414612459539903,-0.6409976442257254,-0.6710304665762244,-0.6149503948566832,-0.6113358612060328,-0.5927854473987175,-0.7132230416207098,-0.6690993643116405,-0.6252497286807118,-0.6449129279522883,-0.5506074153607571,-0.5797335448587331,-0.564309177854892,-0.48837766002729727,-0.5445806005242202
0.5828053952641012,-0.41164902455495334,-0.030767905046477705,-0.873713781749472,-0.9393122964733057,-0.9245089948677128,-0.7102100535084153,-1.129147862454332,-0.6080854823362947,-0.78246924719335,-0.07883965118944657,-0.4996084826363838,-0.6965520495809883,0.22241103108065274,-0.3050720116582543,-0.7808241180798438,-0.9062923755934532,-1.1219690632366708,-0.3641805601759133,-0.7455209087879768,-0.8525466469300477,-0.388723644304035,-0.4848809033053074,-0.40614223242182135,-0.4002833769172819,-0.5670473395294872,-0.5606243985951851,-0.22129381441220722,-0.47082265116190863,0.458401021247413,-0.07154744085381541,0.05599325656351602,-0.3908174834450865,-0.5813989589702027,-0.6332625464312548,-0.5374315702536324,-0.5931158641768518,-0.6074031932941019,-0.6531843058002618,0.37095843084888197,1.7709728196919552,0.790579980548773,0.18306091006513853,-0.008298345623802135,1.524550790823632,-0.5045778501361382,-0.5248227996691495,-0.421778931433338,-0.5286879021128451,-0.5355662320953838,-0.532568475877801,-0.6419207928539128,-0.6409322711599607,-0.6709659382041964,-0.6145396210220843,-0.6119479696774003,-0.5934230030443809,-0.7122520850573831,-0.6685519849437841,-0.6237712121854866,-0.6461319857562688,-0.5505831822037893,-0.5783500452045169,-0.5641848700493727,-0.4865207487960902,-0.5428159050281539
0.5822339331447508,-0.40508832902999675,-0.026989830590558938,-0.881896953296514,-0.9391067412844114,-0.9116469612214849,-0.7104338191574892,-1.129147862454332,-0.6080854823362947,-0.7824578955560713,-0.11493841825475774,-0.4997914624661996,-0.6958451072000166,-0.3186225218236,-0.3059242810642509,-0.8333071175388375,-0.9581993834512496,-1.1848076043056153,-0.34677456717761773,-0.1663455851904785,0.1796155374134798,-0.3895660474382816,-0.4849007489582326,-0.4061585768062768,-0.40016782798495615,-0.5669242755217394,-0.5610250364713236,-0.34177428651273806,-0.29087431108410683,0.24857504522378732,-0.19567750501106057,0.029898204780736216,0.5579656149546478,-0.5811402760987994,-0.6329862465735792,-0.5370865278299081,-0.5932242416636848,-0.6086805114594239,-0.6541000445257193,0.0006692955309100442,0.9416536773629526,0.8366556608934659,0.9171970948159476,0.351407850690179,0.39934912930288147,-0.5038263346951951,-0.5247808223890839,-0.4224036326186065,-0.526992021199818,-0.5372726241276441,-0.5324401699131891,-0.6425502431007085,-0.6409354646098029,-0.6709923355156101,-0.6142787287059287,-0.6115901218040791,-0.5929009333502938,-0.7122632278432869,-0.6689934947977996,-0.624806122389932,-0.6480045106314445,-0.5497771640320159,-0.5783731309890735,-0.5628848588018246,-0.4855550650275776,-0.5417890493523442
0.581964029690748,-0.4110991618443623,-0.026775898941612294,-0.890927941173218,-0.9728554100830398,-0.9387056753446471,-0.710620502547218,-1.129147862454332,-0.6080854823362947,-0.783882186990951,-1.2340001972794032,-0.5007357537686863,-0.6971977352756251,-0.7764201435118139,-0.3060273704360911,-0.7983184512328416,-0.9322458795223514,-0.535476013259855,-0.5643494796563127,-0.44108259766621494,0.10220337358771524,-0.3897959991298111,-0.48489211685258704,-0.40616582064206147,-0.40035629117736093,-0.5671571347586015,-0.5611138626698146,0.06785931862906683,-0.3726690111194713,-0.09702067999159614,-0.5370351814434848,-0.8747302570222968,-0.659763873542649,-0.5817242943298406,-0.6333099194664276,-0.5380179336285269,-0.5946138411376864,-0.610342258489689,-0.6545560329155,-0.14174960266830994,2.749569407640178,2.426266632785373,2.1193450973453976,1.3539932063738285,0.7964791274866757,-0.5048908518281736,-0.5248376076673646,-0.4240274845944594,-0.5289065625753705,-0.5378916952833322,-0.5325580367194371,-0.6426411794978416,-0.6410358121809049,-0.6711313481603003,-0.6154170420009815,-0.6121917793916796,-0.5937675590073123,-0.7135360854442231,-0.6703058044896884,-0.6275266516056187,-0.6486234943377699,-0.5507736671703063,-0.5799513479093688,-0.5630326793071908,-0.4859420203449648,-0.543498399725817
0.582724054204146,-0.41573383143729953,-0.030662356542239536,-0.8960877727934623,-0.9690688304464833,-0.9456258737602127,-0.7106987785183604,-1.129147862454332,-0.6080854823362947,-0.7837664249914924,2.050987605663911,-0.5003707861774288,-0.6974612673524763,-0.15215065939152211,-0.3059368629907089,-0.8857901169978312,-1.023083143273495,-1.2371730551964024,-1.4346491295710924,0.2643232451768921,-0.2913084591932546,-0.39011562448955944,-0.48486701281491384,-0.40617663840627827,-0.40029285792007346,-0.5671972470096323,-0.5610888727916441,-0.36587038093284424,-0.6834888712538563,-0.9610099930300547,-1.230094706321437,-0.9617137629648962,-0.45805408096947714,-0.5813418535971888,-0.6332014837541123,-0.5379012657795798,-0.5941844977633631,-0.6103555199383356,-0.6547236834488638,5.241684749262205,3.3964383386568002,3.2556288789898464,2.8534812820962063,2.5861782618323597,2.246003620857525,-0.5049109305543618,-0.5247547096635794,-0.4243232588744275,-0.5288525482122121,-0.5381141457465213,-0.5333624911432144,-0.6427378984241454,-0.6410439876550343,-0.6711444633589728,-0.6154067265688173,-0.6123699894787644,-0.593434766371972,-0.7135248001472372,-0.6702341073495163,-0.6274853477651156,-0.6486559594077886,-0.5509430558970574,-0.5797181456542417,-0.5641958309150304,-0.48638388406254585,-0.5450374578187268
0.5820930246769669,-0.4125319249434092,-0.02864189600125981,-0.8975388332398888,-0.9763182587378919,-0.9440643079442513,-0.710717072761997,-1.129147862454332,-0.6080854823362947,-0.7839783067900294,-1.2340001972794032,-0.5007357537686863,-0.6974047327663937,-0.9012740403358722,-0.3063276195095598,-0.7983184512328416,1.1699879387184007,1.4229918500555832,1.6375086346280803,1.6231576582325613,0.8634229845410668,-0.39016436342420924,-0.48491851872475983,-0.40617877320059864,-0.4003509124311399,-0.5671669461681907,-0.5611426658480186,-0.6068313251339059,-0.3890279511265442,-0.40558829179104566,-0.6921977616400413,-0.5528912850346793,1.051033996800179,-0.5819284359694751,-0.6333554880794825,-0.5378519529395335,-0.594725374936667,-0.6102131365052608,-0.6546193778925213,2.42179056491765,1.5055906941466743,0.6638718596008674,0.17388420775575342,0.48916767055510796,1.273035125307229,-0.5050477721065978,-0.5248787013831653,-0.4240153704047675,-0.5286080310948823,-0.5378951787349588,-0.5324553149018103,-0.6428532028397422,-0.6410447301469131,-0.6711018056948812,-0.6152868013776668,-0.6123103545257188,-0.5939929339775679,-0.7135560873832777,-0.6702639461188149,-0.6284387569987316,-0.6487942897249491,-0.5508768178300119,-0.5796958564474319,-0.5640096713188958,-0.4870378152514387,-0.544767036052502
0.5470549577862149,-0.7195201711657079,-0.29142439013176175,-0.879171041925555,-0.6984433170433316,-0.7200900607939337,-0.7103650469553967,-1.129147862454332,-0.6080854823362947,-0.7466642014191552,1.509506099684244,-0.48626716597931446,-0.6715945861484764,-0.48509438425567775,-0.31968026592600146,-0.4834204544788794,-0.7375946000556151,-0.7030454561103738,0.48871309674057084,0.056414154654713174,-0.478387855105519,-0.3898862780276709,-0.4847406899441175,-0.4061356007820026,-0.4002352109697993,-0.5670843119177827,-0.5610045687978416,-0.26948600325241956,-0.6834888712538563,-1.0103808109179666,-1.281815566386956,-1.501011499809012,-1.8625518959234146,-0.5197723487646997,-0.6082660045974442,-0.5209461973000056,-0.5841710541348886,-0.5979619145913642,-0.6440173353139398,-0.11326582302846594,-0.5842935445224122,-0.9833337127219062,-1.1934444363426284,-0.8042439715100582,-1.281834529675181,-0.47104861126853764,-0.5142482865546797,-0.41168607102403065,-0.5172749418954896,-0.5293484436910971,-0.5212345393549045,-0.6413793569394127,-0.6409398172502634,-0.670769262572744,-0.6143836458222905,-0.6115689573338161,-0.5013884726400966,-0.7000340977608172,-0.663960502098276,-0.6108719374589807,-0.606359130511482,-0.5153031279287948,-0.5671563026860412,-0.5560914629432183,-0.4736557996280045,-0.5110349030094244
0.5502633674540541,-0.7111220641175302,-0.29872644414592325,-0.8971742356129376,-0.9123395038430077,-0.9027934884191277,-0.7107126296569639,-1.129147862454332,-0.6080854823362947,-0.780699419792759,-1.2340001972794032,-0.5007357537686863,-0.6952911175087519,-1.5671614900641833,-0.3065201784860031,-0.4309374550198857,-0.24447802540654978,0.42804828313062787,0.13189024027551113,0.21234597254634735,1.011796298540449,-0.3902952932191885,-0.4849192912340322,-0.40615731966502344,-0.4003591446805081,-0.5671078699986488,-0.561097724325178,-0.9200805525952861,-0.9779497913811683,-0.8869537661981869,-0.7542627937186639,-0.7703500498911776,-1.2275395859708365,-0.5690571738770119,-0.633309108523094,-0.5380221833197131,-0.5944759090075988,-0.6102864576484069,-0.654538208744829,-0.7968765343847218,-0.7999165215279529,-0.833587751601654,-1.1016774132487772,-1.3935498675989209,-1.7716281941018606,-0.49804655824312255,-0.5249245342724476,-0.42398528521518636,-0.5291416399152694,-0.5375941672365927,-0.5314328143208404,-0.6428755261207034,-0.6410235906587762,-0.6710011968974346,-0.6151226774949518,-0.6119223860194123,-0.5917329665096384,-0.7135053832587902,-0.670488426943171,-0.6282000781594311,-0.6487334610904163,-0.5496967452125234,-0.5796100799539307,-0.5645303535902529,-0.4871796090208329,-0.5437402722609745
0.5515467509987527,-0.7049513255720888,-0.30580864570031774,-0.8954431976476726,-0.9018120694619831,-0.8902119155344105,-0.710690128392855,-1.129147862454332,-0.6080854823362947,-0.7798554057395587,2.050987605663911,-0.4983230969050201,-0.6944093439848513,1.8038937241853918,-0.3049001026756638,-0.5009147876318774,0.015057013882431936,-0.23175639809328977,-0.3902895496733567,0.13066740126977708,1.7536628685373592,-0.39023702859833126,-0.4849169591743908,-0.4061360125921302,-0.40032453141716856,-0.5671519226214621,-0.561065808116633,-1.5706751019381526,-1.5341537516216466,-1.5658025121569759,-1.0438996100855693,-1.0313005677189757,-1.414307912427477,-0.5813555281874587,-0.6205483397669747,-0.5376978825076432,-0.5942281367910496,-0.610179427422872,-0.654521544913015,-1.6229061439401977,-1.413612686851415,-0.6147282699643625,-1.0374404970830815,-1.1027235812174043,-0.699377199005616,-0.5048814941380622,-0.5176530059225921,-0.42406335987610166,-0.5285781732637062,-0.5370380756679468,-0.531408622905918,-0.6428132310755407,-0.6410117942680383,-0.6709814679622237,-0.615200374616839,-0.6120357035267113,-0.5854006344499996,-0.7134799785578867,-0.6703162803661733,-0.6285173767151799,-0.6485452855386841,-0.5464156231316571,-0.5794632755416366,-0.5642752186076484,-0.4875009650413732,-0.5439021283766274
0.5528230548982147,-0.7027457788827189,-0.30677921756267745,-0.8976843156441593,-0.9518810470107306,-0.9404960311888174,-0.7107188168906895,-1.129147862454332,-0.6080854823362947,-0.7831010193743565,-1.2340001972794032,-0.5007357537686863,-0.6972691332381626,1.346096102497178,-0.30610413715965423,1.073575196137934,0.9883134112161134,0.6794024474064061,0.5757430617320488,2.395391423029226,1.6891527320158888,-0.3902936542550554,-0.4849122191282452,-0.40616583971412,-0.40031964988386715,-0.5671684794829347,-0.5610823661747597,-0.5586391362936936,-0.5035405311760545,-0.849925652782253,0.11464765538205235,-0.204957261264282,-0.6672346066009146,-0.5789932859463389,-0.6335156951935618,-0.5380613508154853,-0.5946406042890928,-0.6102226108870049,-0.654502006728109,0.057636854810598034,0.19526644926685022,0.16855829589541796,0.03623367311497671,0.11415482758946803,0.7633849609713595,-0.5048003385418937,-0.5248334078784913,-0.4240259196335642,-0.5290801748898073,-0.537414345650236,-0.5327883153876029,-0.6429014875314812,-0.6410161481241573,-0.6710438466448893,-0.615293527125063,-0.6119717626536856,-0.5920016214846138,-0.7135720171662968,-0.6702161021441488,-0.6283611921099521,-0.6486820343881498,-0.550716704205809,-0.5796757135375238,-0.563901936831926,-0.48821138465469976,-0.5447179222796474
0.5525156143523839,-0.7043118881198047,-0.30822530320945135,-0.8972980304921803,-0.9662556364470896,-0.9384248269038054,-0.7107141498176546,-1.129147862454332,-0.6080854823362947,-0.783673213533965,-1.2340001972794032,-0.5007357537686863,-0.6971863314237305,0.5969727215528279,-0.3062593890537518,-0.2909827897959025,-0.08875700183316075,-0.26317566862776204,-0.4512105251673913,-0.3297027277436191,-0.8009385377128714,-0.3902925263070681,-0.484901440903855,-0.40617246542364177,-0.4002735132968326,-0.5671371171414238,-0.5610442645762133,-0.7273117972344367,0.28168858916344436,-0.17107690682346402,-0.526691009430381,-0.06578365175612305,0.5430241488381166,-0.580603053902127,-0.63345650931227,-0.5378741226792852,-0.5946881789222598,-0.610369807937401,-0.6547100818407335,-0.7399089751050338,-0.8994348186074332,-0.4073877084132441,-0.7346093208733728,0.6575407837233544,0.05516979754359313,-0.5045198010619739,-0.5245853046574179,-0.4242729377550675,-0.5290112242167595,-0.5374199513295929,-0.5323189953947848,-0.6428970207668853,-0.6409985786995002,-0.6711368659765143,-0.615161959978906,-0.6119342641662876,-0.5937644603869734,-0.7135197916418575,-0.6702244201645108,-0.6284567386766086,-0.6493972172574236,-0.5505364942739671,-0.579818396605194,-0.5637787837443307,-0.4885558621370321,-0.5440648461748452
0.5512738959101784,-0.703747395788561,-0.31146111755933237,-0.8979735238908128,-0.9680442425811847,-0.9467243267254867,-0.7107222353546625,-1.129147862454332,-0.6080854823362947,-0.7837331880359629,-1.2340001972794032,-0.5007357537686863,-0.6975000115944636,-1.5671614900641833,-0.3065201784860031,-0.18601679087791503,0.28756880513586275,0.281425020636424,0.23632619826528473,-0.15149493586746574,-0.6074081281484599,-0.3902921799803594,-0.4849144082841984,-0.40616570007718866,-0.4003151608394756,-0.5671638688955188,-0.5610388061335372,-0.6068313251339059,0.5434316292766106,0.05109177367213963,1.9559102737145224,1.2650639891656468,0.6027900133042415,-0.5806957007615708,-0.6334573745093064,-0.5380872646202101,-0.5946383516831956,-0.6103479469083012,-0.6546406869985352,-0.5974900769058139,-0.833089287221113,0.7560232202902533,0.06376378004313205,-0.27616466202783063,-0.7258525322178689,-0.5047569598773495,-0.5249785664390878,-0.42430411461654655,-0.528905008108722,-0.5376551501863307,-0.5328120443703892,-0.6428770878973231,-0.641009570658191,-0.6711286494534919,-0.615257379626625,-0.6120720644669535,-0.5936131136954429,-0.7136074549159968,-0.6701349638868179,-0.6287813767952107,-0.649334896772168,-0.5508262234439686,-0.5798056089984293,-0.5644030627588595,-0.48841479380377073,-0.5436067721321098
0.5515096630687081,-0.6999256067755274,-0.31098043834574884,-0.8986392470453238,-0.9778320140139707,-0.9469025198467343,-0.7107298578129502,-1.129147862454332,-0.6080854823362947,-0.784017400315368,-1.2340001972794032,-0.5007357537686863,-0.6975062170408319,-0.23538659060756106,-0.3061547657285524,0.04140954011105772,-0.1406640096909571,0.8050795295442952,0.3233561632567627,-0.10694298789842739,-0.5106429233662542,-0.3902992415865924,-0.4849201444811566,-0.40616954887702406,-0.40030897863565373,-0.5670781010498999,-0.5610560215953881,-0.8477922693349677,-1.15789813145897,-1.2448921958855483,0.21808937551309,0.3430388261740938,-0.10692962723099277,-0.5818124530171616,-0.6335065631236553,-0.5380493985888618,-0.594581450661805,-0.610249161722468,-0.654523274824571,0.313990871569194,-0.15304759051133088,1.1015908228754505,0.6602494301531644,1.6524728160811746,0.8692862938203714,-0.5050880294811091,-0.5248654124652063,-0.42421754283441226,-0.5286470428318597,-0.5381387338116511,-0.5332912053737375,-0.6428928270600437,-0.6410195542826298,-0.6711103681364946,-0.6152722787949383,-0.6119301763448011,-0.594034285215252,-0.7137280524992137,-0.6700542708458345,-0.6287788045102728,-0.6487190518635199,-0.5508283276124688,-0.5797321125913438,-0.5644894442294662,-0.4871193839227745,-0.5441568962895558
0.5513711715190868,-0.7009378223768221,-0.3083793663458357,-0.8989771344168588,-0.9758658336956298,-0.9470462259270069,-0.710733595129623,-1.129147862454332,-0.6080854823362947,-0.7839662773539056,-1.2340001972794032,-0.5007357537686863,-0.6975112052907247,-0.1937686249995416,-0.3060132811003977,0.7411828662309738,0.27459205317141366,1.171637685779805,1.0631108656843256,2.6330018121974303,1.8117219914066827,-0.3902752890800987,-0.4849093547806,-0.40617757320246967,-0.4003475253340514,-0.5671676748672412,-0.5611113013128672,-0.9441766470153923,1.7703521298070775,1.3470757432298275,1.0352789645482874,0.5517992404363322,-0.017280830531805274,-0.5817507090245664,-0.6335612193061553,-0.5381508924909839,-0.5943770488642892,-0.6101650545769103,-0.6547986151370964,1.6527285146418618,0.7923762317437321,1.7351314276149787,1.8807508373013844,2.356578562057478,1.4914566243083158,-0.5048755138999288,-0.5249272301821339,-0.4241247923647331,-0.5288878421876086,-0.5381410352638372,-0.5332845070183071,-0.6428878627380463,-0.6410341513034866,-0.6710573686511314,-0.615255824702988,-0.6118788925412939,-0.5942372271640729,-0.7136444197641785,-0.6700788618629364,-0.6271938090827993,-0.6482588537455881,-0.550868305138652,-0.579868001589768,-0.5643305601687482,-0.4862212829401707,-0.5441728678139199
0.5503635305315635,-0.7069582750065423,-0.31108895983153545,-0.8977385395613233,-0.9677121293089426,-0.9438712907019358,-0.7107194627610431,-1.129147862454332,-0.6080854823362947,-0.7837222395862543,-1.2340001972794032,-0.5007357537686863,-0.6973976261359836,0.09755713425659454,-0.30604950700727457,-0.23849979033690874,0.15780128549137187,0.09290939742959035,-0.30325958468187875,0.34600181645346234,0.5021662200208321,-0.3902621698479952,-0.4849095878522556,-0.4061591170471015,-0.40034512565751357,-0.5671525079363359,-0.5610683671724152,-0.5827352307137997,1.9503004698848794,2.4702618501798237,2.317956294173154,1.4651260528336252,0.7297924752947572,-0.58148780411086,-0.633501387991351,-0.5379199206012355,-0.5946496939771856,-0.6103205783521732,-0.6543797149881787,1.481825836802798,0.9748264430561127,0.9979205420998913,0.6510727278437792,0.8106072502399422,0.13459579718035197,-0.5046300530402771,-0.5248520688374019,-0.42426156546072674,-0.5292293122088514,-0.5372901789740382,-0.5327889222029492,-0.6428439919226749,-0.6410265351837431,-0.6710360843839261,-0.6152576234338749,-0.6119907020901054,-0.5938299718831541,-0.7136617991480171,-0.6695615831221061,-0.6270568516045631,-0.6470191312094136,-0.5505860467450251,-0.5799462525516809,-0.5641355812674679,-0.4863764916750197,-0.5433325458187033
0.5516521970743725,-0.7087604901230695,-0.3129982792511532,-0.9001152201472912,-0.9734544516961645,-0.9380929016836511,-0.7107455321290739,-1.129147862454332,-0.6080854823362947,-0.783899480819999,-1.2340001972794032,-0.5007357537686863,-0.6971727823243798,-0.5683303154717166,-0.3061091291675528,-0.2909827897959025,1.2997554583628914,1.84191545718188,1.298091771161316,1.311294022449293,2.547137547751446,-0.39030294971540547,-0.4849072215550473,-0.40617798347491757,-0.40034877258092294,-0.5671873700778339,-0.5611510565215714,0.28472416841002235,0.24897070914929859,0.5694853614952148,0.45600533181447656,1.334650793919726,0.8941486025766009,-0.5818970673597511,-0.633499358561411,-0.5378044124628377,-0.5947004678350503,-0.6099318685632419,-0.6547295370239631,0.513377329048102,0.46064857481213106,0.30678533692949683,0.5593057047499281,0.014661624353686023,-0.01763736879010249,-0.5049644096869348,-0.5247246801475052,-0.42426786568327507,-0.5289641512024565,-0.5380005087819902,-0.5324380793044717,-0.6428978242905653,-0.6410399454883646,-0.6711045194502969,-0.6151863558523013,-0.6120536914225574,-0.5942066199578641,-0.7135791306894087,-0.6697572843151238,-0.6274831371646267,-0.6482611264388317,-0.5507165282894053,-0.5795134760147569,-0.5639880784848933,-0.48629791293298524,-0.5434461699874229
0.5540145741640529,-0.7008260280873226,-0.3079567451883542,-0.9005140597262812,-0.9722876593405204,-0.9388450809273848,-0.7107494777951602,-1.129147862454332,-0.6080854823362947,-0.7838655393420559,-1.2340001972794032,-0.5007357537686863,-0.697203375309885,0.9715344120250027,-0.3059570215614142,-0.4309374550198857,2.441709631234411,1.6219805634405742,1.2110618061698382,1.3187193471107994,1.42466117227786,-0.39030502923917837,-0.48491836016218376,-0.4061696301888481,-0.40031490971178846,-0.5671932381043422,-0.5611073051392268,-0.36587038093284424,-0.9125140313528767,-0.5290153365108254,0.21808937551309,0.4735140850879928,-0.11440036028925839,-0.5818776676890733,-0.6335117446202434,-0.5380586132736426,-0.5944236740315716,-0.6103406002413606,-0.6545521773238802,0.11460441409028603,-0.0037701448921104116,-0.5225769092749765,-0.8539064508953792,-1.179256814475698,-1.6061573615252795,-0.5043891298917645,-0.5249311671138537,-0.42399556838756836,-0.5279557315481667,-0.5376348922753047,-0.5329425247131667,-0.642916598213913,-0.6410418635661564,-0.6710800364583068,-0.615321251148031,-0.6121586485071793,-0.5940850347689205,-0.7135772171266187,-0.6698157689648238,-0.6269596974306474,-0.6489500252793122,-0.5504575858173535,-0.5795088904095961,-0.5645900467621913,-0.4857048816405406,-0.54405671395936
0.5543656903460741,-0.6962844881164314,-0.3058842415114925,-0.8983498608902687,-0.9725019227472946,-0.9407597874665574,-0.7107265865911334,-1.129147862454332,-0.6080854823362947,-0.7838718513988496,-1.2340001972794032,-0.5007357537686863,-0.6972794617731913,-1.5671614900641833,-0.3065201784860031,-0.22100545718391085,-0.3353152891576934,-0.3993258409438085,0.523525082737162,0.11581675194676429,1.0440513668011842,-0.39026906956023233,-0.4849194312567706,-0.4061747126520343,-0.4003437285721274,-0.5671622839201144,-0.5611113593752335,-0.41406256977305655,0.0035866090432052173,0.16217611391994144,0.5697912239586179,1.6999815188786433,1.6412219084031634,-0.5816740716614659,-0.6334841197239653,-0.5380437671307766,-0.5946295984889922,-0.6101817629514974,-0.6547358377713731,-0.027814484108933953,0.17868006642027015,0.9172881014966786,0.7887232624845559,0.5350876105100842,0.04193213093746665,-0.5045544842603371,-0.5248544046557376,-0.4242834979650338,-0.529413389689708,-0.5381953394403883,-0.5330430968745413,-0.6428264828839163,-0.6410388530009122,-0.6710141789550974,-0.6153544224151537,-0.6121687431868478,-0.5939781841788248,-0.7136043948023709,-0.669910380951151,-0.6277312124467206,-0.6481656752292496,-0.5504625164711114,-0.5798312409134344,-0.5644377305099834,-0.4851368647325899,-0.5435548638613397
0.5532929209000793,-0.6973061627906648,-0.30242116222135196,-0.9012596228070802,-0.9786555275093642,-0.9438528836157069,-0.7107565227917558,-1.129147862454332,-0.6080854823362947,-0.7840379207902485,-1.2340001972794032,-0.5007357537686863,-0.6973969470485379,-0.6099482810797361,-0.306150655460481,-0.37845445556089197,0.35245256495810817,0.05101703671696066,2.3250453580607564,2.0018492159693873,2.6116476842729166,-0.39030501722552735,-0.48492650791857644,-0.40617511724096417,-0.40036940343277816,-0.5671076673063474,-0.5611492743468618,0.7907421512322519,0.16717600911393413,0.07577718261609559,-0.17498916098485306,-0.4137176755265204,0.7223217422364916,-0.5819142593967921,-0.6335037056317115,-0.538143107830246,-0.594658310399323,-0.6102685956737935,-0.6545703410011771,-0.14174960266830994,-0.13646120766475084,-0.6147282699643625,0.3941250631809961,-0.084831578882096,0.04193213093746665,-0.504984986738943,-0.5248875097519092,-0.4243259375177207,-0.5288819789148792,-0.5377941068566924,-0.532417084536077,-0.6429006765108051,-0.6410492173328306,-0.671121353189458,-0.6152106642485543,-0.612198535843058,-0.594234599633643,-0.7136209057828813,-0.6701268441630822,-0.6281566514203498,-0.6482064185372733,-0.5508081027752817,-0.5798346878623084,-0.564177515638532,-0.4855958401523867,-0.5434527295171901
0.32341025655053696,0.38767998049974733,0.89084272606705,-0.7731808682779052,-0.00921889636589478,0.17918894999715357,-0.7032241072279019,-0.1368913359810122,-0.6112714331889461,-0.39535937135472854,1.4734073326189328,-0.3332799887208757,-0.21399386305451554,1.3877140681051972,-0.12666434807404806,-0.4134431218668878,-0.6597340882689205,-0.7449378168230035,-0.6774884341452341,-0.938579349987143,-1.3815297664061055,-0.3792615365426876,-0.4822610285963775,-0.405079717955711,-0.39880135204679795,-0.56497565629009,-0.5581250981943756,-0.26948600325241956,-0.6834888712538563,0.23623234075180932,0.7766746642206932,0.3430388261740938,0.2143118942744291,0.12747950788713386,-0.431001914995983,-0.4857770310177197,-0.5691555166155412,-0.5804241023385351,-0.6401263292077398,-0.08478204338862194,-0.5842935445224122,-0.4880201490164568,-0.587782083923211,-1.0108837013074516,-1.453924195554825,0.24549422927894213,-0.33971200220358816,-0.3211879567033983,-0.41939503217672236,-0.42335274495637276,-0.4078291724922157,-0.6127417682132096,-0.6388123546876049,-0.6656576878722887,-0.6067134279215165,-0.5913854792659871,0.36584107862290305,-0.5772290075306942,-0.6069466383513785,-0.38824112709592484,-0.17172684819164125,0.17542896780495965,-0.37174867290141894,-0.46599470274790644,-0.26265764560383825,0.007241859002565033
0.32953151246123674,0.38538553088955074,0.8805776070106028,-0.8643059633226181,-0.6643568286851712,-0.5824945451110546,-0.7098886459345477,-1.129147862454332,-0.6080854823362947,-0.7379589629762996,2.5924691116435787,-0.48932809532701615,-0.6383047104607502,2.8443428643858777,-0.29306879235347716,-0.7808241180798438,-0.8673621197001059,-1.153388333771143,-0.7993303851333032,-0.8123488307415344,0.1796155374134798,-0.3874463028553624,-0.4848961545873849,-0.40614444686542006,-0.400290373224078,-0.5670261106031255,-0.5608564954793824,-0.7996000804947553,-0.8961550913458038,-1.1955213779976364,-1.4680106626228235,-1.7184702646655103,-1.8476104298068834,-0.4137246498241368,-0.6285001020183745,-0.5347574132816382,-0.5932457633162034,-0.6089831319752573,-0.6542442142452282,-0.6829414158253458,-0.7667437558347928,-1.0985229135836385,-1.3769784825303306,-1.4012031909247504,-1.4009735291303191,-0.3167423889573421,-0.5202530084207276,-0.42193389632235095,-0.5249501669168158,-0.5351317998707305,-0.5301499527464705,-0.6410586753666772,-0.6410070628051906,-0.6709277865632166,-0.6145790942122785,-0.6118422110746878,-0.5416936493006701,-0.713113362360596,-0.6700985143640329,-0.6271144458900104,-0.6468406054394585,-0.5065740635595164,-0.5783784281758126,-0.5641744916069662,-0.4865200241583273,-0.5410252640598336
0.32794786212603255,0.38707228761381485,0.8811029047314559,-0.8777733810637779,-0.7741523323577792,-0.7284417593616471,-0.710327551070923,-1.129147862454332,-0.6080854823362947,-0.7627723789272463,2.484172810447645,-0.49023009543267876,-0.673188061846548,2.885960829993897,-0.2957018439327106,-0.72834111862085,-0.880338871664555,-1.1010228828803559,-0.8341423711298944,-0.9608553239716622,0.011889182457656577,-0.38877507370106285,-0.48490178665893197,-0.4061622793116569,-0.40032781263317146,-0.5670700722804743,-0.5609934629190892,-0.7514078916545429,-0.9288729713599496,-1.2325494914135704,-1.5197315226883423,-1.77066036823107,-1.8625518959234146,-0.4994708613270849,-0.6294897491027369,-0.5354902709296974,-0.5935419002280024,-0.6084231795090764,-0.6533663982906609,-0.6544576361855019,-0.833089287221113,-1.1330796738421582,-1.4045085894584861,-0.957310438026646,-1.4142111957364456,-0.4246322181143552,-0.5205422833442888,-0.4209312992193102,-0.5267519385586107,-0.5353091236068503,-0.529409787844939,-0.6418124933034748,-0.6410198049668828,-0.6710941256825677,-0.6147528144880096,-0.61185523992983,-0.5666269160161735,-0.7129328724032532,-0.6698620731774666,-0.626621819072883,-0.6464733686903273,-0.5319387190069874,-0.5781072687757879,-0.5635687992779606,-0.4856911354109662,-0.5381375662866341
0.29867881205950253,0.4581234566006918,0.854170649849947,-0.6806383768669223,-0.6176814423030923,-0.3233832125541171,-0.6898668805671498,0.2829095021423154,-0.6058168780314219,-0.7245753364479466,-0.11493841825475774,-0.4750745946869702,-0.5395946860078111,-0.48509438425567775,-0.29483022484321664,-1.3581371121287746,-1.3734554463136204,-1.1219690632366708,0.19281121576954574,0.9400277893739735,0.1925175647177739,-0.3859061213669467,-0.4788388530901232,-0.39735673372837077,-0.39702042631754414,-0.5522441581798806,-0.540312247440289,-1.0164649302757107,-1.174257071466043,-1.3683192406053282,-1.6024848987931726,-1.7967554200138498,-2.1613812182540397,-0.5546841321527779,-0.6176998188928063,-0.5011716173189739,-0.5503149061112399,-0.5711216633822369,-0.6001321830714077,-1.6229061439401977,-1.4633718353911551,-1.4671283563411823,-1.6155727425743436,-1.8450959438228547,-0.9177986980067028,-0.4758622164259147,-0.4100321093812047,-0.2950728593819593,-0.2732561874965658,-0.24813667337834946,-0.49880936068991594,-0.5819728047690119,-0.6352463160424309,-0.63108038645626,-0.5841433136164254,-0.5788726834306397,-0.5508928789718216,-0.6666406706337491,-0.6156942248564975,-0.6093798393084594,-0.5908269022997319,-0.38490999262536235,-0.45764053176076036,-0.5430505806661444,-0.473600513509042,-0.4908308798844637
0.0958067438900979,0.7714719175216435,1.014709844172431,-0.39203330989860413,-0.4141879077201988,0.3516975874657673,-0.605568051850343,0.09209093935898471,-0.6357681672093098,-0.6464636048797601,-0.006642117058824206,-0.5865087582144433,-0.06142138694216088,-0.23538659060756106,-0.7579320902857575,-0.37845445556089197,-0.36126879308659154,-0.5878414641506422,-0.9211723361213724,-1.1613390898323346,-0.11068007693313732,-0.20458204754827702,-0.41916063751322274,-0.39531114124408795,-0.3824310493492106,-0.5396152085245228,-0.4987515801976198,-0.6550235139741183,-0.8961550913458038,-0.7141559035904952,-0.5887560415090036,0.029898204780736216,0.049955766992585346,-0.4324073190717221,-0.4478125303228112,-0.45444399395002905,-0.5685624650336392,-0.5630738538861865,-0.6087849779194607,-1.2811007882620697,-1.181403326999294,-0.9948526328080793,-1.1750910317238583,-1.1869101378015274,-1.5465878617977105,-0.4656359625075275,0.48282423424057824,0.2863449342067864,-0.37749796061632424,-0.368045875488037,-0.37586422203786435,-0.19454255270755377,-0.6091604559884399,-0.5854134768488456,-0.514697745174166,-0.4680944182851684,-0.314151585633065,-0.6604009120447789,-0.6113256232417688,-0.5987895473245572,-0.5947801286686252,0.5785142523002514,-0.3259536150399191,-0.5066209759521803,-0.3808970018378729,-0.3086350345039273
-0.08138314973746028,1.053416864220802,1.1623977807105983,-0.6538460022462976,-0.5547667152503585,-0.545420612508879,-0.6847603310117489,0.015763514245652345,-0.6255323125853857,-0.7038587033308271,0.3904443206595984,-0.5627275543570234,-0.6270657988350121,-0.9012740403358722,-0.29283063171505413,-0.4659261213258815,-0.11471050576205892,-0.3260142096967066,-0.5382404901588693,1.140511555234646,0.8053638616717433,-0.33303553924755414,-0.48234420574478676,-0.40532775356028244,-0.3993369033129085,-0.5650096868502086,-0.5498905099451331,-0.38996647535295037,-0.6998478112609291,-0.08467797551961816,-0.16464498897174928,-0.06578365175612305,0.9539144670427259,-0.41992838200391175,-0.5893452137777483,-0.5191833921960004,-0.5843750269618545,-0.602067792433711,-0.6451913679281149,-0.25568472122768593,0.46064857481213106,0.5256448185667885,0.5776591093686984,1.6448194927553452,1.1605149591551538,-0.41610019000796605,-0.4980699128653192,-0.3996008640721634,-0.5257927812725383,-0.5320892398175666,-0.5225691530612211,-0.5201385486807064,-0.6383245868806418,-0.6545156609908936,-0.6000933170954642,-0.5962313647508696,-0.38987301364331417,-0.6958494974060558,-0.6599665006804732,-0.6095498681978573,-0.6111735985725192,-0.48769067142688466,-0.5229316289648768,-0.5491849235197556,-0.4514020258915434,-0.4717212862746251
-0.08212815941412643,1.086873368214419,1.1187188806389905,-0.82782814284087,-0.84824762539872,-0.9267273066007566,-0.707993558917105,2.763550818325615,-0.6073128131168696,-0.7742282900900969,2.3397777421864,-0.4963037114801446,-0.6966622530295086,1.8455116897934114,-0.3057921681074312,-0.7458354517738479,-0.9062923755934532,-1.1638614239493004,-1.408540140073649,-0.2925761044360871,-0.8138405650171654,-0.3803395305573482,-0.48468406632892114,-0.4060882111959022,-0.40013422124952347,-0.5666724409454976,-0.5607137621589589,-0.7273117972344367,-0.8961550913458038,-1.2202067869415922,-1.147341330216607,-0.6746681933543184,0.09478016534217909,-0.5465152112760528,-0.6320560191410097,-0.5375707323625244,-0.594110947082806,-0.6097397489405578,-0.6537382103737372,-1.6229061439401977,-1.446785452544575,0.030331254861339058,-0.3858946331167385,-0.4981110384768828,-0.5471440330351615,-0.5048498550554554,-0.5228075699374909,-0.4240452275217536,-0.5283047800112078,-0.5377703426816015,-0.531651295126413,-0.6361734080883635,-0.64086086886245,-0.6707121011706569,-0.6143161274183533,-0.6104083857821425,-0.5811600210471634,-0.7130728222709101,-0.6692082044286081,-0.6281209440629028,-0.6464119687726037,-0.5498176010967429,-0.5797572090907046,-0.5640620022046171,-0.4878971431838647,-0.5445339410468003
-0.08205123938943187,1.086793308187271,1.1151274049168076,-0.8727176285799276,-0.9280073338024128,-0.9451404664392882,-0.7101792693473754,2.954369381108946,-0.6078486717847927,-0.7817962282449055,2.5924691116435787,-0.4990419948634869,-0.6974438768255793,-1.5671614900641833,-0.3065201784860031,-0.7633297849268459,-0.9452226314868004,-1.153388333771143,-1.3998371435745012,-1.6736864914762755,-1.439588889275429,-0.3882303316021337,-0.48473792980572866,-0.40612123369693814,-0.4003037471652077,-0.5670681128776934,-0.5610296549650001,-0.7273117972344367,-0.9288729713599496,-1.2325494914135704,-1.5093873506752387,-1.7445653164482902,-1.6832543025250395,-0.5725899615737885,-0.6328511875850052,-0.5378585536485583,-0.5945495376981478,-0.6101719402285085,-0.6546420968269272,-0.7968765343847218,-1.0818850299198137,-1.2482688747038906,-1.395331887149101,-1.095070257891575,-0.4015297003677703,-0.5049746008601209,-0.5248095024730423,-0.4241712115895268,-0.528489970767957,-0.5377458807660705,-0.5326600257583377,-0.6414902101878212,-0.6410132472454936,-0.6709780155952408,-0.6145126223963658,-0.6116481879074153,-0.5909944144379231,-0.7136105595249602,-0.6701414252904483,-0.6275927983298317,-0.6485087020201049,-0.5505695706116581,-0.5798046325960443,-0.5644589563148299,-0.48868173805921733,-0.5446565370260648
-0.08282411634640684,1.0873828227545985,1.1122557699461024,-0.8889523285314925,-0.9569698697752302,-0.9494682187122482,-0.710585067246356,-1.129147862454332,-0.6080854823362947,-0.7833219285750607,-1.2340001972794032,-0.5007357537686863,-0.6975930986546637,-1.5671614900641833,-0.3065201784860031,-0.7458354517738479,-0.5559200725533279,-0.7763570873574758,-0.7993303851333032,-0.0029884426373379424,-0.039718926759519796,-0.38967755067390386,-0.48488377359159457,-0.4061788722939005,-0.40034639017505663,-0.5671901705745761,-0.5611267695551089,-0.7514078916545429,-0.9779497913811683,-1.2572349003575263,-0.5991002135221074,-0.6050813886002389,-0.7045882718922427,-0.5786850643048419,-0.6332690042823967,-0.5380162860982209,-0.5944807626148838,-0.6103810268291093,-0.6546812909629277,-0.8538440936644098,-0.6672254587553125,-0.879663431946347,-0.9273200693704602,-0.8501639114650346,-1.1362201970077896,-0.5050776208245329,-0.5248397584218822,-0.42437540779702404,-0.5292229034021234,-0.5378146590061346,-0.5326436570640604,-0.6423963022601228,-0.6410459167360621,-0.6711523036898347,-0.6152922945695898,-0.6121561245186922,-0.593194144518903,-0.7136208197228638,-0.6703612304272356,-0.6277457685580903,-0.6487429789611069,-0.5507041562131743,-0.5798820217751306,-0.5647045939963723,-0.48798824231376264,-0.5450265560735015
-0.08206647452932282,1.0876254201546838,1.1103886918151915,-0.8881522311593123,-0.9667545519547551,-0.956814611092042,-0.7105698554881738,-1.129147862454332,-0.6080854823362947,-0.7836901926640271,-1.2340001972794032,-0.5007357537686863,-0.6978163504171925,-1.5671614900641833,-0.3065201784860031,-0.72834111862085,-0.9322458795223514,-0.5250029230816976,-0.5295374936597215,-0.8569007787105727,1.056953394105478,-0.3896960264734824,-0.4848591025603463,-0.40616658857371113,-0.40031423675987393,-0.567171266604137,-0.5611030300200203,-0.7514078916545429,-0.9779497913811683,-1.2572349003575263,-0.8266719978103902,-0.7877467510796975,1.2602145224316166,-0.5802068486846368,-0.6334550238400661,-0.5381006348392479,-0.5944518300005638,-0.6103536860080737,-0.6547004110746175,-1.0532305511433178,2.3846689850154172,1.2398178639095294,0.632719323225009,1.6524728160811746,1.3259857917317348,-0.5051373838235491,-0.5249117260733707,-0.42434619332614537,-0.5292196205417907,-0.5380240311178885,-0.5333825744697848,-0.6423124478137089,-0.6410310192726,-0.6711091018596593,-0.6151743220789306,-0.612161892053778,-0.5937135386386442,-0.7136275608677355,-0.6702926687172127,-0.6280998594029502,-0.6486199578419599,-0.5510349318630181,-0.5800781682493271,-0.5647221320727094,-0.4871070174673427,-0.5452950199134367
-0.08299603408811314,1.0897910038064869,1.111232847462644,-0.8944472829762229,-0.9740509227852198,-0.9508463221161197,-0.7106761299816323,-1.129147862454332,-0.6080854823362947,-0.7839164236201596,-1.2340001972794032,-0.5007357537686863,-0.6976378604755751,-1.5671614900641833,-0.3065201784860031,-0.8508014506918353,-1.023083143273495,-1.1848076043056153,-1.1213412556017717,-0.24802415646704878,0.2376746602828032,-0.3902103878026179,-0.48484970966486557,-0.4061592289621341,-0.40025878364893175,-0.5671600384498185,-0.5610780076101702,-0.7755039860746491,-0.9615908513740954,1.2853622208699376,0.9111489003910422,0.43872068271095305,1.1929779249072259,-0.5814294368370384,-0.6335631329981412,-0.5380364798327583,-0.5946961814879479,-0.6101751989190979,-0.6547901036068257,0.0006692955309100442,-0.48477524744293193,-0.833587751601654,-0.16565377769149578,-0.4445377751960771,-0.8317538650668808,-0.5047970901125768,-0.5249970759752247,-0.42444186870998457,-0.5293505135648129,-0.5379414411809699,-0.5329924732305485,-0.6426894506660451,-0.6410233414783588,-0.6710335676573999,-0.6151632702334449,-0.6120718744826195,-0.5941164997087374,-0.7136233212263754,-0.6700803309208649,-0.6281995605443006,-0.649136839647369,-0.5507043970579553,-0.5799805367549461,-0.5646785732501929,-0.48752930798893795,-0.5453850748239724
0.4082864400376438,0.32399138912703895,0.6964711824153791,-0.6621235949575383,-0.2942344496683144,-0.6355113047966481,-0.686397427822214,1.8857854295222938,-0.6018723513854698,-0.5853574808408023,-0.1871359523853801,-0.6714714981847141,-0.6527029284951703,2.0119835522254887,-0.2890404638319814,-0.4309374550198857,-0.7116410961267169,-0.9229803498516798,-1.2170742170923976,-1.4509267516310838,-1.6460213261441345,-0.34645441628166207,-0.47666389838928236,-0.4018639157368795,-0.39274798414075424,-0.5586652963147141,-0.555735452091489,-0.2935820976725257,-0.6671299312467833,-0.9733526975020327,-0.16464498897174928,-0.5267962332518995,-0.7643541363583677,-0.2372645067712649,-0.519869857384074,-0.4567721642561192,-0.5738607957993299,-0.5869133239358688,-0.6256040214507109,-0.17023338230815394,-0.6008799273689923,-0.8911823520325203,-1.2117978409613988,-1.5389630107896792,-1.5201125285854575,-0.43223507101186737,-0.5099623594187769,-0.40303918651752485,-0.5105730703287081,-0.514111559429006,-0.5141719504015215,-0.5385730660910608,-0.6343528544757326,-0.6606067092251134,-0.5834094263825499,-0.569070340106178,-0.1235236261833072,-0.6437144591478738,-0.6225876561340546,-0.48799488716412637,-0.3347786218600143,-0.49169766538593296,-0.5557091251127309,-0.5560905407209172,-0.4652214413436234,-0.4958003790199173
0.4006953064712618,0.3537693132354409,0.6946120030525821,-0.8109151921075178,-0.7272291398510973,-0.8413082234134729,-0.7067648489642262,2.954369381108946,-0.6075023673029705,-0.7533131461412995,2.4119752763170226,-0.4918027954249757,-0.689928275082778,2.5530171051297414,-0.30457945840992734,-0.7983184512328416,-0.8933156236290041,-1.1114959730585132,-1.3824311505762057,0.7469693481748074,0.7537557524545669,-0.3761547243327804,-0.4846071654288057,-0.40602226974577915,-0.40022490347261147,-0.5669511974938084,-0.5609051365146934,-0.7514078916545429,-0.8634372113316581,-1.1584932645817023,-1.1576855022297106,-0.6833665439485783,-0.9212395305819459,-0.47058984166040124,-0.6302880698293798,-0.5355823749092492,-0.5937852978954217,-0.6103214620652346,-0.6545973460754142,-0.6829414158253458,-0.7335709901416327,-0.9027012721186934,-0.7804928324202983,-0.8348572648133757,-0.057350368608481916,-0.4824157580166045,-0.524033098690877,-0.4232184589415703,-0.5283700362137106,-0.5374383384580522,-0.5320433855205141,-0.6347696653695969,-0.6409702062027859,-0.6706556098494979,-0.6143273926726301,-0.6112443414525967,-0.5552670121549547,-0.7131995815547705,-0.6702313206260493,-0.6270728543540978,-0.6463789691610055,-0.5450716323716135,-0.5792764410241974,-0.5637929396801463,-0.4871732188254607,-0.543144333097603
0.4021068508445828,0.35741012895690655,0.6903136172251335,-0.8395015791782223,-0.8181356873696217,-0.8843951551214094,-0.7087122614618349,2.8398782434389473,-0.607530307648708,-0.7700868074263216,2.62856787870889,-0.4942180051607281,-0.6939641771077462,2.3865452426976645,-0.3050331888219132,-0.7458354517738479,-0.8933156236290041,-0.8706148989608926,-0.8689543571264856,-0.4559332469892277,-0.5880550871920188,-0.382824835143126,-0.4846373996736532,-0.4061225244090897,-0.4001052831630297,-0.5667839655810921,-0.5608945128466392,-0.7514078916545429,-0.9288729713599496,-1.2448921958855483,-1.5197315226883423,-1.77066036823107,-1.8999055612147426,-0.5280401035889998,-0.6311675348429759,-0.5359751912602173,-0.5939286057424839,-0.6090225954230207,-0.653798962406192,-0.5974900769058139,0.6762715518176717,0.6638718596008674,0.10964729159005761,0.9713270400823593,1.1340396259429009,-0.4946902036362833,-0.5246596019049133,-0.42415224746078706,-0.5284329353593351,-0.5363251845248571,-0.532668105883624,-0.6380610569461732,-0.640918576289945,-0.6708967250198407,-0.6151123107285371,-0.6118091300732353,-0.5762901902081319,-0.7132029764633114,-0.6699050587342468,-0.6266514213079204,-0.6472403555915075,-0.5478393361875868,-0.5793477082986742,-0.5635300787171064,-0.4872492626274732,-0.5412145807101547
0.4035476484831463,0.3535333907672176,0.6912665629307175,-0.8638224756021947,-0.8736232240700696,-0.9083434891524266,-0.709870274217368,2.8017145308822813,-0.6078687338514027,-0.7771717594843205,2.4119752763170226,-0.49715258400225204,-0.6956448233264566,2.5113991395217217,-0.3057224601247733,-0.7458354517738479,-0.5429433205888787,-0.807776357891948,-0.6165674586511994,-0.04011506594486989,-0.5558000189312835,-0.3873022617363661,-0.4848717559389836,-0.406083752605666,-0.4002932815604441,-0.5669080213009264,-0.5609051753825051,-0.7273117972344367,-0.9125140313528767,-1.2325494914135704,-1.5093873506752387,-1.4575197468377123,0.27407775874055407,-0.5549102961624423,-0.6321118141619183,-0.5377283257654125,-0.5941167120684354,-0.6100000868389047,-0.654302203741023,-0.4835549583464379,0.5933396375847715,0.22615289632628416,1.1557913548599605,0.848873866869089,0.18754646360485788,-0.49991451694854,-0.5245553049047741,-0.4243546715786326,-0.5290727609730126,-0.5376335057172719,-0.5322097601663398,-0.6409604397960266,-0.6409388425201895,-0.6708814737047043,-0.6145198101393643,-0.6113859640198145,-0.5845307200880684,-0.7135179826799172,-0.6699449705958256,-0.6282819434718352,-0.6486223169811879,-0.5488932520191869,-0.5797065384615051,-0.5633110881135961,-0.4872411855728881,-0.5434560371756689
0.40068157923164277,0.3648605626053979,0.6903037431721655,-0.8770089463145271,-0.9248401351593216,-0.9285896727653258,-0.7103064024105054,-1.129147862454332,-0.6080854823362947,-0.7815898816889432,2.9534567822966897,-0.49907548582175304,-0.6967521103388327,-1.5671614900641833,-0.3065201784860031,-0.7633297849268459,-0.5299665686244297,-0.535476013259855,-0.7906273886341554,-0.5079105196197724,-0.5493490052791365,-0.388972718655247,-0.4848806587874185,-0.4061150823760553,-0.40016575372139773,-0.5671033824563851,-0.5609446758155419,-0.8236961749148615,-1.027026611402387,-1.3189484227174162,-1.5507640387276538,-1.77935871882533,-1.8700226289816801,-0.5734014007572764,-0.632889933426392,-0.5369150243209009,-0.5931961039942442,-0.6097657325341547,-0.6543452641449118,-0.5405225176261259,-0.11987482481817077,-0.22308498703447224,0.2931813377777599,0.022314947679515407,1.2399409587919128,-0.5033259874584358,-0.5247682902171685,-0.4242445915176543,-0.5286791455035182,-0.5375787028086461,-0.5327010412026673,-0.6421055710807096,-0.6409450336926396,-0.6710206202207193,-0.6144469631488471,-0.6117158275901721,-0.5918861692955328,-0.7133479134447916,-0.6697532132728615,-0.6268199684277045,-0.6459117379597943,-0.5501078496493637,-0.5796558443609879,-0.5641808444799781,-0.4865258579877179,-0.5427233256066046
0.40180693696690883,0.36609683870893756,0.6862088875657252,-0.8844354099487558,-0.9300268571609928,-0.93144417624856,-0.7104926816500211,-1.129147862454332,-0.6080854823362947,-0.7819237361988753,2.448074043382334,-0.49937938119214165,-0.6968851190522858,-0.44347641864765824,-0.3060852318806415,-0.7983184512328416,-0.9322458795223514,-0.954399620386152,-0.9646873186171114,-1.265293635093424,-1.046077056494459,-0.38955898928192484,-0.48490080942867136,-0.40615275658665034,-0.4003103111829703,-0.5668353518007516,-0.5609764554711354,-0.7273117972344367,-0.8961550913458038,-0.9610099930300547,-1.1783738462559181,-0.13537045651020252,0.5056704835467885,-0.5736956911770508,-0.6329092087949212,-0.5380341599718171,-0.59446606504292,-0.6103503043020002,-0.6541203793821034,-0.25568472122768593,-0.07011567627843063,0.13400153563689823,0.10964729159005761,0.5274342871842549,0.578057628485589,-0.5041880458805159,-0.5247089551898224,-0.42426372978674204,-0.527708435820281,-0.5377513609075912,-0.5327505717479496,-0.642541731669082,-0.6409736576132383,-0.6710394076569194,-0.6148323178824668,-0.6118246362176986,-0.5910905490233155,-0.7136057261967786,-0.6700052545281548,-0.6280861353612978,-0.6486397780005023,-0.550094271555498,-0.5796431339236066,-0.5639729796094971,-0.4872080305076227,-0.5433313892202839
0.40235632813181016,0.36200079428307563,0.6831802091498012,-0.8886242047432843,-0.9532298903507944,-0.9219108769995189,-0.7105788888657874,-1.129147862454332,-0.6080854823362947,-0.7831615318904616,-1.2340001972794032,-0.5007357537686863,-0.6964185926601236,1.6790398273613334,-0.30547224289899555,-0.7808241180798438,-0.9062923755934532,-0.9229803498516798,-0.5904584691537561,-0.9014527266796111,-1.0138219882337238,-0.389921746229624,-0.4848763596481719,-0.40615184804765675,-0.4003372378706299,-0.5671463119459864,-0.5610144397317289,-0.7514078916545429,-0.8797961513387309,-0.6771277901745612,0.4456611598013728,0.84754316064117,0.6550851447121009,-0.5787805849400717,-0.6331305198733206,-0.5378545108700642,-0.5946115013909788,-0.6103438976038998,-0.6544598267487155,-0.2841685008675299,-0.5511207788292521,-0.8566255917740005,-0.8722598555141495,-0.9726170846783048,0.7832414608805492,-0.5018133855555141,-0.5249451689321258,-0.42417382588397906,-0.5286254982521245,-0.536827310678874,-0.5328273521916034,-0.6425619507485041,-0.6409989895772075,-0.6710652418201773,-0.614605771453423,-0.6119273886845992,-0.5929276459434546,-0.7135817984145724,-0.6701436716285649,-0.6281001115429159,-0.6488916381764552,-0.5490591104076125,-0.5795277371772406,-0.5643729446166733,-0.4877766859588086,-0.5448524096861745
0.3997384528481521,0.3716368775949619,0.6836349040721282,-0.8908087198689383,-0.9657842055418578,-0.9451860452270102,-0.7106184499476597,-1.129147862454332,-0.6080854823362947,-0.7836569921800396,-1.2340001972794032,-0.5007357537686863,-0.697445516786585,1.9703655866174694,-0.306052006570556,-0.7458354517738479,-0.3872222970154897,1.1611645956016474,0.6018520512294923,1.066258308619582,2.7729230255765924,-0.39011082829728,-0.4849016956931883,-0.40616700505764536,-0.4002443581203021,-0.5671118130023755,-0.5610143386575124,-0.7514078916545429,-0.3399511311053255,-0.7018131991185171,-1.095620470151088,-1.092189021878795,-1.4964859760683988,-0.5807553962622133,-0.6335527504621243,-0.5381650749272665,-0.594613863552961,-0.6101277537198213,-0.6548062113141395,-0.19871716194799793,-0.534534395982672,-0.3613120280685511,0.5134221932030025,1.3769531763513168,1.054613626306142,-0.5044417296285372,-0.5246053774085211,-0.4243210405469979,-0.5290102950173385,-0.5381003671226287,-0.5330451456720711,-0.6426644705342731,-0.6410044977357229,-0.6710056390817997,-0.6142796229608223,-0.6119610492545138,-0.5934985522773227,-0.7136161959753522,-0.6702512742616917,-0.6280330182457798,-0.6493200191645038,-0.5502243831036364,-0.579989183450136,-0.564637211302588,-0.48828572898280104,-0.544680477980697
0.4003541467087545,0.37316026644380645,0.680457277796198,-0.8925974452417422,-0.9633255974403,-0.9405972696086409,-0.7106480882741968,-1.129147862454332,-0.6080854823362947,-0.7835695980070065,-1.2340001972794032,-0.5007357537686863,-0.6972731034385163,0.9299164464169832,-0.30572836381290985,-0.7983184512328416,-0.5688968245177769,-0.8287225382482629,-0.5730524761554605,-0.42623194834320216,2.6310007252293577,-0.3901563601733895,-0.48490348321941074,-0.4061568532192379,-0.4003011530110127,-0.5671111060992581,-0.5609130260124489,-0.6791196083942245,1.4922501496868383,1.3470757432298275,0.7249538041551744,0.16907181428889514,1.1929779249072259,-0.5804581759423932,-0.6335575561304109,-0.5380705885513011,-0.5946436737387212,-0.6102412827667005,-0.6546497931067891,0.313990871569194,0.12892091788053,-0.11941470625891308,0.384948360871611,0.7340740169816483,1.0281382930938892,-0.5042132029190503,-0.5248083834503184,-0.4243603961656172,-0.5289937482991106,-0.5378177814923907,-0.5331940391613432,-0.6427877597202931,-0.6410057462488488,-0.6710430281640719,-0.6141742243929719,-0.6118369925230827,-0.5933148145369354,-0.7136037496840297,-0.6702005044883105,-0.6282074573999741,-0.6492067680901715,-0.5501014075314058,-0.5798145344429715,-0.5644590227979098,-0.4880010938005797,-0.5445172958223561
0.3996784833335844,0.3733009799425768,0.6833591064067773,-0.8952991909003425,-0.9687367564236672,-0.9430620721368428,-0.7106881518158615,-1.129147862454332,-0.6080854823362947,-0.7837557420013139,-1.2340001972794032,-0.5007357537686863,-0.6973675476128796,-0.8180381091198333,-0.30579468343334565,-0.72834111862085,-0.0498267459398135,-0.022294594530141307,-0.3728835566750611,0.4648070110375646,1.7730159094938003,-0.3902533531831335,-0.48491744469843595,-0.40616855006385993,-0.40032130010090683,-0.5670622215175979,-0.5610616544250868,-0.6550235139741183,-0.1600027910275237,-0.08467797551961816,-0.22671002105037188,0.0038031529979564165,1.290097454664679,-0.5809570830959044,-0.6335099127392199,-0.538124087816169,-0.5946415771700297,-0.6103570590197197,-0.6546851954207432,2.9344985984348417,1.2567949514479735,0.7329853801179067,1.3117952941195075,0.6192741670942075,-0.011018535487039252,-0.505072929777641,-0.5242467470342047,-0.4243241079418092,-0.5289200008748336,-0.5375950151924768,-0.5330271069263139,-0.6428650843713861,-0.6410297344382017,-0.6709152488191658,-0.6146324938501446,-0.6119987949761847,-0.5937208531489984,-0.7136253510684878,-0.6700944309815832,-0.6282478516097256,-0.648851749391046,-0.5509540517159008,-0.5795799472094046,-0.5640861822672353,-0.48711390896583817,-0.5433621583318106
0.3966954266875134,0.37963661341638877,0.6879921073851226,-0.894180193360872,-0.977535942981847,-0.9311254675801294,-0.7106722450440088,-1.129147862454332,-0.6080854823362947,-0.7840098940791423,-1.2340001972794032,-0.5007357537686863,-0.6968705516793429,-0.693184212295775,-0.30610169388763375,-0.6408694528558605,-0.8933156236290041,-0.4726374721909105,1.5243696801391589,1.994423891307881,1.585936513581536,-0.39026883049089073,-0.48490267645470325,-0.40616971149152403,-0.40032499882681444,-0.5671099800774773,-0.5609996946371401,-1.064657119115923,-0.8470782713245851,-1.0474089243339006,-0.9301137179414278,-1.118284073661575,-1.0930663909220553,-0.5818239390313966,-0.6334242569368517,-0.5380012549067075,-0.5945908311736495,-0.6102852529113916,-0.6546052449968435,-0.3411360601472179,-0.6340526930621524,-0.9142201922048667,-0.9456734739892304,-0.322084601982807,-0.5537628663382248,-0.5045487320547817,-0.5246837180499669,-0.42400818347566027,-0.5270730178225574,-0.5374019109102207,-0.5314917652576682,-0.6427549953971315,-0.6410301200381404,-0.6708358496334054,-0.6149745730118984,-0.6119690230494416,-0.5939643922997091,-0.7136374552594125,-0.6703398256988561,-0.6282611297732213,-0.6495412631633175,-0.5503922285437285,-0.5792467933799916,-0.5637403720475699,-0.4873114493372752,-0.5446307085220752
0.39780502526081135,0.3743310729856459,0.682276368124539,-0.8951751851572015,-0.9709821171484246,-0.9409973664683964,-0.7106864368805619,-1.129147862454332,-0.6080854823362947,-0.7838263086894184,-1.2340001972794032,-0.5007357537686863,-0.6972887234841042,1.0963883088490611,-0.30586337220672777,-0.4834204544788794,-0.6727108402333696,1.1611645956016474,0.6192580442277879,1.0291316853120502,1.5214263770600656,-0.39023280569882335,-0.48491369858805744,-0.40617189970044854,-0.4002437373208777,-0.5671540885426017,-0.5610862296676619,-0.6068313251339059,-0.8143603913104394,-1.0474089243339006,1.490422533124853,2.639403383058716,2.4480610786958508,-0.5809659699503953,-0.6333770227638009,-0.5381662278936176,-0.5946583804502958,-0.6104922630812489,-0.654834426420058,0.313990871569194,-0.15304759051133088,0.6408340194285208,0.7336630486282453,0.4662077005776198,-0.10368220172992458,-0.5042405213769336,-0.5247407852230257,-0.4243277952332811,-0.5289964392206514,-0.5374879844730651,-0.5324774246455534,-0.6427514992422902,-0.64101602289906,-0.671036368446141,-0.6150496223056156,-0.6118948650138465,-0.5934468211922388,-0.7137663100326511,-0.670246454513106,-0.6280451530278686,-0.6492341927159253,-0.5500906966546797,-0.5799049358175349,-0.5643548135266072,-0.48725914338919785,-0.545098580914271
0.3993612318111024,0.37129283112240447,0.6852814427164379,-0.8958401852082482,-0.9765648534249404,-0.9484703083008964,-0.7106954940234653,-1.129147862454332,-0.6080854823362947,-0.7839847965297483,-1.2340001972794032,-0.5007357537686863,-0.697559854909908,-1.5671614900641833,-0.3065201784860031,2.4556275152247684,2.1691978399809804,1.5172496616589999,0.9064569286996651,0.7469693481748074,0.24412567393495027,-0.3902695419351732,-0.48490821338403506,-0.4061414547154833,-0.4003370924240368,-0.5671558244437082,-0.5610806046220276,-0.22129381441220722,0.7070210293473396,3.1984814140265247,2.93860661495938,2.682895136030016,2.4779440109289133,-0.5815094543774597,-0.6335994657444345,-0.5380843789639898,-0.5946572703430315,-0.6105241238188045,-0.6548536628663079,-0.05629826374877795,-0.4184297160566117,0.9057691814105053,1.0640243317661093,0.9483670701048711,2.2592412874636514,-0.5045671715516485,-0.524927474232568,-0.42437080279627837,-0.5293140012872031,-0.5378799811573335,-0.5331438972105623,-0.6429130641258861,-0.6410034999494696,-0.6710175321826798,-0.6147969146471977,-0.6116623564284714,-0.5936805135942967,-0.7137921248811167,-0.6700990851237082,-0.6281468963275857,-0.6490190813180505,-0.5505026257200343,-0.5801611192052456,-0.564460161251997,-0.48654726673188775,-0.5438381495863865
-1.7166889101101763,2.0338901042198017,1.475059006344745,0.25013226918310666,0.579748334997001,-0.2899784201626556,-0.18629158681196079,1.694966866738963,-0.4836892554147442,0.19708423321528137,1.4734073326189328,-0.09700130956268656,-0.523444774102872,1.5125679649292556,-0.24873900166703555,-0.4134431218668878,-0.7505713520200642,-0.9858188909206242,-1.2605891995881364,-1.5400306475691605,-1.9234149131864575,0.5273555999822296,-0.3239393031302357,-0.3137088809262462,-0.23193394703976544,-0.35135188713373317,-0.35569346988552264,-0.26948600325241956,-0.6834888712538563,-1.0350662198619227,-0.6301327295614186,-1.0139038665304558,-1.451661577718805,1.1277562077332757,-0.1407954055464786,-0.0862993058108441,-0.45688928462377454,-0.4554581821765497,-0.4911391275442673,-0.11326582302846594,0.01281623795446964,-0.5340958293611497,-0.918143367061075,-1.0032303779816223,-1.4936371953732046,-0.24740210820715608,-0.4974066612899368,-0.3704043505852737,-0.4367912306245825,-0.48604657349438407,-0.4875287858048673,1.594932352588691,-0.4796262986786402,-0.5005361313959663,-0.10441708358824196,0.3935602005975168,1.7391228489881296,-0.3741937622410016,-0.40949135752920707,0.1084930146077287,0.7179561968986851,-0.324911356546312,-0.48210749240951534,-0.5194531013250432,-0.4072547799238634,-0.3468680324586016
-1.7003444454205119,2.0243125393905252,1.4825684346715668,-0.5049637100139206,-0.46453045677164406,-0.738045747998879,-0.6462446888751044,2.8398782434389473,-0.597985834839504,-0.6687807899602951,2.5563703445782675,-0.46793711680717853,-0.6749600408064743,2.885960829993897,-0.30257905730870305,-0.7808241180798438,-0.880338871664555,-1.1219690632366708,-1.36502515757791,-1.6588358421532627,-2.0330821452729575,-0.15681800875523635,-0.480181890828529,-0.4045157851928796,-0.3982763748244488,-0.5655840524582857,-0.5589456156706325,-0.7755039860746491,-0.8961550913458038,-1.2078640824696143,-1.4783548346359274,-1.7271686152597703,-2.071732421554852,-0.16115052523173315,-0.6200745085195863,-0.5302881266743772,-0.5891071311030208,-0.6069839951805788,-0.6521863274934109,-0.6829414158253458,-0.7335709901416327,1.0094394621860645,0.8529601786502518,0.4662077005776198,-0.1764893680636202,-0.43458405907171316,-0.5234546756884432,-0.42412010034424197,-0.5281726252543562,-0.5372395692198333,-0.5310780018801647,-0.5018978384977333,-0.6403553353945503,-0.6701288524461709,-0.6124212517292539,-0.6068173332367209,-0.4580500282233151,-0.7116183363324412,-0.6691525448729807,-0.6258795905710638,-0.6428841494625309,-0.5340014874738213,-0.5797058425773403,-0.5632176275108395,-0.4861551174516849,-0.5424866970677854
-1.6986925310498215,2.0222612394748674,1.4861424742958937,-0.6494330583530968,-0.6600711508475674,-0.8208353063881499,-0.6838658534116159,2.954369381108946,-0.600408757515821,-0.736800617983661,2.5924691116435787,-0.47764010697149406,-0.6875546089439609,2.7611069331698386,-0.3021501147601917,-0.7633297849268459,-0.9192691275579022,-1.1638614239493004,-1.408540140073649,-1.6811118161377818,-2.0524351862293986,-0.287794098629796,-0.4809259613611835,-0.4043851862022107,-0.39783136193671664,-0.5639638982623649,-0.5589133093161699,-0.7514078916545429,-0.9288729713599496,-1.2448921958855483,-1.5093873506752387,-1.76196201763681,-2.10908608684618,-0.4006700546334738,-0.623310433026611,-0.5313372319554978,-0.5894270500502006,-0.6069046640360675,-0.6509440628160532,-0.6544576361855019,-0.816502904374533,-1.0985229135836385,-1.4228619940772562,-0.9190438213974991,-0.838372698369944,-0.47243445855309196,-0.5229625227246041,-0.4234885278925212,-0.5278448639741847,-0.5357028196726163,-0.5311098347042573,-0.5809773547922407,-0.6401355904774675,-0.6694912150998699,-0.6112071051803648,-0.6045349656263062,-0.5346537280316668,-0.7118449149239645,-0.6684714724806465,-0.6241663582874495,-0.6412067599457103,-0.543102220657785,-0.5788774900677173,-0.5645005258207301,-0.48684454528536236,-0.5441574743082632
-1.698536381025548,2.021460033328123,1.4847477216309721,-0.7406861291919677,-0.7779059464698724,-0.8830921983338863,-0.6992903517842716,3.0688605187789446,-0.604789386919357,-0.763455225326871,2.6646666457742008,-0.4906986743983645,-0.6938612087595214,2.7611069331698386,-0.30488981367506285,-0.7633297849268459,-0.9322458795223514,-1.174334514127458,-1.408540140073649,-1.6885371407992884,-2.0588861998815453,-0.34654271091276145,-0.4831216751344023,-0.40533192644933336,-0.3989634120753509,-0.5656468788691867,-0.5598694732392496,-0.7514078916545429,-0.9452319113670226,-1.2572349003575263,-1.5300756947014462,-1.77935871882533,-1.6384299041754458,-0.5026647082453924,-0.628816510364435,-0.5347431704169316,-0.5926122168698931,-0.606824168793096,-0.652192032379828,-0.6544576361855019,-0.833089287221113,-1.110041833669812,-0.8171996416578388,0.029968271005344795,0.7038154612437905,-0.492219272566564,-0.5246996312320007,-0.4237011173816924,-0.5286430791748727,-0.537301079800899,-0.5328180091463851,-0.6166087032466558,-0.6404590655122956,-0.6705102490029944,-0.6134556446742587,-0.6082853560410134,-0.5681738522360962,-0.7123700826495494,-0.6698700247559392,-0.6262861970181652,-0.6445494630123861,-0.5478397286743413,-0.57985276087663,-0.5643306501789843,-0.4874032768645229,-0.543145049960993
-1.6986760532289984,2.021934903519269,1.484188919948933,-0.7925158151989381,-0.8465363661135529,-0.9095824874687042,-0.7051762812756621,3.0306968062222785,-0.606304142267166,-0.774011796734385,2.62856787870889,-0.4954014259045173,-0.6957208380241463,2.8443428643858777,-0.3055840506298009,-0.7633297849268459,-0.9452226314868004,-1.1638614239493004,-1.4172431365727969,-0.7455209087879768,-1.2138034114502823,-0.369274328719442,-0.48374543575033097,-0.4057967105192319,-0.3997750126194978,-0.5663128198889381,-0.5597750193929308,-0.7514078916545429,-0.9452319113670226,-1.2448921958855483,-1.5197315226883423,-1.76196201763681,-1.414307912427477,-0.5430481836632416,-0.6305327765339641,-0.5371882429085502,-0.5932386155548933,-0.6095974281472042,-0.6540916450115873,-0.7114251954651899,-0.8828484357608531,-1.110041833669812,-0.6887258093264472,-0.9649637613524753,0.9222369602448772,-0.499221264099287,-0.5245978900062985,-0.42317814054485203,-0.5282517679566847,-0.5377352486622835,-0.5329775472030577,-0.6303919716979448,-0.6406899371797169,-0.6707722331768586,-0.6143344369579248,-0.6105773096432925,-0.5810197403392156,-0.7132247915415001,-0.670034214167306,-0.6277813524520117,-0.6469935662440549,-0.5494168878307765,-0.5798361346020922,-0.5642995528183378,-0.48726779107479307,-0.543996848337737
-1.6977151742607706,2.0221513782159612,1.4839217940923486,-0.8258827536050599,-0.8974749067912553,-0.9151919652872851,-0.7078635159084385,2.992533093665612,-0.6072585919173233,-0.7794826559697828,2.7368641799048232,-0.49865694263642657,-0.6960515271771346,-0.27700455621558057,-0.3063786992304611,-0.7633297849268459,-0.9192691275579022,-1.153388333771143,-1.3824311505762057,-0.7232449348034578,-0.762232455799989,-0.37965696897072865,-0.4845323790783087,-0.40594544470683575,-0.40012780012862614,-0.5662376691138136,-0.5609449849994821,-0.7755039860746491,-0.9452319113670226,-1.2572349003575263,-1.5300756947014462,-1.77066036823107,-0.2115198900467115,-0.564056444642596,-0.6325154153532013,-0.5374796216087191,-0.5943444146687874,-0.6101838653740007,-0.6545548810045703,-0.6544576361855019,-0.6672254587553125,-0.8681445118601737,-0.42260144235427893,0.1294614742411268,0.8229544606989287,-0.5020616099540958,-0.5245273915574372,-0.4241227050266743,-0.5279914812004015,-0.5376122064816002,-0.5325797593813922,-0.6362538320765129,-0.6408542642934871,-0.6709851745364225,-0.6144156426972411,-0.6114050909846089,-0.5887164699699325,-0.7135918538356676,-0.6700792597295772,-0.6279457805226001,-0.6470248614852256,-0.5495130672750113,-0.5795588609828183,-0.5640629958133128,-0.48592554552749706,-0.5441837683716287
-1.6976193659136856,2.0214006637350286,1.483863462721322,-0.8449502815678388,-0.9200682287691252,-0.9290595592964852,-0.7090115577913191,2.8780419559956134,-0.6075512681164392,-0.7812642798454735,2.448074043382334,-0.4994972457245363,-0.6967743978666914,-1.5671614900641833,-0.3065201784860031,-0.7633297849268459,-0.9322458795223514,-1.1638614239493004,-1.1474502450992152,-0.9608553239716622,-1.3492746981453703,-0.38403160981124324,-0.4846938363955974,-0.40606945252511567,-0.40019422637992963,-0.5665518621155214,-0.5599985709261728,-0.7514078916545429,-0.9288729713599496,-0.8746110617262088,-0.8473603418365977,0.83884481004691,0.19937042815789785,-0.5713444649071351,-0.6328092602042938,-0.5376568519474667,-0.5945397547861071,-0.6102559046436853,-0.6542871243372534,-0.6544576361855019,-0.3354978018237115,0.5026069783944419,0.6786028347719346,0.16007476754444436,-0.21620236788199962,-0.5030626351642472,-0.5248962038277052,-0.42407004019678135,-0.5288875699742752,-0.5375601126968061,-0.5326372369396595,-0.6391709922224895,-0.6408509275280451,-0.6708812903795045,-0.6146269820583276,-0.6117160856852195,-0.590778248809331,-0.7135323646057626,-0.6700067707986197,-0.6282416043486541,-0.648528262723987,-0.5503872146102735,-0.5797227777841303,-0.5642258761251032,-0.4861534995402071,-0.5426738597921252
-1.6962364908952843,2.018993111227203,1.4864835891536088,-0.8671056578812121,-0.9429626155298616,-0.9292671777560115,-0.7099914662956485,3.0688605187789446,-0.6079107798491599,-0.782665369473666,-1.2340001972794032,-0.5007357537686863,-0.6967841962763449,0.4721188247287694,-0.30598900682125285,-0.7808241180798438,-0.9322458795223514,-1.174334514127458,-1.3998371435745012,-0.7900728567570152,-0.7944875240607243,-0.38761452947760205,-0.4848146417933857,-0.40614464351894697,-0.40027207768995526,-0.5669406652093424,-0.5609457033945753,-0.7514078916545429,-0.45446371115483575,-0.849925652782253,-0.4749701493648622,-0.1875605600757621,0.005131368642991599,-0.576610109726451,-0.6334111138844047,-0.5381215835557164,-0.5945924354661363,-0.6103657572489973,-0.6545833914369044,-0.7114251954651899,-0.8828484357608531,-0.4073877084132441,0.2931813377777599,-0.03125831560129029,-0.586857032853541,-0.5040149671705058,-0.5241287992636474,-0.42379022807572,-0.5287445607027551,-0.5373432959573826,-0.5319705800567168,-0.6414113338384175,-0.6409752011583097,-0.671005509509912,-0.6149740528945274,-0.6115016762426538,-0.5925025942130417,-0.7136431897326596,-0.670078473064917,-0.6283112304462019,-0.6486106058118305,-0.5501984818204088,-0.5794231184578768,-0.564251864175071,-0.4867075840583299,-0.542547594957765
-1.6934757115822079,2.016498502275534,1.4899924941749283,-0.8741514630539037,-0.9508449761536487,-0.9326089657195166,-0.7102233359122709,-1.129147862454332,-0.6080854823362947,-0.7830535794058093,-1.2340001972794032,-0.5007357537686863,-0.6969377531331141,1.3877140681051972,-0.3058197110953387,-0.7633297849268459,-0.5559200725533279,-0.8706148989608926,-0.8341423711298944,-0.5821637662348363,-0.42032873223619555,-0.38853811662831383,-0.4848975587642206,-0.4061428070853913,-0.4002970425540307,-0.5670061368622794,-0.5609955017369661,-0.7514078916545429,-0.9288729713599496,-1.2695776048295042,-0.08189161286691918,0.25605532023149447,0.22178262733269472,-0.5783502209550567,-0.6335033049644074,-0.5379828607494471,-0.5946218343728392,-0.6102729498637365,-0.6545522951705076,0.02915307517075404,-0.4184297160566117,-0.44194446867176385,-0.6979025116358323,-0.8425105881392052,-0.8052785318546278,-0.5044076910674271,-0.5248523144928101,-0.42403267656717775,-0.5289685552610256,-0.5363209039317246,-0.5324001706633504,-0.6418780653696979,-0.6409749755234365,-0.6709654482112823,-0.614979016194176,-0.6119893366524847,-0.5929483052575988,-0.71363471477243,-0.6699823341796477,-0.6275873367275842,-0.647804420615267,-0.5502948121250877,-0.5793167128725449,-0.5644218246738197,-0.4861178908600354,-0.544249324635751
-1.6939433103865047,2.0168075934550216,1.4921834858234426,-0.8792909090090605,-0.9642879810366991,-0.9370020772104526,-0.7103681921859708,2.496404830428953,-0.607960423480377,-0.7836043660692572,-1.2340001972794032,-0.5007357537686863,-0.6971277113102243,0.8466805152009442,-0.3061130705282266,-0.7633297849268459,-0.20554776951320253,0.4385213733087853,-0.024763696709149217,-0.4559332469892277,-0.32356352745398986,-0.38929258107781517,-0.48489242524410003,-0.4061358030492337,-0.40015467638162366,-0.5667104379294785,-0.5608960554250516,-0.8718883637550737,0.036304489057351,1.050850835902356,0.4766936758406841,0.2386586190429746,0.08730943228391347,-0.5806394112026979,-0.6334686879189289,-0.5380135382691259,-0.5946099562557732,-0.6101085119550381,-0.6539241973378733,-0.6544576361855019,-0.816502904374533,-0.6147282699643625,-0.5969587862325961,-0.8960838514200109,-0.10368220172992458,-0.5045940423256434,-0.5244759303596853,-0.4243127110518626,-0.5288152284341181,-0.536855068738121,-0.5326123036867633,-0.642290108951621,-0.6409398106328794,-0.6708824049846783,-0.6147949304324785,-0.611696494361216,-0.5940428544624077,-0.7135927549597365,-0.6697760170393756,-0.6277175253394817,-0.647087531871306,-0.5503888842601414,-0.5797284224759781,-0.564252591688486,-0.4863547564014983,-0.544242214754795
-1.6946847781016852,2.017893497089231,1.4914814250069184,-0.885199650039244,-0.9696268844456551,-0.9415237211072589,-0.7105094246114418,0.8172014779356416,-0.6081404456667513,-0.7837841850388773,-1.2340001972794032,-0.5007357537686863,-0.6973091018349016,-0.693184212295775,-0.30610730153576926,-0.7808241180798438,0.8196156356782752,0.27095193045826654,0.18410821927039794,0.5167842836681094,0.6956966295852436,-0.38976891830917465,-0.4849171713102278,-0.40616333664761506,-0.40004682021610577,-0.5671426948021774,-0.5610065393249019,-0.7755039860746491,0.6088673893049023,0.33497397652763317,0.3008427516179201,1.1867788338173073,0.9090900686931321,-0.5807634528627134,-0.6335662858937458,-0.5381962563516246,-0.5945619885258725,-0.6104548659747973,-0.6548605581822474,3.13388505591375,1.4392451627603542,0.5602015788253082,0.5593057047499281,-0.0006450222979727492,0.8957616270326243,-0.5045187734017286,-0.5246535541862603,-0.4242311442215999,-0.5292359543924813,-0.5378159331388633,-0.5331321216871309,-0.6425912714913635,-0.6409468842705418,-0.6709729008986153,-0.6150283788405462,-0.6116637823182992,-0.5937161326361912,-0.7137173106220133,-0.6702402972554099,-0.6282996268064686,-0.6491185981577121,-0.550852973442043,-0.5794800600605635,-0.5642990459456644,-0.48682022568501787,-0.5435081894699673
-1.6946068271437555,2.017026860535991,1.4947619226002948,-0.8902168135895591,-0.9789218584474744,-0.9427863474575149,-0.7106080960913902,-1.129147862454332,-0.6080854823362947,-0.7840444445998902,-1.2340001972794032,-0.5007357537686863,-0.6973571941431312,-0.6515662466877555,-0.30578504643712895,-0.8333071175388375,-0.9581993834512496,0.8574449804350822,0.41038612824824067,0.8880505167434288,0.8182658889760375,-0.39006254564765214,-0.4848974797735695,-0.40607463880026406,-0.40029389838112084,-0.5671163719423664,-0.5610174861042471,-0.9923688358556046,-0.6834888712538563,-0.9856954019740107,-0.8887370298890128,0.6561794475674514,0.5131412166050541,-0.5816569789399181,-0.6335977829377523,-0.5379812105683661,-0.5945679942024711,-0.610461814815315,-0.6548499108029886,-0.5690062972659699,0.6596851689710916,0.32982317710184333,0.20141431468390875,-0.28381798535366004,0.4324432958181977,-0.504998173430236,-0.5245044798681201,-0.4243802644663922,-0.5293216347042239,-0.5379002168787075,-0.5331823349002929,-0.6427855068675145,-0.6409855306436757,-0.6708882808852781,-0.615124831791685,-0.6117037158462838,-0.5941839574471978,-0.7136800973587936,-0.6702759910875696,-0.6284816909396909,-0.6492597963696518,-0.550962382387276,-0.5795499959944433,-0.5643677782478175,-0.4862376640191396,-0.543641550041922
-1.6936715354250735,2.01665688919686,1.494437959285596,-0.8901603588633219,-0.9781424468665696,-0.9482704302767702,-0.7106070943738065,-1.129147862454332,-0.6080854823362947,-0.7840251975747468,-1.2340001972794032,-0.5007357537686863,-0.697553112406389,-1.5671614900641833,-0.3065201784860031,-0.7633297849268459,2.104314080158735,2.2294197937737046,1.9769254980948443,1.29644337312628,0.7537557524545669,-0.39013595129557754,-0.4848444183890847,-0.4061593083921659,-0.400275387150235,-0.5670493461183403,-0.5610112761368006,-0.7996000804947553,-0.1272849110133779,-0.17107690682346402,0.45600533181447656,0.35173717676835375,0.6550851447121009,-0.5816725733660205,-0.6335956091375273,-0.5380581673664718,-0.5944914912379992,-0.6104017804841952,-0.6548955654912563,2.792079700235622,1.6714545226124748,1.4471584254606478,1.366855507975818,0.6728474303750132,0.96856879336632,-0.5049171538527102,-0.5248456489293026,-0.42438088603580104,-0.5290979120616638,-0.5381220409721309,-0.5331007461800994,-0.6428180731138958,-0.6409885755126993,-0.6707729521644984,-0.6146465106008996,-0.6114021006276226,-0.5940935260104588,-0.7136424755455408,-0.670335024317982,-0.6286201024682131,-0.6494902871579152,-0.5510635593244576,-0.5798762972449745,-0.5640404427739609,-0.4865147472823442,-0.5436944710706425
-1.3531598748702431,2.0023177197860433,1.3120689957201146,-0.6897107253065883,-0.7528943081677656,-0.6351528355607552,-0.6914699093680634,0.24474578958564924,-0.6184010691256452,-0.7586987775253013,-0.36762978771193583,-0.48793561857908296,-0.6526121906677081,-0.7348021779037943,-0.3108260908653839,-0.3959487887138899,-0.6727108402333696,-0.45169129183459567,0.6714760232226746,0.13066740126977708,-0.4525838004969308,-0.3522966986841117,-0.47851062512349046,-0.4055256866180768,-0.39869243277530725,-0.5643334513135113,-0.5533565194957971,0.019667129788854487,0.4779958692483191,1.6433006505572991,1.2525065768234664,0.9867167701493288,2.888834329133523,-0.5667341336308508,-0.6160569049879682,-0.5341311406777919,-0.5889634762948234,-0.5941708265517176,-0.64406890158081,-0.05629826374877795,0.7923762317437321,1.6314611468394196,1.1833214617881158,0.7799939569366245,1.802541789552288,-0.4328394103742555,-0.514062073811207,-0.41708675270738,-0.5154958816527403,-0.5302089719176988,-0.5218290088130343,-0.5481430795267341,-0.6385093694363941,-0.6599671984107223,-0.5767736830876411,-0.570047322828418,-0.5710681537538397,-0.6978391753968907,-0.6445463280653253,-0.5329095862421612,-0.5772452715523768,-0.49064006921472864,-0.5591427497228836,-0.5450883871549872,-0.4641017438396971,-0.4924127573472772
-1.3509848538543943,1.9885316691501413,1.3414731287045527,-0.8327628235835949,-0.9317679003439372,-0.8401659367695486,-0.7083102651236379,2.6872233932122827,-0.6077761782753595,-0.7820311199140153,1.2929134972923773,-0.5005211389424056,-0.6898035741247722,2.4697811739137023,-0.3059453964176803,-0.7983184512328416,-0.880338871664555,-1.0591305221677263,-0.9298753326205201,-0.6415663635268875,-0.9622138790165475,-0.38321407164260607,-0.4846084907915124,-0.406062544837859,-0.40013015445826916,-0.5666128190198731,-0.5605616978950431,-0.6068313251339059,-0.5362584111902002,-0.8992964706701648,-1.1266529861903993,-1.3879329420836328,-1.772903099224227,-0.5783246831809715,-0.633151263932904,-0.5372550859064552,-0.5930174302626191,-0.609815297605008,-0.653868763842359,-0.6829414158253458,-0.5511207788292521,-0.7759931511707878,-0.4042480377355087,-0.8272039414875464,-0.64642653258111,-0.48642238115539194,-0.524029161295325,-0.4237899807571041,-0.5277336447374358,-0.5369381493903256,-0.5323383888104871,-0.6377231261072576,-0.6408447438767035,-0.6702970748931958,-0.6131444014896084,-0.6108588999266931,-0.5910601541648456,-0.7128741024035194,-0.6697801966158653,-0.6266046222335734,-0.6480022132514073,-0.544446008853487,-0.5791109035467273,-0.5630768644618978,-0.4821760580146104,-0.5402962352305315
-1.6251552205881872,1.8392495527227664,1.600605292049489,-0.6115949286085117,0.14069648665949588,-0.10094201133563309,-0.6755765409214072,0.5500554900389785,-0.609700301101159,-0.270110584849317,-0.5842223901038027,-0.35629587629045006,-0.4173178749134396,-0.23538659060756106,-0.1928304084472871,-1.3581371121287746,-1.334525190420273,-1.4361617685813934,-0.5295374936597215,-0.40395597435868297,-0.9428608380601063,-0.38603177331286703,-0.4700483601662874,-0.3946661742915406,-0.3769817755508867,-0.5519086900921467,-0.5410594338037983,-1.5706751019381526,-0.9452319113670226,-0.3685601783751117,2.007631133780041,1.5086178058049249,1.4469828488882572,-0.5424399240184189,-0.5049163464660138,-0.11980752363237268,-0.5794985861313388,-0.5883074247508279,-0.6420528856549015,-1.6229061439401977,-1.496544601084315,-1.0639661533251188,-0.4776616562105896,-0.023604992275460906,0.2404971300293638,-0.4723682278061039,-0.44728885595597717,-0.14294050113650844,-0.29612954055883817,-0.524147163440784,-0.5093923267025529,-0.5578416867414198,-0.6199421119918546,-0.6462656759398008,-0.5859968603793348,-0.5701663940646958,-0.26889124538984593,-0.07596272375194707,-0.5870517448651066,-0.5223643404692754,-0.5234295560237805,-0.3025548065377644,-0.30201439883659725,-0.521846782187445,-0.36080624158251523,-0.4915028806691783
-1.948847446048658,1.730892026752053,1.883509313795599,-0.20142275975559212,0.6610066877394914,0.6557837330861973,-0.5144825479636563,0.053927226802318526,-0.7368585246139758,0.2999640587077143,-0.2232347194506911,-1.5013411139565787,0.25830830538146216,1.720657792969353,0.12642864784035104,-1.3581371121287746,-1.2436879266691294,-1.3419039569779767,-1.460758119068536,-1.0425338952482324,-1.046077056494459,-0.37159076723908885,-0.23148787469555282,-0.3477825159885186,-0.3319842908851441,-0.47988643670406417,-0.5231945335042222,-1.5706751019381526,-1.2887696515155533,-0.9610099930300547,-1.1266529861903993,-1.2922510855467737,-1.6309591711171803,-0.47491157670627854,0.9203841269142554,0.018394732259853733,-0.18141521750354214,0.15660408116968513,0.1220120495925002,-1.6229061439401977,-1.2145760926924543,-0.5340958293611497,-0.8630831532047644,-1.1869101378015274,-1.4737806954640147,-0.37190551921971465,0.9039737085271007,-0.08107520040915774,0.14191760201982725,-0.16583380144876703,-0.39680462799295035,0.33657470475217216,-0.6017586592721911,-0.6210487139284248,-0.5313038668221713,-0.4873123389806671,1.6328317725120949,-0.03952827618779827,-0.5504005519098506,-0.4760216920402528,-0.4250074274698419,1.038982027978247,-0.22621395176723758,-0.48724513382607637,-0.26136543997353257,-0.29149805730834555
-1.9352465292647187,1.8360271062332365,1.8137514487003168,-0.6821083036953647,-0.5402297618631211,-0.29665658028293823,-0.690130939765746,2.763550818325615,-0.6033069038547239,-0.6986348815488469,0.9680245937045766,-0.5013595060582748,-0.5267359490586758,0.9715344120250027,-0.34382634135261275,-0.7458354517738479,-0.9581993834512496,-1.153388333771143,-1.1387472486000674,-1.4435014269695774,-1.6073152442312522,-0.3290204825538833,-0.4771922126347243,-0.4049843600379416,-0.3990700658066749,-0.5633176044816547,-0.5585546760276048,-1.5706751019381526,-1.5832305716428652,-0.9239818796141208,-1.1783738462559181,-1.4401230456491925,-1.7654323661659614,-0.5639347395037899,-0.5008333660887531,-0.46893070028359435,-0.5812841105332012,-0.5792054097578513,-0.6334946088723175,-1.6229061439401977,-1.479958218237735,-0.7759931511707878,-1.0925007109393923,-1.4012031909247504,-1.8047223606171767,-0.46717669146050783,-0.2747940138318999,-0.3484711605733176,-0.47780977940880714,-0.5228911148638848,-0.5208059681250168,-0.5802019760765298,-0.6400869222206114,-0.6668729029454269,-0.6105030471307964,-0.6090635699854763,-0.44233045555798434,-0.6811643992338468,-0.6581686966690613,-0.610578487683435,-0.6344879543750749,-0.33193776472256414,-0.5357617023177658,-0.558094501363363,-0.4805015482045318,-0.5299249707919077
-1.9362184388763344,1.9938162162092004,1.68257013534423,-0.5971247424973397,-0.4860930967626981,-0.4570534559225308,-0.672113092128449,-0.06056391086767981,-0.6062811780702798,-0.6777377624204487,-0.2232347194506911,-0.4356877548669022,-0.5963930030529265,-0.40185845303963874,-0.318075280969742,-0.7458354517738479,-0.9452226314868004,-1.080076702524041,-1.1822622310958064,1.467225840340927,2.3471561245348878,-0.362117503159389,-0.46761402354941106,-0.39062962360876097,-0.37246271680824694,-0.5550645953811546,-0.5429480520999604,0.04376322420896066,-0.27451537107703394,-0.7264986080624731,-0.24739836507657942,-0.5180978826576396,-0.6149394751930553,-0.5246967337024289,-0.5720443835624192,-0.4245669488096769,-0.5578453816818424,-0.573512189941612,-0.6120193231183627,-1.1101981104230059,-1.0487122642266538,-1.0409283131527725,-1.2209745432707837,-0.9802704080041341,-1.1891708634322955,-0.4882451160594359,-0.439899370677398,-0.3389068301057794,-0.3772149490288911,-0.5093458376392258,-0.45018105283222937,-0.5525192348125528,-0.6254648727627292,-0.6301032493486108,-0.3824850119329146,-0.5683651392307149,-0.4821174928737678,-0.6266889128055457,-0.5984083523012871,-0.5192136156013792,-0.5686477475528843,-0.4409822750631811,-0.5069900019062931,-0.5253965776672268,-0.3867607069222045,-0.46102677612602005
-2.352261296217443,1.530396924872809,1.9892607483183862,-0.2894239272175426,1.430642723766179,0.8779613768748581,-0.5600353883679299,-0.3658736113210091,-0.5640726672273819,1.5286102836448434,-0.5481236230384915,-0.8897151943958753,0.5328888411251304,-0.1937686249995416,-0.157586798648133,-0.5009147876318774,-0.724617848091166,-0.14797167666803038,-0.4251015356699479,-0.15149493586746574,0.42475405619506756,-0.26022898377739134,-0.4563729450833373,-0.3532287708163815,-0.30864004144778934,-0.47405163211945234,-0.3890834744294426,0.06785931862906683,-0.29087431108410683,-0.07233527104764018,0.042238451290325996,-0.19625891067002205,-0.6821760727174458,2.1857271926362176,0.27919471600822077,1.0356112856005335,0.05311453793588165,0.01297375314914712,-0.07150427170412303,-0.22720094158784193,-0.501361630289512,-0.16549038660360604,-0.4134247400448938,-0.7277107382517644,-1.0501753640679676,0.16871751960631048,0.03412499959349624,0.22587422997518886,1.6520945944712881,0.5062106989005887,0.30009579832340544,-0.37982071125932254,-0.5687513128409223,-0.3813435744335824,-0.025927397902585008,-0.37490738384927613,2.964108292179514,1.3503601916629995,-0.4092912245042705,1.176156598151051,1.6297015954821685,0.30449811943755917,0.9419356661161099,-0.4163174693449829,-0.2243412639078746,0.6003500429646672
-2.717225181038949,0.45079942141765217,2.5078190438714674,-0.3191290581312674,0.912077384558918,1.040147518320808,-0.5740564892287349,-0.3658736113210091,-0.5594222320538612,0.6502309625059423,-0.5842223901038027,-0.16327375318055712,0.7551732067673639,-0.9012740403358722,-0.32708945375221815,-0.5184091207848752,1.0531971710383587,0.5956177259811467,0.6279610407269356,0.20492064788484096,0.6505395340202142,-0.2545220510844145,-0.4420982831496523,-0.38324149316760475,-0.3412281684759674,-0.49848656208044456,-0.4649203282662735,0.04376322420896066,-0.29087431108410683,0.026406364728183668,-0.16464498897174928,-0.3441308707724409,-0.8091785347079615,0.5366956260355317,-0.4187280228414493,0.7178680961855728,0.41070721631268114,0.38054463667831734,0.13773074423713333,-0.17023338230815394,-0.5842935445224122,-0.9833337127219062,-0.5143684654481301,-0.8884305280941814,-1.2685968630690545,0.07570120360830498,-0.025572763789543745,0.34300481374884767,1.273591175816402,0.8715975658168641,0.3294014700925227,-0.4167348391380617,-0.5754103083213647,-0.4133545809173053,-0.29648524789433894,-0.44765906306554887,0.5475432836644719,0.8344641405022034,-0.2997115423947427,1.6889739305512288,1.9229413828611979,0.5575074971665445,1.1185760966381202,-0.42392082133328723,-0.263894886775754,0.7201549776798901
-2.7415430942544337,-0.13681325153654253,2.6840801326357386,-0.668884138129917,-0.08609191927532271,-0.5423293212520833,-0.6876950794018628,-0.44220103643434144,-0.603874642282616,-0.4528161350736051,1.798296236206733,-0.41771118740719665,-0.6260851685633757,-0.8180381091198333,-0.2411552732914891,-0.72834111862085,-0.6208038323755732,-0.8601418087827352,-0.7993303851333032,-1.1613390898323346,-1.5170010531011935,-0.3623121681570321,-0.4805981553085496,-0.4021502506284551,-0.39229105200318504,-0.5526136530507683,-0.5416671859237482,-0.5586391362936936,-0.6834888712538563,-0.9610099930300547,-1.3438805984655784,-1.5618999539688316,-0.7344712041253052,0.10875503217222522,-0.5477079225729817,-0.44110586320319567,-0.4305519678262355,-0.5151218705332467,-0.6054209813480654,-0.6544576361855019,0.19526644926685022,-0.39586878832707084,0.3207114447059152,-0.1384048421629017,-0.7258525322178689,-0.34024251415396356,-0.5206571203549556,-0.4182076453412253,-0.509087210503575,-0.5139463107528796,-0.4988964220651551,-0.596322553713191,-0.6306482328357307,-0.6447151651765471,-0.6036130251311393,-0.5904750533836075,-0.030821532667717554,-0.6178647753783238,-0.6065697891293836,-0.45149012297406865,-0.10825797303664579,-0.5077704764111881,-0.5586230318119997,-0.5293405294555663,-0.4632572099348381,-0.42817818097928007
-2.7594751238311805,-0.17907605465768567,2.6917202735998673,-0.8007118439308404,-0.40244097935719964,-0.7666770431865877,-0.7059163295755021,3.0306968062222785,-0.606552894157918,-0.6409729770811503,2.5563703445782675,-0.4307934191715329,-0.679859024119534,3.1772865892500337,-0.2994941611374435,-0.7633297849268459,-0.9452226314868004,-1.174334514127458,-1.3998371435745012,-1.7256637641068202,-1.6718253807527226,-0.37416803461044634,-0.48378264615945404,-0.4058836427820877,-0.399662799912102,-0.565741379730311,-0.5591229664519148,-0.7273117972344367,-0.9288729713599496,-1.1955213779976364,-1.4369781465835123,-0.9182220099935965,-1.1005371239803208,-0.07442173657893286,-0.5905471288344696,-0.512820232078893,-0.5737367365054645,-0.6071223842806782,-0.6515337564600334,-0.6829414158253458,-0.833089287221113,-1.1561175140145048,-1.1292075201769327,-1.4394698075538972,-1.8378165271324929,-0.4485937696044464,-0.5205378189366167,-0.4229189900264256,-0.5252653124421813,-0.5342860890693397,-0.5263011614852062,-0.6332449000860186,-0.6404439090019215,-0.6688736351723202,-0.6112808309480043,-0.6089100544622837,-0.3839292023092119,-0.7084610708478372,-0.668338606340844,-0.6221001457037136,-0.6415080431254995,-0.5376998526209869,-0.5776593709244315,-0.562792955313938,-0.4866539122156326,-0.5417102563408781
-2.7628412277842793,-0.14361215877581168,2.69614852314268,-0.8353510273877662,-0.6917683368726316,-0.8322088200219341,-0.7084688272300668,3.0306968062222785,-0.6074515130564444,-0.7450305289189415,2.484172810447645,-0.4809815294189583,-0.6889095404183024,2.969196761209936,-0.30215358748591326,-0.7633297849268459,-0.9322458795223514,-1.153388333771143,-0.33807157067846993,-0.4336572730047085,0.9924432575840078,-0.38329253822066794,-0.4846244351870619,-0.4060173851627292,-0.39991170331240694,-0.5666686053566113,-0.5605206154847563,-0.7273117972344367,-0.9125140313528767,-1.2202067869415922,-1.5093873506752387,-1.75326366704255,-0.9436517297567427,-0.43570172541048185,-0.622456321603836,-0.5315025883294807,-0.5926802550959515,-0.6055859913715078,-0.6521813020069356,-0.6544576361855019,-0.8496756700676931,-1.1561175140145048,-1.4045085894584861,-1.194563461127357,-1.2355026965537383,-0.47723252434478575,-0.5233795894431543,-0.4219846755503717,-0.5269762147041452,-0.5362962813568374,-0.5314998209711028,-0.6385727239788033,-0.6408231926634388,-0.6690321767532649,-0.6114853006287091,-0.6097198762710571,-0.5400881721309694,-0.7117384437393713,-0.6688347458871468,-0.6222068998065363,-0.6426224943550476,-0.5441607755094143,-0.5788544608623012,-0.5632148153290463,-0.4868550155794371,-0.5425188308495846
-2.7586460674295363,-0.11957140681588617,2.7005321663429447,-0.857593647609885,-0.7886051595192809,-0.8832618925666094,-0.7096173813905893,3.0306968062222785,-0.6076589826568825,-0.7653415659391966,2.484172810447645,-0.4894776869901456,-0.6938746865207643,3.0108147268179555,-0.3043923466063411,-0.7633297849268459,-0.9452226314868004,-1.153388333771143,-1.1300442521009195,-1.436076102308071,-1.6718253807527226,-0.38629508315855793,-0.48456446011316084,-0.4060366681827104,-0.4002505665706739,-0.5669938933913686,-0.5607102340687371,-0.7273117972344367,-0.8961550913458038,-1.1955213779976364,-0.8887370298890128,-1.2226642807926942,-0.4356418817946803,-0.5079092645440987,-0.6290318046752772,-0.536203078269454,-0.5942072655818601,-0.6092490089430869,-0.6542204880479539,-0.6544576361855019,-0.833089287221113,-1.1445985939283316,-1.3861551848397158,-1.6461095373512906,-1.003843530946525,-0.49295762012814703,-0.5238100618465332,-0.42355616229473086,-0.5287139154711131,-0.5367279185279222,-0.5314583917718371,-0.6402550975780268,-0.6409482028766398,-0.6708708472568592,-0.6146974746770598,-0.6114671906775829,-0.566638395702854,-0.7132270175176136,-0.6698600753176778,-0.6265127205178666,-0.6471969869124135,-0.5477230968765734,-0.5795273167571066,-0.5643413585015957,-0.4877051840060133,-0.5444392488361289
-2.75517686159755,-0.10199381538627396,2.699595826783599,-0.8731398867656217,-0.8741453743129995,-0.9076442485818683,-0.7101924123504926,2.992533093665612,-0.6078939948302511,-0.777227077432898,2.62856787870889,-0.49654056239445615,-0.6956014487744828,2.5113991395217217,-0.30570118517311695,-0.7633297849268459,-0.9322458795223514,-1.1638614239493004,-0.9646873186171114,-1.0945111678787771,-1.433137875623282,-0.3885421838371551,-0.4848341331335716,-0.40610911367156377,-0.40018951484286625,-0.5670811703364331,-0.560900540190493,-0.7755039860746491,-0.9615908513740954,-1.2325494914135704,-1.4783548346359274,-1.518408200997532,-1.8774933620399459,-0.5564075120358041,-0.6304020819355329,-0.5359050275139156,-0.5938742152916121,-0.6094964865769184,-0.6541954457948024,-0.6544576361855019,-0.7833301386813729,-0.8220688315154808,0.027056970805591597,-0.4445377751960771,0.9222369602448772,-0.49883435910807716,-0.5249117499932164,-0.4241721493585373,-0.5289089829390085,-0.5369035568815385,-0.5326169068858335,-0.6417337867027779,-0.6409595978031757,-0.6708714971812669,-0.6146757050138398,-0.6114680852106752,-0.5852475746881036,-0.7132524369145287,-0.6700897939505873,-0.6281049720886103,-0.6480442809452045,-0.5495148076998081,-0.5796579419614861,-0.5639376152281489,-0.4872812555695647,-0.5428105272796142
-2.758435185972626,-0.09132431887610873,2.696273283841237,-0.8796971703654237,-0.9064614839061974,-0.9210483146996813,-0.7103787693471042,1.5804757290689644,-0.6081072209038406,-0.7802387715994188,2.5563703445782675,-0.49849290991022355,-0.6963732395852894,2.5530171051297414,-0.3057922560262198,-0.7983184512328416,1.079150674967257,0.6794024474064061,0.45390111074397965,0.8434985687743904,0.25057668758709734,-0.38957464555590854,-0.48482084780121876,-0.4061426158578711,-0.40017893864185855,-0.5670429017557336,-0.560841099764034,-0.7514078916545429,-0.9452319113670226,-1.2325494914135704,-1.488699006649031,-1.6662801610999507,-1.078124924805524,-0.5675560822102581,-0.632624571849251,-0.5370755228719706,-0.5942154774190375,-0.6098713709090221,-0.654316578686842,-0.6259738565456578,0.26161198065317043,0.3874177775327095,-0.09224015921641487,0.47386102390344914,-0.12353870163911429,-0.5014976863737654,-0.5248032400057003,-0.4241509111168818,-0.5290383776863573,-0.5373445433532008,-0.5323163459503224,-0.6425195498392328,-0.6409201566662295,-0.6707179592513389,-0.6137086464294703,-0.6113892732262354,-0.5894408711449249,-0.7133592908146162,-0.6700024903627815,-0.6280939332311628,-0.6483161828299849,-0.5500928078811632,-0.5798659596501405,-0.5635979619636149,-0.48697463045105105,-0.5427751949462624
0.5388604010313544,-0.6861786132288152,-0.39685223406637976,1.4348014979916188,0.8101221267987526,2.798995039863591,1.4261560406306204,-0.44220103643434144,-0.7503246533205832,0.5020921013222461,-0.07883965118944657,0.9069154327723142,4.349780390124422,1.1796242400651,3.3770795563968727,-0.3959487887138899,-0.6467573363044714,-0.8391956284264204,-1.0865292696051805,-1.3840988296775263,-1.5492561213619287,1.8045012325055088,-0.011253029068312529,0.6029613025122895,0.36223353378233364,2.358108013903046,2.365583327407837,1.658201550356074,2.3265560900475557,1.5075309013655414,0.8801163843517309,1.1084936784689678,0.6476144116538353,0.7232578458535373,-0.0928359151124017,-0.18893855053964323,0.30886623307786304,1.1026702142216447,-0.006901071991610549,-0.05629826374877795,-0.4681888645963519,-0.879663431946347,-1.1383842224863177,-1.0032303779816223,-1.4406865289486985,9.550733067663991,0.9911363544662545,3.2271515599482523,3.636751033168579,1.5747770349974612,2.504296267315772,4.330502024716629,0.39701269151069124,2.4566569746127374,3.9027303164643743,2.7801122064626886,-0.18896759592086806,0.5248759237624421,0.9191383845944815,0.3616006515633612,0.3478326941283755,6.638581887479891,1.9850644179759787,0.6549384384974848,1.7980983799945482,4.286322385783059
0.5159771610265839,-0.7393869605240995,-0.3591790574141396,0.9449933262031055,1.0564948459945247,1.2195983254584228,0.6275420059504876,-0.09872762342434599,0.1959421495811578,0.8738788259874409,-0.07883965118944657,0.8346515000739296,1.0226031768405441,-0.48509438425567775,-0.565722538149667,-0.8158127843858396,-0.0498267459398135,0.030070856360645812,1.254576788665577,0.8509238934358968,0.41830304254292056,0.15614114091445572,0.5274936970639009,-0.030673023516659157,0.4829131009653188,0.133403012339076,0.9684699167786114,-0.052621153471464024,0.16717600911393413,1.3717611521737836,0.9008047283779385,1.1867788338173073,0.7522046744695541,-0.16234984459560947,0.8807501912503939,-0.08617641750846061,2.1216703427502193,1.695722896534362,0.6113031721056743,-1.6229061439401977,-1.5628901324706352,-1.5362418768582218,-1.3586250779115605,-0.720057414925935,0.9950441265785729,-0.3302492199143873,0.9899142159246468,2.502938014550946,2.3370314580662828,0.6668887365850208,0.25835921226205494,0.04970043143242821,0.26853335242863713,2.096590646318148,1.5565442214203988,0.2781640031836733,-0.03090414550453427,0.9229873727136123,1.2249818200919262,0.9347158579754233,0.4473082838473443,1.1795812344881749,0.28795047190194734,0.21765592068952713,0.296777757392513,0.5014489824359474
0.5255945489486991,-0.6770531415345997,-0.36592714660232784,0.8287106076986892,1.0094871259838154,0.9372047028313644,0.4652685903040238,-0.06056391086767981,0.13225364054459524,0.7993041349978808,-0.4037285547772469,1.4808059893573076,0.6119477093728022,-0.40185845303963874,-0.8238230072335802,-0.8158127843858396,-0.9971296393445968,-0.7763570873574758,-0.7732213956358598,-0.8271994800645471,-0.5106429233662542,-0.0731633804730796,-0.33045605472898887,0.6503221233915389,0.38306495665436197,0.010029323941463504,1.1655762421832083,2.0437390610777726,3.062708390365836,1.9271828534127926,1.314571608902089,1.2563656385713868,0.8493242042270072,1.1725695131650258,-0.46409006451441753,1.7321518596093481,0.14529792419916918,0.9552335909671169,0.38750687443509646,0.48489354940825796,0.26161198065317043,0.9748827019275448,2.2937024412237146,1.5147129962162456,1.0082817931846995,1.143594041203516,0.11959850680537289,-0.1945937442381552,-0.28974601796895333,-0.045632954743759474,-0.06950158836730726,0.04955313119057345,0.26625221948491146,1.2040209312423722,2.0988397714553786,0.4924546288649668,-0.46309184197258757,1.006789561387957,1.1191786798486016,1.3094485398833982,0.3350986397283997,1.114027710755917,0.10211305042015956,0.1202845849415886,0.2948705912213209,0.0980806992948634
0.5873021763112911,-0.6906208053191232,-0.41142103864190227,0.8363843711469464,1.3132032806331058,0.9651321189048244,0.47565429690372585,-0.09872762342434599,0.25928539292287195,1.3113965448911171,-0.11493841825475774,1.4379827445334687,0.6500693024693711,-0.40185845303963874,-0.16519469189766564,-0.72834111862085,0.015057013882431936,-0.05371386506461358,-0.0682786792048882,0.3608524657764751,0.45055811080365576,-0.2846833611707565,0.5651140160788692,-0.048114750680283966,0.09008298614244037,1.0191413014429025,0.4970738076542554,0.04376322420896066,0.15081706910686124,1.075536244846312,0.8490838683124196,0.6474810969731915,0.2516655595657572,-0.03635092780905953,1.757760617956995,0.30048118994955286,3.213030894184863,0.20509840000773638,2.433930289203834,0.598828667967634,0.26161198065317043,1.0209583822722377,1.366855507975818,1.0402069500148237,0.4853939622427036,0.5925168480238521,0.4776103091107914,-0.03709120396105913,0.10212671266076219,-0.22460443384588202,-0.15019453010829636,-0.35375921618427614,0.36767738037914843,1.4286355802962702,2.037019309855475,0.10877726286379347,-0.013992140844707832,1.5363918422326455,1.3916171077864805,0.39474185891984204,0.4025632331349966,0.796329617999095,0.33308308214557936,0.34916715504665113,0.4259003432267517,0.1760601451344627
0.5391268095789166,-0.7044281800233185,-0.39342961621709976,0.8513354596840089,1.4144765166763347,1.2074094899388716,0.4960202998043729,-0.09872762342434599,0.19751250197215625,1.498074017226337,-0.36762978771193583,1.3956418352782813,1.0037241124120184,-0.44347641864765824,-0.8741488085502996,-0.23849979033690874,-0.6078270804111242,-0.7658839971793183,-0.6774884341452341,-0.7083942854804449,-0.484838868757666,0.0031318775655631652,-0.37305422382539405,0.8978855256007823,0.5965880030363307,0.2115526488911574,1.017040010830087,-0.17310162557199488,0.2326117691422257,1.100221653790268,0.9008047283779385,0.6735761487559713,0.23672409344922596,-0.19249415109461473,1.517279693701575,1.1205660671120312,3.351263374033561,0.15665466159390531,1.6846734965647683,-1.6229061439401977,-0.9491939671471734,-0.6723228703952286,0.07294048235251716,0.4585543772517904,1.0413759597000156,-0.38049354236051747,1.5840786996912297,1.0197314573797773,0.22152948177535306,1.1893111762827446,0.07158222953840804,0.1338413531816426,0.401658502902915,0.9719716317952671,1.3229569779413093,-0.061684565932918746,-0.0011365353970472967,1.8737928815362692,1.2500484439848984,0.7002723389705406,2.047390666944972,1.4725494679925533,0.33692949115811455,0.7889960870321931,0.919749599618248,0.5953005976470324
0.5247426901005604,-0.6279444661681294,-0.2938421459063867,0.9152699544108814,1.0508699198164075,1.2725087640450177,0.5850654378340517,-0.09872762342434599,0.17195833815859526,0.8648648834061208,-0.1871359523853801,0.9244464988104036,1.1057622015633028,-0.8180381091198333,-0.5929634233087374,-0.22100545718391085,-0.6208038323755732,-0.7763570873574758,-0.6600824411469385,-0.7380955841264705,-0.44613278684478375,-0.0753856025742732,-0.33092196532425106,1.0627946641624197,1.233585633017916,0.4771792203108027,0.9370522258471244,2.0437390610777726,2.6864527702031595,2.099980716020484,1.4800783611117492,1.360745845702506,0.7895583397608822,1.4339132848219143,-0.13935823395139002,1.1841052435294925,0.46927323055261655,0.1862392288994189,0.7855936040166838,-1.0247467715034737,-1.0321258813800736,-0.5916904297920159,-0.8447297485859941,-0.8731238814425227,-0.4875745333075924,-0.21266965309272626,1.531078988006058,1.0854940928922616,0.020820228949047576,0.18721880541786856,1.587734774224295,0.11906427580369974,0.5117859459684426,0.6331063306586355,1.9800812058781054,0.957124934635023,-0.3677578046764796,1.0981575920552957,1.049752857239477,0.994190266429406,1.4364399809694606,1.612195484415389,0.3638096711542865,0.6957001564981867,0.8336756431528508,0.5002186144463296
0.5704362390698117,-0.6289059215607364,-0.27980113396216283,0.8596206448190781,1.0942249707241452,1.1953350455886498,0.5073808044775076,-0.06056391086767981,0.1026148396903374,0.9349763518612326,-0.36762978771193583,0.9709894267567805,0.9851248887865502,-0.8596560747278527,-1.046760937963697,1.1785411950559215,0.9753366592516644,0.4489944634869427,-0.05087268620659261,0.2494725958538793,0.34089087871715595,1.2674164344993697,0.14086664783193395,-0.236154103682665,0.11606924319245247,1.3702645140216676,0.43349463310920056,1.9232585889772418,2.5555812501465764,1.8901547399968586,1.531799221177268,1.1867788338173073,0.7447339414112885,1.5688231366869434,-0.2938059906215858,1.3321321154162815,0.6017002078617816,0.9471845741965644,0.47006591570808776,-0.8253603140245659,-0.9989531156869136,-0.7299174708260948,-0.9640268786080006,-0.7659773548809113,-0.5471440330351615,-0.3169212986919102,1.9905890190707758,1.065259393662785,-0.10474198780438879,0.9264542172892816,1.519328654547428,-0.36969070989360586,0.3894591403224701,1.5877445157906012,2.342670229606386,0.30715822044096974,-0.43735239912601703,1.2041263104367215,1.3117631549612223,0.07211478345890443,0.04090577878130414,1.5721028102625272,0.3118046556384559,0.5278701157004105,1.0517974274133979,0.45065920327006825
0.5195533550563088,-0.678769688795069,-0.34393071585379026,0.8139119372960878,1.122767848393358,1.0464463463413312,0.4453689219865111,-0.06056391086767981,0.2094890436140935,0.9819310171897174,-0.36762978771193583,1.489688332132195,0.764177962360316,-0.40185845303963874,-0.6446039992260559,1.1260581955969278,0.8844993955005207,0.7212948081190358,1.1501408306758034,1.3187193471107994,1.2504838036698895,0.9794580496035099,-0.04537556294860131,-0.2811601548689418,0.7006691464340118,1.4117478127801193,0.6813885514615874,1.8509703057169233,2.751888530231451,1.8654693310529027,1.2628507488365701,1.1171920290632278,0.6999095430616947,1.2702353357514455,-0.3811273896980019,2.0645278157359264,-0.16781415701608351,2.1047261786581997,0.3993456371895526,0.342474651209038,0.3113711291929106,0.8942502613243322,1.2659117825725819,1.4611397329354399,1.3458422916409245,1.9671333848627959,0.3752087669563802,0.09243234303314517,0.22624005058198182,-0.16998457919109589,0.23697403433584074,-0.32884658368303293,0.1281176817245266,2.7160861700535026,2.1504912907297524,0.22167830679646497,-0.27853590666844774,1.1253143686118812,1.493890574032047,0.34284929129341063,0.5629151800177903,1.2620839672670239,0.24043032992863614,0.455393110044948,0.7810293022711933,0.4777090556328322
0.559257791511288,-0.7129575756860028,-0.35731365854804936,0.5837126296121645,0.9883700852247738,0.9624715287274702,0.15768473912285833,-0.02240019831101384,-0.08726404909651855,0.7663617828583243,-0.36762978771193583,1.242639912912633,0.6464139758432574,-0.44347641864765824,-0.4234469328142198,1.0385865298319383,0.8066388837138262,0.21858647956747942,-0.19882362669210518,0.14551805059278985,0.21187060567421503,0.8097881288164787,-0.09475170000728034,-0.31608316934331526,0.39696380522238583,0.6777495664799097,-0.053348267975369644,-0.34177428651273806,0.10174024908564257,1.100221653790268,0.6628887720765518,1.1606837820345275,0.7223217422364916,-0.40712748069346544,0.9855706089368969,-0.1500826747546839,2.2712230240321083,0.6488820574522516,0.1711720406704272,0.313990871569194,0.3113711291929106,-0.24612282720681872,-0.11977026614457022,0.33610120403852023,-0.28900953421569525,1.1126001311221316,0.6784302867805216,-0.15672850823954185,0.26555284786868416,0.030979137099065242,0.28306072271314625,-0.32845395017200746,0.09276123988339571,0.9055843544485691,0.47002978127899353,0.5532568663110162,-0.24186271802774603,0.9311599601152657,0.9833651159072978,0.988160630178455,0.21451487257613858,0.8019908977811098,0.4055611350186348,0.37094495549222717,0.023635288536249237,0.08324155962636401
0.5390138090298897,-0.7090948248685828,-0.3527092823638913,0.7700225295087127,1.2342589740671626,1.0294359618840383,0.3873496637737569,-0.06056391086767981,0.04425069230422354,1.171401060473242,-0.07883965118944657,1.136745142024757,0.7399238990099243,-0.40185845303963874,-0.6952288552235327,0.3038245374060263,-0.06280349790426258,-0.0013484141738264587,-0.042169689707444814,0.3088751931459304,0.3860479742821853,-0.1459790700276224,0.5654097927616539,0.11607807800950129,-0.09723424481732988,0.9671571203603639,0.44200811728119366,1.947354683397348,2.8173242902597426,1.9642109668287266,1.8938452416358997,1.1693821326287874,0.6924388100034291,1.661919631195789,-0.2526257799584474,1.7563017768426665,0.10014924827522396,1.482579557219466,1.0237323744937241,0.342474651209038,0.2947847463463305,0.44501237796357573,-0.05553334997887442,0.36671449734183775,0.4192056292120712,1.7897475127507985,0.5460811984945272,-0.2327595516900297,0.3112887553535894,-0.02122664511546587,0.2587973613027299,-0.2752765121823043,0.3090660365395624,1.3158191894989746,0.6628516159653108,0.20350033961145067,-0.2038161105172255,1.3150092047843975,1.5569611734442224,1.718653356343453,0.7137488952712524,1.108219916080554,0.29544569801155945,0.49365163785425265,0.6305452504578436,0.13755318773571898
0.4958034295868407,-0.668785394524964,-0.38124124297667145,0.7930219734827318,1.0756843040704738,0.9852816568790529,0.4175673455958689,-0.09872762342434599,0.08645050090193909,0.9048147773072267,-0.36762978771193583,1.0014385547139626,0.6779133717569142,-0.3602404874316195,-0.8836395923942197,0.2688358711000305,0.002080261917982849,-0.05371386506461358,1.2110618061698382,0.6578654522367307,0.43120506984721463,-0.21264147595767033,0.5470504017002022,-0.05106612069491529,0.3525810761084168,-0.11681257219235637,0.30914333690105694,1.9955468722375602,1.5904037897292758,1.9271828534127926,1.6352409413083058,1.1780804832230474,0.8343827381104759,1.747832101897819,-0.37205503919317606,1.7482926941600536,0.4600208894851151,0.1593593233615787,0.4486468117782194,0.28550709192935003,0.27819836349975047,0.9864016220137181,1.3760322102852032,2.1040188923051084,2.464425119858612,1.3827231460343643,0.25156711760466915,-0.1484606090052613,0.07389196366051899,0.12275427866967285,-0.2533481324850635,-0.188660230918389,0.30960179893352846,1.3133982333868843,1.530843816798404,0.33355113782603985,-0.4481224922266499,1.2613741673740202,0.9821269538682575,0.6969480901178259,0.5012060873151221,1.1877070177363047,0.1737291268185652,0.3322724515353961,0.7796527141274606,0.5386721202614474
0.5464337777352677,-0.6789638234695751,-0.42633363851059763,0.8181730160457524,1.1147850994050656,0.8804599118119624,0.45108135832451635,-0.09872762342434599,0.38351070135240567,0.9687352251883798,-0.11493841825475774,0.8094522329393237,0.5361733962341159,-0.40185845303963874,-0.8416278203649891,1.3184958602799046,0.8715226435360717,0.8155526197224525,1.3154977641596117,1.0736836332810884,0.5086172336729792,1.6108453953831907,-0.24019218533245534,-0.2926471701273219,0.6042124440553384,-0.2755312499979277,0.417393930618983,0.04376322420896066,0.183534949121007,1.100221653790268,0.962869760456561,0.717067901727271,0.3263728901484135,-0.17762811416862823,1.3767730118750452,0.008221253517112432,2.760152465545685,1.2007831751174145,0.39162476804006313,0.313990871569194,0.3445438948860707,1.1131097429616237,1.4219157218321288,1.560632936171222,1.0678512929122685,1.1172711744212889,0.1625844570910821,-0.1732188890016647,-0.052528311702583666,-0.3023517567534528,0.2918831501447853,-0.4424249043212538,0.32813798876243416,1.7154005575980937,1.7327461000600073,0.33657656246591744,-0.14240178887931043,1.1348951346545035,1.168669603542823,0.5304027897290197,0.22812862491958688,1.0395065760375704,0.10498532168040427,0.20424140665888146,0.47738868192690703,0.35954563193267375
0.5234033538309478,-0.7232963132481299,-0.4046897186735881,0.9083892745154376,1.3391224494538334,1.0047320563104145,0.5753301489639501,-0.09872762342434599,0.22309926399313554,1.3584152846264967,-0.43982732184255807,1.8928932558892633,0.7050612308085118,-0.9012740403358722,-0.9128846904932784,-0.20351112403091293,-0.581873576482226,-0.7449378168230035,-0.633973451649495,-0.6935436361574322,-0.4396817731926367,0.03604436855052305,-0.35455397778215914,0.9106584567524127,0.8265500800141681,0.09099082058434321,1.7720248672763024,2.1883156275984095,1.6231216697434214,1.174277880622136,0.9525255884434572,0.6822744993502312,0.3338436232066791,1.349945007558974,-0.10230990335147515,0.5875429698341361,5.638888064345032,0.26116251134567053,0.6105372319209538,0.39944221048872597,0.46064857481213106,1.1476665032201434,1.522859447235365,1.124393506598947,1.1208019593367744,1.910522529455469,0.1253018919202785,-0.13839228131964995,0.15981178578613467,-0.04313122950600389,0.40327659867137844,0.16310581514362865,0.4358793194814392,1.3757202340020016,1.214966377252422,0.08602129933029644,-0.22416953651783988,1.9573374249359283,0.7599826640027261,0.9596812068850152,0.7775297273523286,1.1754260320820955,0.11706286026960792,0.6569630512929637,0.5294837024398695,0.11433192165005399
0.5354984593107756,-0.6835964442767732,-0.307047882244414,1.0015667560141934,1.379783675287812,0.9890236432624555,0.7102815778527114,-0.09872762342434599,0.24358859428991475,1.4332278403553669,-0.11493841825475774,1.743736060247121,0.6831156441319967,-0.48509438425567775,-0.5943364940852626,0.4087905363240137,0.028033765846881022,0.08243630725143293,-0.31196258118102654,-0.7158196101419513,-0.4074267049319015,-0.1755195255519526,0.8855658998673128,0.40409526665520507,0.017840682687325637,0.8002524792551264,2.0821353037522057,2.0678351554978787,2.6700938301960866,2.1493515339083964,1.5421433931903719,1.4303326504565854,0.8493242042270072,1.8660748395685436,-0.052609952918480724,2.683387467807884,0.31104228171212056,0.7268761011352699,0.8696282187337843,-1.1386818900628497,-1.0155394985334936,-0.5801715097058427,-0.5143684654481301,0.42028776062264345,0.6310082949100948,-0.2970888832095748,0.8154984900402134,0.8814265424645734,-0.012883788690100576,0.08125501105800717,0.48979396366328454,-0.17415921696761907,0.6220378716923423,1.417457976517661,1.5085899114023473,1.1730712453976346,-0.44736093356631856,1.8996770689690559,1.3795741084885802,2.0422156851789066,1.0526832528607573,0.8612547589829799,0.20710109198431292,0.77005344118791,0.6879062879889709,0.12987446255965376
0.5844590036163709,-0.7026630551270499,-0.315723248648178,0.9316559843257863,1.490850935373844,1.3043285682110877,0.6083973845039269,-0.09872762342434599,0.18034871608435554,1.644122347978781,-0.2232347194506911,1.7840684348271163,1.1567179805219856,-0.44347641864765824,-1.3271010349058538,1.2485185276679132,1.0402204190739097,0.5118330045558873,-0.024763696709149217,0.33115116713044956,0.5666763565423026,1.6308687407957667,0.16345218992952748,-0.2768571868979635,-0.06391048555224613,1.278073662256453,0.47357422231191054,1.9955468722375602,2.6700938301960866,2.0629526026045504,1.6248967692952019,1.2563656385713868,0.8194412719939447,2.3409525777485523,0.25918615754753066,1.1177378971044294,1.939126618465562,1.0921190865415187,1.6449203418009428,0.28550709192935003,-0.3354978018237115,-0.7299174708260948,0.04541037542436182,0.39732779064515533,0.5383446286672094,3.1467534560722394,-0.3426436301387548,1.3092982039992174,0.29698832504157585,0.07080196500932967,0.5280076135991444,-0.29476332269378136,0.4969678757406959,1.637258500675207,1.4994096099931349,1.331987020225793,-0.26089726087361625,1.6916355545352244,2.6370132586368116,1.563993280896534,0.9973778662173175,1.9265390652966425,0.32396885566946343,0.6891987584446136,0.7527380362917595,0.900294519567506
0.5285191568136659,-0.692956216445195,-0.3745257627115858,0.8697536040529776,1.3616450941082794,1.0051812471986787,0.5213472940226275,-0.06056391086767981,0.09135369465958283,1.399696089580123,-0.07883965118944657,0.9159859570486781,0.7056913205075475,-0.3602404874316195,-0.8279406252098988,0.3213188705590242,-0.010896490046466237,0.030070856360645812,1.2197648026689858,1.4300992170333953,0.9150310937582431,-0.22401121501331855,0.5746002708299001,0.05483329155847988,0.4061647582794044,0.8031861846157148,0.17324453291957395,1.8991624945571357,2.7191706502173054,1.9395255578847705,1.6042084252689943,1.2041755350058272,0.7970290728191478,2.209076534374623,-0.1445230849874762,1.7824438529982183,1.1168981974865537,1.0220569536273612,0.6914883117336074,0.25702331228950603,0.27819836349975047,2.656645034508838,2.3671160596987955,1.560632936171222,1.021519459790826,1.539194328710159,0.23412770866873264,-0.169679142179057,0.010212262707888485,0.1773809469432292,0.29534258573622535,-0.3680372184509514,0.32129256831548886,2.2949863864784232,1.0227692083719582,0.871789115004357,-0.21080020402657335,1.5408290260014055,2.0163384332923386,1.0426009995832768,0.7722851192726065,1.2025709642765587,0.10521328769813153,0.6467973711224534,0.20750418731958234,1.3322584569013753
0.5190099612706377,-0.6420627300587737,-0.3714354560603962,0.9152510971144023,1.2059691112577875,1.0372925564009645,0.5850387069915687,-0.06056391086767981,0.1938824685856027,1.1224110307651598,-0.4037285547772469,1.6681025018756206,0.7511009332948935,-0.3602404874316195,-0.9738639876831743,1.2485185276679132,0.9753366592516644,2.365569966089751,2.0726584595854702,1.4746511650024334,1.0246983258447429,1.4054804231020162,-0.140952751534291,-0.055572212115932614,-0.005616814335545767,0.9136880918387705,0.4163902334246241,2.0437390610777726,1.541326969708057,1.3347330387578495,0.8490838683124196,0.3778322285511335,0.2815484917988197,1.3877329421937619,-0.319913252346511,-0.06640387845936553,3.7059123751228453,0.20471982003337033,1.6714817304027751,0.39944221048872597,0.26161198065317043,2.714239634939704,2.1285217996547825,1.5376729661937338,1.1009454594275847,1.4174047018357296,0.17070218008508595,0.01621137738278711,0.23273774536912264,-0.02089382357285008,0.2257311301072716,-0.333472418589387,0.300276231251567,2.9052118197306593,0.8772114129511974,0.37145466030670865,-0.42387653131280606,1.5038087922193104,1.233886255833793,0.5213647040336026,0.9868695583579479,1.2288382589795652,0.11335083587893399,0.8412167789490638,0.17760269541217666,0.3262661202365711
0.5638828959408907,-0.6794026809504576,-0.38751654036328287,0.8131051945276004,1.2513292641776241,0.9422682994586904,0.4442889810696681,-0.06056391086767981,0.20589650310020305,1.2012625544257693,-0.07883965118944657,2.0816499803247894,0.6188190704935835,-0.40185845303963874,-0.3206405538504608,1.2310241945149152,0.8066388837138262,0.7212948081190358,1.1675468236740991,1.3409953210953185,1.31499394019136,0.9023431594149482,-0.09919254640432745,-0.2751299666685196,0.6572210719286781,1.170312242582532,0.04324386067051107,-0.02852505905135785,0.11809918909271545,0.9767946090704881,0.7973630082469008,0.25605532023149447,0.14707529675003847,-0.14976285092860048,1.738161780694721,0.0602051535647818,3.930288537700354,-0.053745300976990464,2.135197514483784,0.48489354940825796,0.19526644926685022,0.9864016220137181,1.3209719964288926,0.986633686734018,0.37949262939369177,0.9633573988751408,0.2792384563172851,-0.057695867834721505,0.6459910604709597,0.11006134333573522,-0.02269210782730641,-0.3262385813775274,0.1581838892762694,2.6409410609329593,1.2248373555861782,0.1722942361629953,-0.14625869211784276,1.6545310244965716,0.8883259117672341,0.32097040969926266,0.4326936787204333,0.8203043574621671,0.2203334127801027,0.7249688363646669,0.3451510219680225,0.42822485394489596
0.5728901531919116,-0.6593608348578861,-0.37792284777443436,0.6972206859089877,1.3795798241570627,1.114219148385474,0.2944031138989629,-0.02240019831101384,0.16832179083991594,1.4328495732461428,-0.04274088412413539,1.4098306820006097,0.8628245806017432,-0.3602404874316195,-1.1335874410790845,1.1260581955969278,0.7677086278204789,0.6375100866937764,1.0370018761868822,1.2221901265112163,1.2053267081048602,0.6795825192918472,-0.21393385240436677,-0.24527585027739074,0.5591204476283927,0.9605577739368869,0.45075838895111786,-0.24538990883231337,0.052663429064423894,0.8533675643507084,0.6628887720765518,0.1342784119118554,0.035014300876054096,-0.027642162702849974,1.45559616185201,0.42580493897995775,3.080741750478803,0.6968632005832007,3.7556601253801563,0.37095843084888197,0.12892091788053,0.9172881014966786,0.3757716585622259,0.22130135415107943,0.28682896315080647,2.2201356592272923,0.15337171141468806,-0.05874379784909695,-0.18411069317050152,0.818784455859112,0.22052626462547656,-0.3672807355915967,0.012121487632525175,2.553325702988711,0.5202752309502165,0.255158613953381,0.22090183295840712,1.3986717900137524,1.9482037531230163,1.2023160173421836,0.7398054547875134,1.5620728393502996,0.17383258865218001,0.6045136040636692,0.3320692026919716,0.4541973616005618
0.5355548462254092,-0.6154579617260169,-0.3243899746675152,0.5634617719559509,1.0944492953458345,0.9808326309346808,0.1343430107642303,-0.02240019831101384,-0.08705323940754875,0.9353429126366166,-0.5842223901038027,-1.3217905008903368,0.6717409123926249,-0.40185845303963874,-0.7296168943158289,1.0385865298319383,0.7028248679982335,0.553725365268517,0.915159925198813,1.1108102565886204,1.0892084623662135,0.5137070600261299,-0.17640729495256843,-0.19353671475858816,0.30803619431013374,0.5535521532317823,0.04901070300434103,1.6341054559359678,1.0505587694958702,0.7422832241029065,0.5697912239586179,0.8997332642067295,0.9389730009261946,1.074357155923105,-0.268385255562972,0.2641530730019019,1.4998068980793275,2.562612400281002,0.5565240925113313,0.200055753009818,0.1620936835736901,0.7790610604625997,1.128261247931805,2.2723920054733546,2.464425119858612,1.7488099359574958,0.2495468346806773,-0.04010744489530529,0.3699526353152775,0.04153461356974581,0.017620953960441527,-0.39215637582393276,-0.011431239024095255,1.4399774484444665,0.6996321793842251,0.5197704723385793,-0.18652414970384612,0.7933308438205532,1.9010389931784222,1.269138741263776,1.5284124057527475,1.1090259212016191,0.2112275055250721,0.3316191457924496,0.9796543390509264,0.2610589607154972
0.56167698328873,-0.7087097041131628,-0.4207608260007326,0.9514841796927193,1.2989357029531006,0.9685339557343768,0.6369089670049292,-0.09872762342434599,0.5281297184918393,1.2857369866566122,-0.11493841825475774,0.8915771404292078,0.6547502385970627,-0.40185845303963874,-0.622929905527323,1.266012860820911,0.9753366592516644,0.5223060947340447,0.07096926478147655,0.39055376442250067,0.45700912445580283,1.9049813486625753,-0.1443287351551644,-0.22132004992475235,0.19378078167075485,0.9743197535253525,0.27090708890577264,2.0678351554978787,2.6864527702031595,1.5692444237254313,0.8801163843517309,0.6039893440018917,0.31890215709014785,2.058580315832227,0.053685837483695084,-0.014226330535703465,1.9079303141524047,1.2547729956415155,0.7785091421005558,0.42792599012856997,0.3611302777326507,0.5947583390838279,0.00870356618682137,0.25956797078022636,0.9818064599724464,1.096967535170253,0.25087697302583806,-0.2519045296017082,0.3353479410002635,0.24435016031107773,0.05715123145753421,-0.41609980984598066,0.5475220940197391,1.7869190029587374,1.333253829890387,0.6087288352989961,-0.45109429847498317,1.6487698747560307,1.566792144883689,0.7380325034354348,1.0492284343257046,0.9286769905623252,0.3448725541093147,0.33084943836876235,0.5275951437821894,0.24000193270276493
0.5168410531327637,-0.7141731776976336,-0.358325256839648,1.1419457180207233,1.2259561896659223,0.8974384903289251,0.9263060450376138,-0.09872762342434599,0.39027644584135407,1.1569585686021624,-0.43982732184255807,1.710209542464546,0.5586091902538208,-0.44347641864765824,-0.7754616152882082,1.3010015271269069,0.5600805963892935,0.10338248760774778,0.010048289287441975,0.4425310370530454,0.5408723019337144,2.080316790189486,-0.3556576457228683,0.5386274973473507,0.8582072965748478,1.6828922177794525,0.3846573620500815,2.116027344338091,1.5740448497222028,1.161935176150158,1.0145906205220798,1.4390310010508454,0.8418534711687415,1.9555790692451345,-0.3450433178795528,0.024995783402115418,3.6919507368740225,0.197278315783578,0.3504681019352123,0.42792599012856997,0.4772349576587111,0.6523529395146941,0.10964729159005761,1.621859522777857,1.081088959518395,1.2529175356858842,0.3398577880781108,-0.27625549966496665,-0.07648084352723801,0.016714016839959798,-0.10616669643597716,-0.2347251058226075,0.8047624089065191,2.1284336532202053,1.6561773830356834,1.367256220111328,-0.5044881373392025,1.6591135790231477,1.042257526578526,0.7848556251668255,1.2636939415738238,0.9154275444451317,0.22893442467534206,0.21585752473323713,0.47856825216561855,0.9329506583086681
0.5307655560533581,-0.7317184380571561,-0.31714344482922435,1.059783677773026,1.0808771460316253,0.9453578952236115,0.7980153939968937,-0.09872762342434599,0.3518148905443301,0.9132354783703576,-0.43982732184255807,1.4661887979050137,0.6230205160838295,-0.44347641864765824,-1.1328742672757275,1.3184958602799046,1.066173923002808,0.8783911607913971,0.3407621562550583,-0.1811962345134913,-0.4590348141490778,1.9613976474084447,0.32127722028226435,0.09484323551680382,-0.056579585198292565,0.024407637654856464,1.769585159813184,0.8389343400724643,0.28168858916344436,2.112323420492462,1.449045845072438,1.3694441962967658,0.9389730009261946,-0.33066117333531186,1.3144417173827867,2.0950372242682866,0.11395477418214102,0.5573121027825937,0.16287307733545123,0.313990871569194,-0.2857386532839713,-0.6608039503090554,0.054587077733746936,0.39732779064515533,0.1544522970895417,2.042878372971299,-0.3735351734716178,0.8752690012756311,0.01176201342873382,-0.20513399467518428,-0.09125286903578242,-0.4954146940983977,0.7570841219180443,1.6846188484294051,1.8041625431963135,2.216190987226668,-0.3456681898571949,1.2396054091987987,0.92404331320446,0.8487758189905004,0.7460303151089167,1.3086339256762016,0.080712122426689,0.12919557299865866,0.3223552685140344,0.4333077643344442
0.5060746387883028,-0.7173654322070778,-0.35995936291779473,0.9835901264248558,1.419484733300143,0.861314298022354,0.6837214893388094,-0.1368913359810122,0.35885913051370394,1.507512318988091,-0.11493841825475774,1.5054674312780052,0.5111164041941989,-0.40185845303963874,-0.6566477783839149,0.44377920263000953,0.053987269775779195,0.0719632170732755,1.4112307256502374,1.006855711327531,0.5924804111508908,-0.1988314780745463,0.9540857648263599,0.050744552527891375,0.46838681199387183,-0.0908101565677889,0.5175106466581977,0.9112226233327827,0.26532964915637147,2.1740369428523523,1.8110918655310697,1.4129359492680655,0.9539144670427259,-0.2121732752595145,1.8075351284972934,1.642166292005583,0.3559371588105543,1.8593383853287615,1.0161637676979118,0.513377329048102,0.4108894262723909,1.2052611036510097,1.5779196610916757,0.9407137467790417,1.167133792458217,0.8464641397800861,0.15603242965762523,-0.25794444478423934,0.14198034822036765,-0.007658285391658516,0.1619170666400984,-0.34700907728435487,0.5396776432408319,2.128287650393202,1.1654710451604737,1.2857031942933055,-0.08368847896611681,1.4132932319756386,2.4425249863051492,2.2607270720424077,2.195823122347231,0.6850533076903882,0.09808418942619386,0.6339232733045002,0.9428278641370712,0.3501465889368804
0.5075587484558962,-0.6856341863733557,-0.3786086626247528,0.8247221126808001,1.4753250115515655,0.9473497496485139,0.4598885746815216,-0.09872762342434599,0.23176772064521795,1.6140658835463728,-0.25933348651600224,1.2508617491839984,0.6257327240524022,-0.44347641864765824,-0.533376439877043,0.4262848694770116,0.028033765846881022,0.09290939742959035,-0.15530864419636617,0.36827779043798153,1.0698554214097722,-0.24765586815089422,0.8474927216524615,-0.1174849364827991,-0.16481229561361813,0.42296032188399213,0.1633803286350976,1.9955468722375602,2.8500421702738885,2.0629526026045504,1.759371005465551,1.352047495108246,0.9090900686931321,1.9718236366683446,-0.16769463962609693,1.5902999695846627,1.8986611833558562,0.8080963178753227,0.8301696188210339,0.39944221048872597,0.27819836349975047,1.0670340626169308,1.51368274492598,1.6295128461036865,1.5708826239450746,1.032222728420082,0.274288932775675,-0.17150031996937606,0.29784785484068715,-0.1498118004989185,0.05179128613441744,-0.3752236369941593,0.4276566483376677,1.0711634573407134,1.5283697020185176,0.3186743444617427,-0.2629744406271738,1.4709021730842977,2.7771919829904133,3.285714912267315,2.163605097440341,0.9365300650034452,0.13095868891284107,0.7027637167064602,0.6265740667595373,0.04883871184929485
0.5692238551697391,-0.7163438968429384,-0.40073165272876726,0.8094061918880107,1.5758096077930397,1.023517904821932,0.4393437964274166,-0.06056391086767981,0.03837802663720612,1.811906969086531,-0.11493841825475774,1.3525720113699455,0.7315332543859476,-0.40185845303963874,-0.6436771217668968,-0.30847712294890034,-0.023873242010915324,0.009124676004330964,1.2371707956672815,1.3929725937258632,1.3666020494085365,-0.23151546753767116,0.5482918129500017,0.005778607937173222,0.2953508507880381,0.0488630717336466,0.27907977353422353,1.9714507778174541,1.4431733296656197,1.050850835902356,0.8387396962993159,0.5691959416248521,0.18442896204136658,2.156809365905676,-0.2833693768430027,1.5292513176249498,2.880926417433037,1.9017635982629875,4.409079102797113,0.42792599012856997,0.3777166605792308,0.2146339762401109,0.017880268496206483,0.351407850690179,1.4583624577929994,1.5197671192686304,0.12034296175432356,-0.1896826777135294,0.8133176471711083,0.6699868143572405,0.486106845943115,-0.26664014267877106,0.31229615286701196,1.487889108059786,1.669157801354168,0.5435900127395072,-0.4158880037519933,1.719037853314609,3.293321660864465,2.7307213500556777,0.5399104643738218,1.0276522974460836,0.302190554406476,0.6611227801393349,0.550839951037115,-0.13901664520651158
0.5159087558259653,-0.6827019406145898,-0.33976766363507027,0.820276704409352,1.3935531889259118,1.0937361470455975,0.4539067703385983,-0.06056391086767981,0.14062019437463122,1.4588533059965223,-0.36762978771193583,1.4956892253822403,0.8326711388981706,-0.40185845303963874,-0.8378286369130394,0.3738018700180179,-0.06280349790426258,-0.011821504351983881,-0.0856846722031838,0.27174856983839846,0.3795969606300382,-0.21614185327871083,0.7168424652527721,0.08718077713648592,-0.11654707232973,0.6613552036654434,0.44139595106297863,1.8991624945571357,1.3777375696373282,0.9891373135424661,0.787018836233797,0.4996091368707726,0.17695822898310096,2.142050704227595,-0.42898774469361484,0.7344761155294529,1.9149165873410476,1.2774642126370686,4.314798993101683,0.342474651209038,0.2947847463463305,0.11096369546455175,-0.046356647669489305,0.32079455738686147,0.829573294001992,2.1378912295078925,0.47918481762937654,-0.21710889987111512,0.3000384666702037,0.45532638785204793,0.23051077986041982,-0.22446187459713035,0.3697275131015896,1.2922509576461698,1.2705420162515424,0.21599179040629488,-0.38097987369820524,1.3635904055838741,2.813968361640382,1.4682278885372961,0.9380570154478508,1.3572876783154453,0.30880574257822824,0.5168412814121972,0.17609133835618782,-0.09915647094821921
0.5577131348354067,-0.6411688723956297,-0.26160829360961746,0.9269764879738513,1.01084579725444,0.9791011569641538,0.6017130481907359,-0.09872762342434599,0.21595935413239567,0.8014355017480173,-0.11493841825475774,1.0979693046809669,0.6693424618351141,-0.48509438425567775,-1.0582328133328995,-0.25599412348990663,-0.6208038323755732,-0.807776357891948,-0.7123004201418253,-0.767796882772496,-0.47193684145337195,-0.05246358110245083,-0.20238078396252945,1.0344543981071919,1.0378787557230724,0.3897697109344648,1.5190251373758281,2.0196429666576665,2.5392223101395035,1.4334746745336735,0.9214930724041459,1.2650639891656468,0.8044998058774134,1.3959837532056867,-0.32682491856478246,-0.19163529564213833,1.6658703366492944,1.2470841231585212,0.4068625346243958,-1.1671656697026938,-1.0652986470732337,-0.6377661101367089,-0.8447297485859941,-1.2022167844531864,-0.4941933666106556,-0.33293564734784936,1.4981312263994189,0.7305997758375151,-0.22634333333154097,-0.2981484870498228,0.44387967415758933,0.3816562813358931,0.4004231631371252,1.5575794894383048,0.9578403038322171,0.13265558750304104,-0.4192625880350488,1.085657084187291,0.907290108096214,1.039828807094203,0.5802093099784769,1.3742058971834612,0.11880892475553922,0.09344659441055318,0.2125716615840915,0.2937136603765365
0.5758723371808033,-0.6655276106700059,-0.30437652655762965,0.9674023454434898,1.2718477049463,1.2140524234234535,0.6600187787231285,-0.09872762342434599,0.17917958173298185,1.2374553891226612,-0.4037285547772469,1.5176797977985084,1.0140003205816173,-0.44347641864765824,-1.0224689830298526,0.3213188705590242,-0.023873242010915324,0.06149012689511808,0.010048289287441975,0.3608524657764751,-0.19454325441104892,-0.15907407230254783,0.5030827994334537,0.1546587032678808,0.27373093487927924,1.9635828783643265,0.3292425633294762,1.9714507778174541,2.7028117102102325,1.9395255578847705,1.3249157809151928,1.230270586788607,0.7970290728191478,1.6528566728156593,-0.16282222097577442,1.8928129977373542,0.15337184266586432,2.2121715459444427,0.41661871885729207,0.313990871569194,-0.3354978018237115,-0.7183985507399216,0.00870356618682137,-0.17667145879204862,-0.48095570000452914,2.6900352686425224,-0.4021349374257996,1.601651485437222,0.26187473333939565,-0.20249981820837648,0.8846892890551342,-0.03457180495967349,0.4144630768906144,2.1958330033911215,1.9630709814385665,1.060798561265906,-0.4232036734533831,1.3945173710613967,1.9894433212847156,0.8581841454673039,-0.005192407444190645,1.6509160995862877,0.44699546862810324,0.31796669689655205,0.9672512624593617,0.05945619953708235
0.5108043508581956,-0.6673056461457069,-0.3717968519874361,0.8125104590495092,1.592153945574032,1.036998577975408,0.44349316543728345,-0.09872762342434599,0.20864604637441783,1.84482810374829,-0.07883965118944657,1.8033948588432445,0.7506819314164378,-0.40185845303963874,-0.08949122849872121,0.3038245374060263,0.04101051781133011,0.009124676004330964,-0.0943876687023316,0.3979790890840071,0.4957152063686851,-0.2602081145916692,0.46131244282795264,-0.018598144518421608,-0.058068888827342076,1.083926895804525,0.4983130585149582,1.9714507778174541,2.6700938301960866,2.099980716020484,1.7904035215048621,1.3085557421369465,0.871736403401804,2.62253051465073,-0.24441404482527587,2.6353530166234687,0.7534719154766082,1.3835202660537478,1.2739051631036946,0.313990871569194,0.32795751203949064,1.0439962224445842,1.440269126450899,1.6065528761261982,1.107564292730648,1.0057685311712856,0.5504538238309563,-0.02819620221314867,0.33031287045731317,-0.1506016847775185,-0.07678799314534547,-0.3690456734343258,0.31121616522600515,1.5733064201452027,2.105137125440577,1.3665803158057992,-0.26420313285414243,2.154604625513621,2.3154785369380306,1.0876172265438389,1.1618000562344888,0.8810252136133837,0.5029063814477963,0.4450228626418195,0.7124575209093603,0.3052081879521406
0.5515120628759467,-0.6651507379953797,-0.40315052436148663,0.745175409865761,1.5606686900552995,0.9342552106009445,0.35516528989128504,-0.09872762342434599,0.14623630297337595,1.7815948506042638,-0.07883965118944657,0.8008780867115214,0.607953495306527,-0.3602404874316195,-0.5898940676570643,1.2310241945149152,1.0012901631805624,0.7108217179408783,1.2458737921664294,1.4746511650024334,0.9988942712361547,1.4583815591500935,-0.20080165765763103,-0.3048369764150125,0.3084875503766884,0.18837889499627436,0.01078789701285483,1.9955468722375602,1.6721984897646403,2.0135817847166386,1.7076501454000321,1.1345887302517477,0.811970538935679,2.19340504977151,-0.13843706321793736,1.5591303539910613,1.0649749319918205,0.7670479334006437,1.3481186072010378,0.45640976976841396,0.2947847463463305,1.032477302358411,1.3852089125945883,1.5453262895195632,1.0413759597000156,0.8966473413635886,0.33470354288264015,-0.21938638898069496,0.2064748321852745,0.048513433555797326,0.22961915600173205,-0.36248021130006175,0.26333024151156065,1.3721614689234174,0.8034758503579899,1.1878076367215529,0.23105023872701294,1.7707860870797485,2.3812394747200623,1.805841121095373,1.7565242440219868,0.8601096339169282,0.2832671166993638,0.49751036114317254,0.14320966352301068,0.47095809877666767
0.5707472344103222,-0.7305280912756806,-0.43137099807326157,0.7056457337053158,1.3614922878598388,0.9245394338479215,0.304949166514904,-0.02240019831101384,-0.03911815842420363,1.399414690495567,-0.04274088412413539,1.7022002028632468,0.5948394727213426,-0.7764201435118139,-1.042986994897341,-0.4309374550198857,-0.03684999397536441,-0.13749858648987295,-0.20752662319125298,0.21977129720785374,0.3215378377607148,-0.2450057172098986,0.1649591519398425,-0.036524316238136845,0.21304340991277523,0.9387564071076879,0.9071758803220668,-0.10081334231167637,0.10174024908564257,0.8657102688226863,0.6939212881158632,0.5083074874650325,0.09478016534217909,-0.29768120787425645,2.02171406361373,0.45607873722301884,2.3789081193757546,0.368433363588837,3.577847150916333,0.39944221048872597,0.21185283211343026,0.05336909503368554,-0.028003243050719082,0.2748746174318851,0.9023804603356875,1.491330954177539,0.06497052928459454,-0.33829194234312987,-0.07138311134544512,0.7738001577769063,0.24957665727484477,-0.1975615337888439,0.12882637907743907,1.5686427568036334,1.1170165564519345,1.4211051085637088,-0.16837219507111373,1.4684500194409589,2.056780358466717,1.462313487365542,0.8942971143719111,1.1419294317063866,0.060972501958453176,0.4413200922280224,0.2568439189121659,0.5874883182463864
0.5384870000083235,-0.7130539697392207,-0.39570433674735983,0.6936413504120046,1.3179872551418472,0.9109058854528743,0.2899393378285122,-0.02240019831101384,0.05366666855797175,1.3200356762088747,-0.656419924234425,-2.3081330122912336,0.5765489283770324,-0.3602404874316195,-0.9192781327493621,-0.2909827897959025,-0.10173375379760984,-0.064186955242771,-0.14660564769721837,0.19006999856182819,0.2957337831521266,-0.27791158035612873,0.19609846770257067,-0.027337944330453834,0.14182899346340522,1.3891801268565611,0.9159978502952908,-0.24538990883231337,-0.6344120512326376,-0.8869537661981869,-0.030170752801400358,-0.14406880710446243,0.09478016534217909,-0.15118771462439054,-0.298071412852139,3.1865586348241046,0.5037752381739482,3.079667219504671,3.8259638352205143,0.342474651209038,0.26161198065317043,-0.28067958746533844,-0.08306345690702976,0.25956797078022636,0.829573294001992,1.8842819703894087,0.23613109326857298,-0.3226360656088042,-0.044524173672946046,0.3859962418190639,0.007764478595029105,-0.36312273102813963,0.10821018821898529,1.774060038284591,1.302867726951976,0.985394670409442,0.15988694540759968,1.3217327449430043,1.78240877985947,1.0034794296575533,0.7979796636473618,1.1873912145640295,0.07553729697423527,0.25230663100444456,0.22338456706150964,0.36881136375322154
0.5437941694379287,-0.7439235268979534,-0.36034994439535845,0.9678078808931284,1.4843026419031764,1.1915117144521303,0.6606100966956542,-0.09872762342434599,0.395840302745302,1.63142275750271,-0.1871359523853801,1.3568004853649742,0.9792568084884734,-0.3602404874316195,-0.41852408024211574,1.2485185276679132,1.0272436671094607,0.8993373411477119,0.9412689146962563,0.3979790890840071,0.6440885203680672,2.176737927093887,0.046307025240435666,0.0422156964710873,-0.16260491079682182,0.5114867263628528,-0.045045012592092676,2.1642195331783034,2.882760050288034,2.198722351796308,1.7076501454000321,1.3781425468910258,0.8792071364600696,1.9035863258791084,0.5098565129021364,1.3676511187844553,0.6705023066705724,2.2346326811959356,1.7480847352914646,0.57034488832779,0.444062191965551,0.5371637386529616,0.027056970805591597,0.4662077005776198,0.11473929727116226,1.6834652372000978,0.7912574685446064,-0.11698242110148221,0.7451556297523008,0.15614477744470892,0.6751996902484658,-0.415625297613482,0.6722279309138218,1.096650321904399,1.8560441515160162,1.17657718075149,-0.4737486031101319,1.8107437724206819,2.4060351896206043,1.9872392548730438,2.05765058231838,0.8658452361946987,0.635585443323459,0.8336842146638085,1.7798032059696964,1.5199864196594877
0.49204856541661285,-0.7182963406467642,-0.4057173783866466,0.8713819519313051,1.1467352250396385,0.7718655341551769,0.5235991073682443,-0.09872762342434599,0.409402904445266,1.021847282474736,-0.07883965118944657,0.9190598455584624,0.3974534378929575,-0.40185845303963874,-0.6431279560030574,0.3213188705590242,0.04101051781133011,0.05101703671696066,0.0013452927882941779,0.42768038773003264,-0.11068007693313732,-0.24020435647226557,0.7155653164962141,-0.17353231695841864,0.07744131803663817,1.065137253968581,-0.08942811584407719,2.0196429666576665,2.4737865501112117,2.0752953070765283,1.749026833452447,1.334650793919726,0.9240315348096634,1.7441623259838757,-0.36916438048144895,1.4809198120928617,0.5899306020135027,0.8054583397858801,0.7799782628470032,-1.0817143307831618,-0.9160212014540133,-0.6723228703952286,0.03623367311497671,0.42028776062264345,1.0678512929122685,-0.4147398014261953,0.603742805885598,0.6726001159732528,0.05782659806155471,-0.050074129971989796,-0.16199091734988547,-0.3491121681368265,0.4156645897206035,1.4710959127148473,2.4875387677771092,1.2655170595533511,-0.17781564059098695,1.1582837714782517,1.267046184835239,1.3708070688335925,2.5935223696394263,0.7528026943541796,0.07531043773420605,0.053240348479062824,0.7013482424849077,1.4797352720622776
0.5369614925964379,-0.6984106918340841,-0.40905195149668544,0.801997774436055,1.0894646015144287,0.7702009817538232,0.42947140680588736,-0.09872762342434599,0.46923218173685116,0.9272068157461659,-0.4037285547772469,1.0511678736687269,0.39539142973667485,-0.44347641864765824,-0.3624691253971569,1.3010015271269069,0.8585458915716225,0.7631871688316655,1.298091771161316,1.5414790869559911,1.5149753634079184,1.6255245597542327,-0.27872560292660087,-0.19229828605936927,0.5043633158352122,-0.19036848481302646,-0.09663236425693868,0.04376322420896066,-0.5035405311760545,-0.775869425950385,0.9008047283779385,0.6996712005387511,0.30396069097361655,-0.12513546163071287,-0.4034550352819929,2.578299922408735,2.4745172497285832,0.4837640079336422,0.7620053591340162,0.342474651209038,0.32795751203949064,1.078552982703104,1.4677992333790544,1.5682862594970512,1.5642637906420114,0.8466860048294022,0.19297671574593805,-0.17270729644604776,0.019816656433827195,-0.2577607810971154,-0.07746407854404808,-0.41988904822457385,0.3222478766597654,1.5308522720476399,1.6974362110572812,0.6557206481198832,-0.12627434609361304,1.1194944780106686,0.9388094581687946,0.9753678255548031,0.3707686729077821,0.7059322241825646,0.10297755449493762,0.1472620145587119,0.5922171240626785,0.3356432682796601
0.568753026678341,-0.6965607244697468,-0.3829153466570609,0.8220069709611283,1.2584321464201917,0.9718784001897539,0.45623322034091984,-0.09872762342434599,0.20564573885143922,1.2137544609034392,-0.4037285547772469,1.4674134845400124,0.6593601091530642,-0.44347641864765824,-0.9147472077781392,-0.20351112403091293,0.002080261917982849,0.0719632170732755,0.018751285786589772,0.36827779043798153,0.482813179064391,-0.18487490851106222,0.6588494905570419,0.0036712918902818497,-0.08020503073765217,1.2522383094993406,0.21588769039975125,2.0437390610777726,1.5740448497222028,1.112564358262246,0.4766936758406841,-0.01359354819056345,0.2516655595657572,1.905828582634176,-0.05395129275343465,0.08151263118757274,0.13655992266155353,4.239830226280952,1.7912649259058504,0.37095843084888197,0.42747580911897093,-0.10789578617273983,-0.5602519769950557,-0.7047507682742762,-0.5074310332167821,1.8414860151034065,0.10614888628052627,-0.23768557645533578,-0.20339730602675127,0.8361533464665027,0.576142654356368,-0.21929549956875247,0.34075391583071,1.4815058164425667,1.1403875377519468,0.22879699791348954,-0.27905200464909247,1.6558590669873907,1.0472098006462667,0.5400700662397037,-0.019217493531773974,1.1919292330241233,0.2203003409156288,0.19074260791071365,0.6556896814636165,0.5597596881835043
0.49484039678092245,-0.6711687667741355,-0.31224724514750585,0.8477167103262644,1.2615709311631138,0.9114866248454567,0.4910750315819396,-0.06056391086767981,0.12231742552101281,1.2192871506301453,-0.11493841825475774,1.9566088862266082,0.577325382478709,-0.44347641864765824,-0.7551592158342718,1.2135298613619172,0.9753366592516644,0.8050795295442952,1.2197648026689858,1.4003979183873696,1.3859550903649775,1.472809988011279,0.1276862304379542,-0.27086989803611994,0.46405721135773526,0.2708228827869183,0.044178155500428425,1.9955468722375602,1.5249680297009842,1.075536244846312,0.8697722123386271,0.3952289297396534,0.22178262733269472,1.8086382103020873,-0.40484385269967027,-0.025889875353052684,3.001879968080547,0.06907763263590679,3.2592211615121296,0.313990871569194,0.3445438948860707,1.0209583822722377,1.3852089125945883,0.9254071001273829,1.4385059578838097,1.466867417257251,0.2903609512373882,-0.12083804676196529,-0.07509483672906186,-0.23614004285907603,-0.00029542454094386904,-0.3425886341770202,0.3695838317933362,1.6312230144992639,1.5341023545576244,0.6732117432912101,-0.4146743490234708,1.4712884602941736,1.7115434054486764,0.6822050953076672,0.31607076786331134,0.9893009402776939,0.20369137742762392,0.19869981220460056,0.5295159642592927,0.49814016815470036
0.5457734799707906,-0.6693786556270637,-0.26297189701414386,0.8778241206406504,1.2651522152372974,1.0112484029637374,0.5325280229115061,-0.06056391086767981,0.1846606370299936,1.2256091699938934,-0.07883965118944657,1.8173993624938116,0.714215704391577,-0.44347641864765824,-0.8478274867644823,0.3912962031710158,-0.08875700183316075,-0.03276768470829873,-0.1117936617006272,0.2643232451768921,0.4118520288907735,-0.09071434703036799,0.7296807043242641,0.1809157067590602,0.07369772997589995,1.274369844964172,0.579727777705968,1.9232585889772418,2.5392223101395035,1.9395255578847705,1.4387016730593343,1.1693821326287874,1.2378023232568196,2.01786060754086,-0.2282864262691562,1.3499306707862448,0.33418199444455443,2.556176071185248,0.3956062167667124,0.171571973369974,0.3445438948860707,-0.061820105828046874,0.017880268496206483,0.3590611740160084,1.3987929580654304,1.9871603257477197,0.260045229612251,-0.2522490293507503,0.013006089843264373,0.0535109980601367,-0.054579860619195945,0.017368850626747777,0.29605976080077806,2.031452579282015,1.2994083326393904,0.5622614094896382,-0.3611793401833104,1.2991444535416166,2.1315035874629387,0.6037142700945582,0.2160885487953758,1.2312414197704022,0.20235093590418968,0.3846864678407683,0.39705524758400174,-0.11317521521476548
0.5768937503241273,-0.667994492173162,-0.2875400084203502,0.8238585843111684,1.1113777037829686,0.9557721072019444,0.45872539963086223,-0.06056391086767981,0.17039724479596807,0.9631177350574829,-0.36762978771193583,1.4242407418994176,0.6372317611735555,-0.44347641864765824,-0.6690770386211905,0.2688358711000305,-0.12768725772650802,-0.064186955242771,-0.1117936617006272,0.2494725958538793,0.3731459469778912,-0.13917854875250443,0.40450096827862936,0.039481534779411624,0.03604313055038076,1.4042670958859422,1.0527660997457369,1.9232585889772418,1.0505587694958702,1.9024974444688367,1.4283575010462304,1.1258903796574877,1.2079193910237571,1.4414145034653767,-0.24530308217853133,1.2009848613978116,0.5090611921205563,2.76447962441765,0.23563614653859405,0.313990871569194,0.27819836349975047,-0.24612282720681872,-0.45930825159181937,-0.8272039414875464,-0.5471440330351615,1.838351064435847,0.5857374281693831,-0.2883415021731027,-0.2756366757783261,0.40961462743846216,0.40928676475987846,0.14357836239702068,0.14976764532184222,2.164061601629563,1.899310498262894,0.4900363170270153,-0.40072064868135165,0.951038465993178,1.945199794288674,0.6161621874320287,0.9448541408520331,1.021865935801326,0.33727307879882656,0.20153116942323332,0.32761367003700814,-0.16531893913953952
0.5115762760199671,-0.6724654317462603,-0.3407333880274683,0.48339288866149677,0.9900107648076684,0.8783040017843675,0.04516713335200485,-0.06056391086767981,-0.18262666791911106,0.7689088203479472,-0.36762978771193583,1.1727718916368817,0.5333389943890209,-0.3602404874316195,-0.7522970556782163,1.1435525287499257,0.793662131749377,0.627036996515619,1.132734837677508,1.29644337312628,0.7666577797588611,0.5500320430687412,-0.1975854663183519,-0.3029314420201282,0.2327401985929121,0.0450942714513807,-0.12470990147196404,1.8509703057169233,1.4431733296656197,1.8284412176369689,1.5421433931903719,1.091096977280448,1.2452730563150853,1.1625207306500336,-0.41707101822150455,1.2925045913577347,0.26072411759796044,2.0919494588791108,-0.027164774268986114,-1.1671656697026938,-1.0155394985334936,-0.7644742310846145,-0.08306345690702976,-0.23024472207285432,-0.5736193662474145,-0.41217696830108225,0.9217721099544555,0.7357928886041333,0.3829551624142515,-0.22358389505122575,0.47112956992410165,-0.3462928675433503,-0.05388432320088964,0.9921383889624694,0.7056719433602427,0.2871420823786353,-0.3226833366870089,0.7845080860508907,1.4792582657414086,0.3032134745880269,1.7669747105488844,1.0156017584165369,0.1653652352952723,0.11068674183047215,0.3682753303636401,-0.14367860997901308
0.5278164239550656,-0.6522966853071379,-0.3403978548718291,0.5389889120287358,0.8745601728274766,0.7763049171426756,0.10655917672730597,-0.06056391086767981,-0.09244300251374836,0.5947807531798643,-0.36762978771193583,1.1861440294130687,0.4029623362760966,-0.3186225218236,-0.6560540124044347,1.1435525287499257,0.8196156356782752,0.606090816159304,1.089219855181769,1.274167399141761,0.8698739981932138,0.5602936603567943,-0.23853042526686527,-0.289550968717444,0.26547515301059704,0.477579908727316,-0.036485889818276176,-0.22129381441220722,0.10174024908564257,0.8533675643507084,0.7146096321420706,0.24735696963723455,0.09478016534217909,-0.43993812492656104,0.9662583715185132,-0.3470143297968604,1.6886377320962302,-0.26160770448744036,1.3974825265187827,0.313990871569194,0.17868006642027015,0.8712124211519856,0.6602494301531644,0.2289546774769088,0.8957616270326243,1.0832597371398074,0.11955165747992225,-0.19069215428736788,-0.328159524324469,0.31641081403169524,-0.04164984494762398,-0.3997886265446342,-0.06963468033991846,1.7114721435295197,0.202937174997226,-0.08772242553465869,-0.3459317249729201,0.777460146901873,0.8541839021154153,0.10724824143003174,0.9384280171203,0.8569833784203211,0.062363204594222406,0.10506299139425218,0.21278307492144585,-0.33866506790473005
0.5575096688256393,-0.6206412602902867,-0.32504076893625766,0.5358484248718162,0.861886146509277,0.8424778673824069,0.10302742516950238,-0.02240019831101384,-0.09694712729636257,0.5762955626700419,-0.006642117058824206,0.8669285421584061,0.48671476840236655,-0.3602404874316195,-0.28625072097814164,1.1435525287499257,0.8066388837138262,0.6689293572282486,1.089219855181769,1.2296154511727226,1.1343655579312428,0.42027226713598015,-0.22881174355851197,-0.21371398869483146,0.15217969280344146,0.4553402974071384,-0.13273803024142455,1.802778116876711,1.4595322696726927,0.7422832241029065,0.2077452034999862,-0.17016385888724225,0.02007283475952285,0.7648379257266145,-0.4131010011157683,-0.2539157529511155,-0.13373856472639853,2.2556873416697827,1.4526786412453507,0.37095843084888197,0.12892091788053,0.8827313412381589,0.6418960255343942,0.2748746174318851,1.2134656255796596,1.000436500494993,0.3548938055046922,-0.03702900499969176,-0.3153677508611143,0.33162550802104784,-0.18700809233712948,-0.46139610773771245,-0.04337066758149603,1.5278653162255944,0.4490346912070583,0.23848426811601892,-0.3328644076358045,0.7169641780247564,0.8967083261726133,0.5462655013671452,0.2051277669947785,0.7960541127913444,0.2891267110658494,0.0956984396089809,0.1615566725378266,-0.2255650900804038
0.5642252278017632,-0.6498075242662816,-0.36898155279517647,0.38701878415749,1.0030931209227976,0.9733390019597599,-0.05557658856106643,-0.02240019831101384,-0.3271711232089138,0.7892930124957052,-0.656419924234425,-0.8596216826448317,0.6613758132307043,-0.3602404874316195,-0.3642329776451717,1.1260581955969278,0.7158016199626825,0.5118330045558873,1.0108928866894387,1.1924888278651908,1.1408165715833898,0.25141693663058967,-0.2003627359333827,-0.19957795216679297,-0.07397024722230572,0.06375185363613614,-0.09814772779730375,1.802778116876711,1.6721984897646403,0.8533675643507084,0.6628887720765518,0.9954151207435887,1.110799861266304,0.7311908793041957,-0.22366246022681777,0.40392158695256436,1.7976012490048778,2.581210508677703,0.08339969090692124,0.37095843084888197,0.17868006642027015,0.8481745809796392,0.7244863463188602,0.19068806084776188,1.19360912567047,1.3167559123896555,0.3367167594776676,0.12438629987161944,-0.3564753688366162,0.41065685609889335,-0.07214337427314287,-0.37606304300235,-0.10283355886878909,0.5333254441302658,0.6445159860532167,0.2869735376794312,-0.34996362389601976,0.767620172938048,1.5428769125464108,0.768941278512119,2.366468526858971,1.070905515904154,0.4049619752496626,0.01606800006824274,0.5298136177899292,-0.028226119525622834
0.5734251711797712,-0.6625169513398067,-0.41718814903839846,0.5415244559566562,1.0954990036180872,0.9650889442852887,0.10941619598228701,-0.06056391086767981,-0.1959296987883885,0.9370587222351948,-0.07883965118944657,0.9613151520454724,0.6500099462042553,-0.8180381091198333,-1.3946013104315718,1.1260581955969278,0.8066388837138262,1.4125187598774256,1.0631108656843256,1.1850635032036843,0.5150682473251262,0.43542640728023074,-0.2416667422683645,-0.2917047405223069,0.6380063679401364,0.20343444144395328,0.1116884549821613,1.7545859280364986,2.3265560900475557,1.692671468445211,1.0249347925351835,0.4126256309281733,-0.0023393644152740257,0.8459216630590288,0.28972195011477775,0.08421825846936594,0.8930867256492603,0.7442348102769266,3.399213123912268,0.37095843084888197,0.0625753864942098,0.8366556608934659,1.1007311410036498,1.736659372665298,1.1803714590643435,1.8489138583769902,0.2191963608685379,-0.052217828239527475,0.2565869751170473,-0.10076622317876736,-0.12439774930978313,-0.4918985212832248,-0.11405746959145782,2.0018889715553607,0.9140554499222472,0.007588799494373916,-0.2433296360784894,0.7870883654616895,2.0022973219238773,0.40302299773203826,2.6424749630580187,1.2324147905325695,0.18656112686896542,0.249228496704522,0.33870101962633176,-0.10508456621107928
0.5287096698531687,-0.651100899022914,-0.3798622868520395,0.6252641394186553,1.0797721566917011,1.1490380690015638,0.20657371521325976,-0.06056391086767981,-0.04210130871471061,0.9114418765897345,-0.04274088412413539,1.0886074603231868,0.9147569813901562,-0.40185845303963874,-0.9376323622718225,1.1260581955969278,0.8585458915716225,0.6794024474064061,0.3842771387507973,0.21234597254634735,0.36669493332574415,0.697480896493938,-0.12598520806077315,-0.2784710386015081,-0.15629216658915146,1.3391634573321607,0.701697967269759,1.7063937391962865,1.2305071095736722,0.9521092001265322,0.8594280403255233,0.3952289297396534,0.08730943228391347,1.1202663310477863,-0.22041193591223263,0.10249529618093367,1.7339339805684133,0.9704817278864554,2.6153953770847016,0.25702331228950603,0.26161198065317043,0.007293414688992575,-0.06471005228825953,0.3284478807126908,0.7832414608805492,2.3533590210241084,0.38726300335025565,-0.2567606316230772,0.38302683741213395,0.6770901081709289,0.013451722639763554,-0.37014852069199644,0.023144590288178196,1.7914577941407217,0.5991641064337396,0.0389374604325775,-0.286855903330522,0.9469238601098674,1.6190088855213949,0.7809664731226598,0.4050156755699695,1.5673656064628125,0.33090394558380215,0.49339954843982503,0.10531300341453369,-0.20604947511293564
0.4932658280691882,-0.6649940891364609,-0.3198957933555374,0.5351821408681211,1.0572576627865133,0.8875294999969399,0.10227911397794856,-0.02240019831101384,-0.14679390877665022,0.8751031312433336,-0.04274088412413539,1.3608482306798626,0.5454907270045605,-0.40185845303963874,-0.5814142331025078,-0.4134431218668878,-0.1536407616554062,-0.1060793159554007,-0.164011640695514,0.14551805059278985,0.25057668758709734,-0.16984321894099444,0.1416084416247175,-0.05961631797905499,0.041392760578314404,0.14357353190771013,0.44706408207320225,1.8750664001370296,2.3101971500404828,1.779070399749057,1.2421624048103626,1.0302085231206286,0.6849680769451635,1.533046539645055,-0.4336894102016886,0.9311007989262164,0.38810347370375603,2.104208403633516,0.0680441201941322,-1.1956494493425378,-1.098471412766394,-0.7299174708260948,-0.90896666475169,-0.9113904980716696,-0.6199511993688571,-0.36679631275767255,1.0449229269424245,0.7166208007797207,-0.2422776971413118,0.13278955432855918,1.0780178692357973,-0.058733138075713474,-0.05279982794153535,1.0230608491496322,1.1068848557749775,0.08577206655852154,-0.36079109848695096,0.9724143351761351,1.546786423622193,0.3863302204087153,-0.06374657584463851,0.8971051513894293,0.16320363964873658,0.3198530259238014,0.3181182726106129,-0.00580659730484209
0.5546507947181188,-0.6199447139633408,-0.3295858715408863,0.9929550966001987,0.6351435885455652,0.4746832494838361,0.6975267701999402,0.1302546519156509,0.792422933957108,0.26666305713038924,-0.15103718532006893,0.5637364606337214,0.060086277747847104,-0.7348021779037943,-0.48282789622028266,0.8111601988429655,0.27459205317141366,-0.13749858648987295,-0.4512105251673913,-0.5598877922503172,0.5924804111508908,2.828670765826285,-0.3084033284063918,-0.30956607983860596,0.681556322706589,0.24539265958386922,0.33346134455767884,1.4654327949952246,1.9503004698848794,1.063193540374334,0.787018836233797,0.5604975910305922,0.5131412166050541,0.6934142890574515,-0.33335058685752084,0.08968895746635296,0.01001199440851997,0.03967657520112195,0.6519964180539173,-0.4265873990667499,-0.7833301386813729,-1.029409393066599,-1.2943881617458646,-1.5619229807671675,0.6310082949100948,0.011404373819847952,0.1408016782832199,0.16347385749944504,-0.19053374660625216,0.43273384695567085,0.46531195139760495,2.1503196964728706,0.3863338514821913,0.6218125047790841,0.6349972180330817,0.6245397459381598,0.0180238321830223,0.21346618784712101,0.4508226400207564,1.238669609123902,0.27080868930724344,0.24266683617918938,-0.24496753957351675,0.1668235170876489,0.39596732869350443,-0.013946087952764977
0.553377557951973,-0.6030668250998357,-0.30597241213305265,1.2858833699647387,0.7192003330586885,0.7488376336490915,1.16367127709377,0.053927226802318526,1.345482052238562,0.3767923649503934,-0.15103718532006893,0.8776661387705909,0.36909941178241884,-0.693184212295775,-1.0779140283271222,0.11138687272304934,-0.2315012734421007,-0.45169129183459567,-0.8341423711298944,-1.0870858432172708,0.12155641454415637,-0.1487076909940144,2.233386534750357,-0.21505328629989007,0.08563983959146239,2.0284142335408943,0.4484517122832947,1.537721078255543,2.2447613900121914,1.4087892655897174,1.0145906205220798,0.7692580052928305,0.3413143562649447,1.0511471424298207,-0.17955054610795368,-0.1559433343675288,-0.17478037321113074,0.10732449620991824,0.9536680319960422,0.25702331228950603,0.21185283211343026,1.1015908228754505,0.42165517010915143,1.6524728160811746,1.359079958247051,1.6540956591589242,-0.3959812191157723,-0.1271753157963034,-0.0631782107162974,0.09401639607022302,0.06468786121811182,1.3059019262009335,1.0338123241536021,0.9978252834862166,1.400257435719547,0.5573253750625545,0.03917297187835029,0.2975719435509574,0.6186054442085632,1.6554174584989196,0.5581705339369133,0.9176344363080929,-0.23045399487805782,0.2741200501746605,1.193032197583956,0.7277510748970155
0.5656951610679531,-0.5890651505479987,-0.34960718038339095,1.1645419622142301,0.9626305976177758,0.6895775562163288,0.962506241640925,0.09209093935898471,0.7571050176007155,0.72667665619986,-0.15103718532006893,0.567284692183222,0.2978418731741015,0.13917509986461402,-0.5215087646291457,0.8636431983019592,0.32649906102921,-0.07466004542092843,-0.4599135216665391,-0.14406961120595935,0.21187060567421503,3.3151621555273874,0.18422289375107784,-0.2227378150422911,0.7562029005876756,-0.04781989985905956,0.0594441990622406,1.537721078255543,1.852146829842442,1.174277880622136,0.9732139324696648,0.43872068271095305,-0.03969302970660215,0.8497303402276352,-0.0452830409817703,0.2992274290264658,0.6176597181646024,0.263414029712341,0.2807721055050342,0.14308819373013001,1.9202502653111757,0.9864016220137181,1.0089641179097988,1.5682862594970512,1.2862727919133554,0.9083018649549921,-0.40855194323181887,-0.14732890536431656,-0.09369487331875719,-0.0348964513155043,0.08375082403108863,1.6487702657988474,0.7592866129195877,0.7120910252796216,1.9769435336892955,0.31623058345455474,-0.004378369327539445,0.8119355390179426,0.8331883117049849,1.1051549744507654,0.36156157941683514,0.4985003983925911,-0.16478039177630086,0.4382644744280923,1.9250978411572603,0.9096621007729347
0.5607972678546103,-0.5885539943020502,-0.385851647742053,1.0228940775952728,1.2877904162880873,0.5859084968678098,0.7421171952113375,0.09209093935898471,0.3709148103463077,1.2658026708448584,0.029456650006486975,0.22248736767366703,0.17910348394658338,-0.23538659060756106,-0.43116936132034245,0.8461488651489613,0.37840606888700634,0.27095193045826654,-0.076981675704036,-0.26287480579006156,0.4957152063686851,2.371055898063813,-0.17342698187785624,-0.015900782075777022,0.08639409237706851,0.17920783286602662,0.36551900904843215,0.1642436963094915,-0.27451537107703394,0.458401021247413,0.24912189155240128,-0.07448200235038298,-0.5252906784938678,-0.12811023611939268,0.5711867869309466,0.828997256609041,1.9034322171324778,1.9434248308975173,1.77231171849047,0.14308819373013001,0.17868006642027015,0.3758988574465363,0.5776591093686984,0.060581564308662336,0.9619499600632567,0.34061044311130434,-0.37732703556755415,-0.16078662228671586,0.006977893834764527,0.34609718795662464,0.14011371401990946,1.504730993300733,0.5069263277488228,0.8170554579496905,1.2358485956785359,0.32024675238546296,0.651819724643302,1.304781021073297,1.0840794975551848,1.2417245811943962,0.5007870588389756,0.06572419231542138,-0.10632746387526908,0.4456743109093069,2.2544003396470034,1.0473515827359479
0.5570335701693246,-0.5394693886285936,-0.3556367076555568,1.5635013760400893,1.1166034088177306,0.9277855273641938,1.6668546375538744,0.015763514245652345,1.5541662229255637,0.9717366095238815,-0.33153102064662465,0.6732189949740959,0.59921357919422,-0.6099482810797361,-0.665246806638498,-0.30847712294890034,-0.20554776951320253,-0.4412182016564382,-0.31196258118102654,-0.6638423375114066,-0.19454325441104892,-0.24669676175412422,2.5622636184111984,0.42215685069625114,1.7251287436218057,0.6486366853956226,0.028232492329856487,1.7304898336163925,0.9033283094322143,0.7916540419908185,0.34221943967033513,-0.06578365175612305,0.10225089840044471,0.7359740581600047,0.2116812677431662,0.22958462730927898,2.0058989949587107,0.7339989469873763,0.49944601214806467,0.25702331228950603,0.24502559780659036,2.4953801533024125,1.8165139211356887,1.1397001532506057,1.5708826239450746,1.0922227377863765,-0.2104306271885274,-0.11428503130904058,0.20276273010465898,0.42421239637747604,0.4192067891237356,1.0763322700931228,1.7056292013210468,0.8432828980240906,2.0348982501326875,0.8755713635834843,-0.18454716188804607,1.1887028907711854,1.077259954564279,1.063306852582198,0.834642078103404,0.6352520259961724,-0.145565274290979,1.2849096235797615,2.7938648447150283,0.8547127627094994
0.5475913510646716,-0.5549711908500063,-0.38677212472399214,1.6539312493527474,1.1709619082723373,1.0039410886810538,1.8436612166554276,0.053927226802318526,1.553166491900263,1.0626486614349129,-0.656419924234425,-1.0654106848998066,0.7039520672803918,-0.6515662466877555,-0.10994731303872016,0.9336205309139508,0.3913828208514554,-0.064186955242771,-0.3641805601759133,-0.4485079223277213,-0.14293514519387254,4.825814224178128,-0.05220588112330489,-0.07792363252789335,1.9372935685522699,0.6178033884242667,0.43407608366990963,0.23653197956981,-0.1272849110133779,0.08811988708807357,-0.19567750501106057,-0.3180358189896611,0.042485033934319724,0.07353976779142918,0.5595497336674815,0.22678394091293033,0.2634682385504552,1.0144247964069992,2.0113017860130884,0.11460441409028603,6.332228102501469,3.9813208444187613,2.8075977705492807,2.1116722156309375,1.723115789915529,0.9596081953476048,-0.32932452212525853,0.6189991545731962,0.08146831414391995,0.22766961720246337,0.643992033510728,1.8348942298998363,1.7096571783482233,1.1735766053606278,3.684850114657732,0.6808098374315579,0.6083182052127228,0.759844999524677,1.7224277608654424,1.0428265082275545,0.9201918310395834,0.5301833637871379,-0.14406203221672612,2.1498518562226425,1.8399905791578195,0.48806890668527614
0.5614935392001381,-0.583714337201273,-0.3745555052364753,1.3077705675475828,0.9376727331766179,0.9237841933724542,1.2011720750471355,-0.5185284615476737,-1.8137562286094024,0.6886878223626663,-0.04274088412413539,0.9126780332153723,0.5938228462099502,-0.6515662466877555,-0.30379929593298216,0.8461488651489613,0.30054555710031183,-0.22128330791513234,-0.5121315006614259,-0.5895890908963427,-1.046077056494459,3.58058192274632,-0.31497438613421386,-0.1856595529338018,1.6915688910972837,0.9234993397616912,1.3557356417725528,1.4172406061550122,1.7376342497929318,1.9024974444688367,1.273194920849674,0.9954151207435887,0.9763266662175228,0.8423751408418885,0.027272550606894687,0.02071060439146388,0.24355289711347394,1.0061777751011685,0.6928900955541241,0.313990871569194,0.12892091788053,-0.4073877084132441,2.513943296648957,2.2723920054733546,1.6172144570665172,0.6964878864439793,-0.3709346014279241,-0.1721645699516833,1.4351900622394318,0.45862882840241426,1.1171856275223988,2.0495511729711238,0.9294356066023362,0.8694559316688089,3.33792137702716,1.0318665541964671,0.10173475475186125,0.4588064846393246,1.5010652563439164,0.797508814582421,1.068443215709535,0.2916489129315974,-0.08419810120317993,1.9508773418311582,1.908629403535302,0.4577985028689997
0.5389601898073791,-0.5583460270025372,-0.32323173280781153,1.2812432247344487,0.5250523151805896,0.8916031230910209,1.155768723212633,0.09209093935898471,0.6581473833280799,0.13072123560039248,-0.04274088412413539,0.4561347059835629,0.5508754464758965,-0.8596560747278527,-0.3713703457768042,0.9511148640669487,0.35245256495810817,-0.022294594530141307,-0.3989925461725045,-0.7306702594649641,-1.1428422612766649,3.981787395491032,0.22881837272006547,-0.03333535060008653,0.2936513155217648,0.5244216866791261,0.9867984692871765,1.2967601340544814,0.8542514894109956,0.7422832241029065,0.6939212881158632,1.0128118219321087,0.931502267867929,-0.1394029980242065,-0.3842186219599279,-0.16270651371654157,0.007127191117498401,0.35782202815727154,1.1789381596353985,0.171571973369974,2.7163966419470182,2.149812550717215,1.5779196610916757,1.5376729661937338,1.0347571263969524,1.101508675889058,-0.2961343938236386,-0.13409687422857003,0.03325425690959014,0.10237177841169726,1.302123468946692,1.025117261032089,1.1913197985613746,0.21290233701060718,1.5807412155007532,0.9664933496196147,-0.1761125748408641,-0.08497661142554241,0.9540360334340802,0.07648983896066275,0.4586099302173959,0.6760902849108178,-0.18895947764821203,1.3828835040280705,1.322979262435929,1.137741698942793
0.5108566461228801,-0.5494704546593401,-0.3157692466370022,1.234898196159098,0.5928123728334984,0.6888223285645022,1.0777552766771876,-0.02240019831101384,1.2892071154886564,0.21327854707280489,-0.1871359523853801,-0.13122782544188816,0.29694962946914427,-0.8596560747278527,-0.4426395111695805,-0.4484317881728836,-0.1536407616554062,-0.3260142096967066,-0.6078644621520517,-0.8940274020181047,0.25702770123924434,-0.23384989946133092,1.8753268502312794,-0.19158894817478364,0.000199723083889767,2.008603825980983,0.19130832938870265,1.7304898336163925,1.2141481695665992,0.8286821554067524,1.355948296954504,0.8562415112354298,0.5355534157798509,-0.0732752786642403,-0.32717325050220225,-0.07787759733762983,0.3212107810299412,0.18231717707873962,0.875845593811918,0.342474651209038,3.7115796127418212,2.311077431923641,1.6972167911136822,1.2162333865088997,1.0877077928214582,0.677818013803527,-0.4029506789574572,-0.12995696139270116,-0.1169633835625529,0.033148830598318496,0.7253961009328072,0.49790145887633824,1.1408623095676578,0.5106566502341666,1.6598800278938977,0.10718723263530305,-0.2914962689255712,0.0089197822872985,1.160409649970666,0.1954179158357197,0.2847347238751567,0.2630991206722915,-0.29103230001954733,1.0294660763616683,2.2282974485397586,2.1055454236267086
0.4932883032692429,-0.7174849209681253,-0.3316152900769206,1.6448444342028603,1.1708819670185429,1.631299247108261,1.825608331224587,-0.06056391086767981,1.932681983252128,1.062513278990321,-0.15103718532006893,1.639828458548931,1.721433866795106,-0.5267123498636972,-0.43320224807141866,1.1260581955969278,0.46924333263814993,0.08243630725143293,-0.22493261618954857,0.6355894782522116,0.8311679162803315,6.00341831499434,-0.3069225766958557,-0.2079054635769223,1.2259498823347268,0.8184993429165364,0.4242445490231159,0.7666460568121457,0.08538130907856968,0.31028856758367723,-0.09223578488002294,0.0038031529979564165,-0.5252906784938678,0.012459896726103939,1.8705479489937915,0.3119312470824252,0.694135428877172,0.5673555376608966,1.7779827923119043,0.057636854810598034,1.3065540999877137,1.0900719027892771,0.46753868165607704,0.7111140470041601,0.7369096277591066,1.654300242188768,-0.18004368499413778,0.2523964254942277,1.287666725847711,2.5900218858879915,1.3261070640989996,0.03276489520635787,1.8809842673340986,1.7041153967674734,3.5272492292626367,4.151319490802473,-0.03548601814003493,1.1177050552406023,1.3677733492642254,1.8167816876264256,1.5619764655885309,1.2830900296274101,0.46985276573426155,3.0260919406166935,3.5364542331213435,5.270896898841358
0.6098733985977833,-0.7110701490570162,-0.341023314924333,1.5898430679856272,1.036772642806519,1.4953258739229736,1.717702918667591,0.015763514245652345,1.5690109099493903,0.8423819316463984,-0.15103718532006893,1.2080995722799033,1.4774915232668107,-0.5267123498636972,-0.8866374310012658,-0.3959487887138899,-0.7635481039845132,-0.8810879891390501,-1.0604202801077371,-0.9163033760026238,0.9730902166275666,0.11301925587149778,-0.28224013893323324,2.822486474225101,0.4537742896377693,2.5650703782701822,0.9699554421446225,1.802778116876711,1.1650713495453806,0.8657102688226863,1.0145906205220798,0.9519233677722891,0.30396069097361655,1.3433166340743856,-0.2767011409922881,0.06070777442937362,0.49411563403946934,0.3449215280284994,0.9551272797369411,0.11460441409028603,3.29692004157732,2.4953801533024125,1.5503895541635204,1.5835929061487102,1.0082817931846995,2.286132975942186,-0.039618348081435294,0.07110435816732989,1.0573283931608795,0.8685066762071212,1.0841077279567402,1.358185592462899,1.6040445633822902,1.412276697564273,2.379935769476777,1.709521993943827,-0.02730298714255636,0.8616316624353405,1.122804209723147,1.71910562687123,1.088648740794861,1.4547547213784995,0.19000175307441894,2.774767845041957,2.220052035303982,1.9912699324602054
0.49837327236501844,-0.7057745773557108,-0.4223492234989271,1.5822840545992372,1.5637849951186327,1.0498877741373356,1.7030564541459767,-0.1368913359810122,1.363847385160632,1.7878191468663625,-0.33153102064662465,2.5282887885220005,0.7691095471699569,-0.6515662466877555,-0.8926951946249343,-0.37845445556089197,-0.6727108402333696,-0.7344647266448461,0.010048289287441975,0.019287531347181225,0.8376189299324786,0.01728116843183507,-0.20428467843240367,2.123869296004969,0.6828266156081338,0.1990745883221255,1.0371379535600511,0.11605150746927917,0.4452779892341733,1.4458173790056514,1.0869998246138062,0.978018419555069,0.4608460851971947,0.024632463369481994,1.2693853321914041,1.1952532430914151,0.05374359820492658,0.9491404905403339,0.3480580395729999,0.228539532649662,0.11233453503394995,2.472342313130066,1.605449768019831,1.384606499677146,0.942093460154067,1.0886777567916448,-0.32717831617828375,-0.11517051288277237,0.13380192717968797,0.920222268847838,1.1676418535727444,0.9598560010833729,1.5797379983975326,2.066383826555035,1.4454494617250053,1.4846928036516904,0.2471944864990741,2.078508399293459,1.6000734656571016,1.7006504232503685,2.2976010286758695,0.6449916533554673,-0.17656601898680824,2.1057721646157104,1.89607357525821,2.2677618713948893
0.469419781978255,-0.7624644047823704,-0.40446123074033674,1.5557087729876313,1.5679705643387003,0.7602530196012208,1.651915420531901,-0.02240019831101384,0.7302805595272949,1.7961909831130356,-0.36762978771193583,-0.03326028537350047,0.38310861081254005,-0.48509438425567775,-0.632143895360225,-0.27348845664290455,-0.6337805843400224,-0.7868301775356332,-0.5991614656529038,-0.7306702594649641,-1.162195302233106,0.6149480378226148,0.22050090253749677,2.2940336725998987,0.6948244609670592,1.641601323654972,0.49860897806572607,-0.0044289646312516825,0.19989388912807993,0.11280529603202953,0.13533599940825988,-0.13537045651020252,-0.6224102082513209,0.7963747990294239,1.2623627421022847,0.37737855935456144,1.704681782697124,1.8553308813807916,1.1067411950489598,0.7982151254465419,4.1759983324460626,2.6796828746811845,1.7431003026606078,1.5147129962162456,1.776066456340035,0.5599336724498946,-0.336812870532139,-0.08367381333186494,0.3569351265254471,0.23315765206830716,0.4665816585649482,2.563767023815293,1.3497913893312696,1.04967723076916,2.524371067229562,4.488985848247478,1.0545947285289092,1.8124738776526628,1.6366636590781436,0.8850767828210456,0.4146421972454385,0.30245496084721846,-0.2418720982528362,1.296612736690433,1.9646152638050587,0.5453240316109684
0.6104117660492197,-0.731559111864314,-0.4040396977679913,1.600275501446544,0.9445679695976168,1.117288486262964,1.7379897286961623,-0.06056391086767981,2.028925611104258,0.6991348425085262,-0.1871359523853801,0.7981962748478052,0.8673683473802889,-0.693184212295775,-1.0442250267629962,-0.4309374550198857,-0.7375946000556151,-0.8182494480701055,-0.8167363781315988,-0.8197741554030408,-0.2461513636282253,-0.22012189730128595,-0.17708034818419738,3.170073140381089,0.17915979432539553,3.329560244653462,0.14405873213568934,-0.1490055311518887,0.10174024908564257,0.14983340944796347,-0.009482408775192828,-0.10927540472742271,-0.49540774626080525,-0.19305197405277938,1.1910432012786698,0.2376479084804818,1.0980412042469196,0.43542417235616815,0.3363905329136983,0.25702331228950603,3.7613387612815616,2.1037368703725225,1.275088484881967,0.9483670701048711,1.8157794561584144,1.7009504488051386,-0.1864692029809342,-0.19283491651194806,0.5109982391924713,0.19267227008380247,0.6967821666607922,0.5457885541331761,1.9141885231554971,0.5371721275066728,2.310277020855896,2.0611674088119245,-0.11949723828292039,0.9586653618845854,0.4093600875988592,1.7405894591839084,0.26793883809290076,1.3074572721468096,-0.08763044240473135,1.2453920114106982,2.0074352902674355,0.3949154527577011
0.49640473315947686,-0.7004709273176041,-0.34942338947794555,1.5405648291511362,0.9846241206057685,0.9268307882503747,1.6230175839029657,-0.06056391086767981,0.67647743425324,0.7605542743436086,-0.15103718532006893,-0.06266488196148996,0.5979263029684931,-0.8596560747278527,-0.7496782713619562,-0.22100545718391085,-0.5169898166599806,-0.7239916364666886,-0.9559843221179636,-1.2504429857704114,-1.710531462665605,0.14521171749708034,0.5532855936043645,2.2857239126985283,0.6495299321683151,1.3809717240963717,2.640932990884137,0.9112226233327827,0.29804752917051724,0.33497397652763317,0.1249918273951561,-0.27454406601836145,-0.659763873542649,-0.031145590450747513,0.353328238442765,0.6410611590600647,0.6922235140702465,1.0451400053776403,0.17109476330973417,0.342474651209038,-0.16963397335791094,1.4356395053744744,1.1649680571693457,0.450901053925961,0.8626674605173081,1.139831360925025,-0.06357209999099485,-0.09088745747209769,0.3043425888518937,0.1971597523054383,0.7555433181031758,2.4765768236363237,1.3074005906162405,1.6207738549813715,1.1793803353886123,0.5203436326953108,0.09206382622595967,1.0416941397206563,0.3152359729644794,1.4443292308002327,-0.05879900324799883,0.9045921132798643,-0.1872618640040311,1.2838012085566015,0.6425429773722263,0.4299032572510383
0.5267896315646782,-0.6783842024124772,-0.3030927443072491,1.6068058083855123,0.6797211364325733,0.8763344224413815,1.7507314424089644,-0.06056391086767981,1.7525167971948628,0.3243844001047939,-0.36762978771193583,0.3457216479073314,0.5307524111916795,-0.9012740403358722,-0.5959771455920034,-0.20351112403091293,-0.03684999397536441,-0.022294594530141307,-0.024763696709149217,0.8509238934358968,0.13445844184845046,-0.12990722849405192,2.833532586457984,-0.08614495763722174,0.5848543869773924,0.41438777467432314,0.3289344202512717,0.5738773014512963,0.16717600911393413,0.06343447814411761,0.31118692363102385,-0.17016385888724225,0.6924388100034291,-0.2649849762831728,0.1567805660470372,0.08773004876045216,0.664689482558881,0.764397873885704,0.07282223186564754,0.57034488832779,0.1620936835736901,3.0022126370940354,2.2753490366049443,2.1269788622825967,1.498075457611379,0.3873635039635124,-0.37275793921857364,-0.10819800738029836,0.30134309728939745,0.15788180800184015,0.8215904530387897,-0.026447866614567214,1.786877924396286,1.8942048530845497,2.57824160228424,1.8192353323371617,-0.2695796843648168,0.42778121437847577,0.33728120375892956,2.0546807426928773,0.8894034402173583,0.27416022688938274,-0.10685602628231622,1.518873121238413,2.5360911218586724,2.38461917414509
0.564945020252638,-0.6463379023090121,-0.4023706140215099,2.0067848469575926,0.5527658368009898,1.1337788758984428,2.594188143014974,-0.1368913359810122,2.5562674956877913,0.16405592476650685,-0.2954322535813135,0.4278030291357468,0.8918933135776028,-0.5683303154717166,-0.4997059266606765,-0.20351112403091293,-0.5948503284466751,-0.6925723659322164,-0.8167363781315988,-0.7009689608189386,0.07639931897912705,0.5420042408885868,-0.12019961800462128,4.116460362234487,0.28316583525514144,1.6054112260687807,0.6234551272432665,0.8389343400724643,0.3307654091846631,0.17451881839191943,0.17671268746067492,0.7431629535100507,0.931502267867929,-0.42316297788873714,0.5501268896801673,-0.02062271975062135,-0.01896629725164888,-0.2415977351297172,-0.06465100466907209,0.342474651209038,0.2947847463463305,1.2513367839957026,1.6146264703292161,1.1703134465539233,1.226703292185786,0.8376361209834746,-0.017901030076921856,0.18182917885740216,0.3473661991130477,0.9525481288964355,0.9207155494961698,1.4758964006460042,2.604515480845399,1.6651009515689124,2.0077192333191345,2.9589584180044777,-0.3317277597112858,0.32956715906053435,0.05434417129280522,1.5590138031288716,0.5522272112694993,0.6577081923517052,0.1470791274065504,1.7090634556591846,3.357625328965882,2.1373855451083688
0.5843907673861376,-0.723441270408505,-0.3715873725001241,1.5666341565438626,0.8584873058333865,0.7853816107371167,1.6728737664416997,-0.09872762342434599,1.7419436696230737,0.571359527467494,-0.15103718532006893,0.5880402870761281,0.4142687350207565,-0.5267123498636972,-0.9106432643433144,1.2310241945149152,1.0012901631805624,0.8679180706132397,0.6018520512294923,0.3831284397609943,0.34089087871715595,5.737509752287518,-0.0369435706759978,-0.3043277061544761,-0.09391387845853982,0.6600478975052239,0.47796071494625453,1.9714507778174541,1.394096509644401,1.4458173790056514,0.9939022764958723,0.6300843957846716,0.3263728901484135,1.2417201677555674,-0.25805119083438394,-0.11854258630812335,0.12777432824560622,0.36249488369012056,0.6837694148625878,0.228539532649662,0.46064857481213106,0.2146339762401109,0.027056970805591597,0.8259138968916009,0.7236719611529802,0.7204065204387964,-0.20860987189207691,-0.22991243483016358,0.14056595908436847,-0.081941622037811,0.5060652226205647,-0.18590473877979574,1.7803368008399292,1.8904068346011633,0.8039579651362396,0.23231319231625028,-0.3268200106287977,0.6190006655713594,1.1063031459293666,0.5782298024831947,0.3414416741835526,0.749826093320746,-0.06113718651984331,0.42848969689617544,0.5081980678990781,0.7379830557402284
0.5550156723616095,-0.6470684030890448,-0.3741405236603333,1.5350207436087007,0.7164980401695097,0.7717263786821148,1.61248276296601,-0.09872762342434599,1.426914141979451,0.3731665369764991,-0.4037285547772469,0.8689862325213772,0.39728098099954173,-0.5267123498636972,-1.1784899291115278,-0.22100545718391085,-0.5688968245177769,-0.7239916364666886,-0.8776573536256334,-0.7752222074340024,-0.35581859571472507,0.2329119315581697,-0.10964996710628876,3.1182060365342275,0.30872222850480213,0.6215651988906326,0.9745034073066259,2.3087960996989403,1.3123018096090366,1.729699581861145,1.0869998246138062,0.8562415112354298,0.42349241990586656,1.1624242448493272,-0.46355927123881724,-0.3554936229331312,0.2523477806588875,0.1020068415944467,1.0384951758875003,0.28550709192935003,0.42747580911897093,1.1246286630477969,2.963601709808828,2.2723920054733546,1.6172144570665172,1.1538061335126681,-0.3118827545470557,-0.08261881949146924,-0.051205797560516735,0.03826044730703212,0.2410623813741354,1.0675763967756304,1.5429404678060845,1.5331885552474818,1.9455642405795424,0.2472593967983616,-0.5226054668334299,0.4486642180400757,0.9006886613671773,0.627037316811058,0.7349179772880203,0.9223032805858711,-0.17924555695607403,0.35878692071528545,0.7223305684711813,0.838628386207629
0.45315678026388573,-0.7338992412213055,-0.36922269322228474,1.1137058631923045,1.2434543055365121,1.0042971787875783,0.8816210528227083,-0.1368913359810122,0.667442121631165,1.1874585778208366,-0.25933348651600224,0.48519923218501937,0.7044513534991687,-0.5267123498636972,-0.8298350947898362,-0.7808241180798438,-1.036059895237944,-0.7973032677137907,-0.9559843221179636,-0.6861183114959257,0.7731087934110081,-0.1485028498440492,-0.3199448306800827,1.4432009442433744,0.12738191836007542,0.39643367734586304,1.424002534587819,0.04376322420896066,0.15081706910686124,0.24857504522378732,0.10430348336894858,0.6822744993502312,0.5579656149546478,1.2024040796534832,0.913887902083567,0.04711267859250963,1.292299286895356,1.3417158171596077,0.9026320775147798,0.171571973369974,-0.26915227043739126,1.0900719027892771,1.669686684185527,0.9789803634081886,0.915618126941814,1.3120774865668565,-0.11817372511909591,-0.01439573900804252,0.13749694253428452,0.35838051824097156,0.862369332394495,0.19485196526558063,0.6841769044100262,1.964738621069219,0.6201919307501166,0.7922256831333505,0.9381397206727815,0.7603926063804102,1.8303228228437303,0.6966709449895819,1.6337140644686114,0.9274130066539523,-0.16302554553148646,1.7194488117350035,0.39961286719499245,0.61151729314428
0.5229809984513484,-0.7618765799269543,-0.28839368863288684,1.4394006921638234,1.2816154366527288,0.9163913677088774,1.4345363393159454,-0.1368913359810122,0.9051300287616769,1.2547997007284895,-0.2954322535813135,1.0008085592753986,0.5838924985603393,-0.3602404874316195,-0.22814696691731923,-0.3434657892548962,-0.5429433205888787,-0.7239916364666886,-0.6687854376460862,-0.7752222074340024,0.7860108207153021,0.09783432382411512,-0.2608010381716138,1.7858346121764195,0.85910453023337,3.0839414128879805,1.1147659199637168,2.1401234387581973,1.4758912096797654,1.0385081314303781,0.42497281577516527,0.25605532023149447,-0.22646135616324276,1.048986870362884,0.028230701798835234,0.6059299352146352,0.7670873036988871,1.4476583448295426,1.690201823022485,0.9691178032856059,0.6265124032779316,1.1131097429616237,1.3852089125945883,0.9942870100598474,1.0744701262153318,0.5372520246512312,-0.19234082382336076,0.17189527188048181,0.5453268481302168,0.677803662476403,0.6579841436391273,0.904298144156085,1.3072262202056781,1.6006314264631716,0.8429833001903941,2.5938801100772757,-0.16051680631915746,1.1079014810078618,2.295304868004878,1.0247085847837318,2.2362994449552156,0.4226017253871119,0.014590127288136048,1.6514867426641462,0.8579783438103616,0.4054209458331131
0.5477840607191816,-0.65167975651232,-0.3373106713878614,1.6139268120017456,0.8957668271767977,0.7185769542330313,1.7646633879925357,-0.06056391086767981,1.6683988339946452,0.6259897836146369,-0.11493841825475774,0.6549561414058657,0.33240481353852336,-0.9012740403358722,-0.32509089338264024,0.28633020425302835,-0.10173375379760984,-0.09560622577724327,-0.4686165181656869,-0.84205012938756,-1.3299216571889292,0.2585234392002938,2.9417602589423697,0.12005136299558719,0.2716828602572432,2.6539576794298947,0.4387652753446584,0.6461655847116149,0.036304489057351,0.05109177367213963,0.4766936758406841,-0.06578365175612305,-0.5327614115521334,-0.2596158470989551,1.0753893152467582,0.31878096563585767,0.20726871063342564,1.080785582719517,1.2126084638225063,0.057636854810598034,-0.0037701448921104116,-0.5340958293611497,1.3026185918101223,0.9942870100598474,0.3662549627875653,0.9121672956836738,-0.24697833746153805,-0.19158602514335396,-0.020466472790175917,0.19996710750381286,0.024180019355776516,0.6423355942246458,1.8785515059964886,1.1445817630466961,0.6859523111204668,2.4294740188962884,-0.14305274556942585,0.816584906568019,0.5575126983089439,1.2201143095254494,0.9745442966733411,0.5745325056958622,-0.16806743199875024,0.7231197154317844,0.47673813223996736,0.06147922737443316
0.5014119352397683,-0.6685033235685756,-0.4128626691558149,1.3062230906565246,0.7386063534016496,0.6399588144686221,1.1985084779040611,0.1302546519156509,1.134516174733335,0.4029971334937168,-0.04274088412413539,0.5294683598243504,0.24007074604690876,-0.693184212295775,-0.6167875109263722,0.07639820641705353,-0.27043152933544795,-0.535476013259855,-0.85154836412819,-1.1242124665248028,-0.9880179336251357,-0.025544420902966172,2.176218897841607,-0.1957601241362244,0.5971984086033466,1.4790432777569624,0.6553249110034627,-0.24538990883231337,-0.1272849110133779,0.35965938547158915,0.3629077836965427,-0.030990249379083314,0.5131412166050541,-0.2299452565778949,0.8006680739079017,0.3998532856924258,0.3650814114731596,0.32683790542336205,-0.14069822723902423,0.14308819373013001,-0.18622035620449098,0.3989366976188828,2.1927587158204784,1.4381797629579518,1.19360912567047,0.6811369185334509,-0.3126789925037938,-0.24181242440200568,-0.1123543933942131,0.4000255902594486,0.30114044054907,2.3802421246067285,0.8597422805148454,1.269771050097026,0.29332937752571836,1.5775491526522851,0.27034556465884846,0.5340858113837154,0.02871684035648775,0.2833094081867467,-0.05814437907431367,0.41751796805939384,-0.20317022825167813,0.652833065436737,0.7088691831877706,0.2983500534535449
0.46155732688995604,-0.6523505070612173,-0.32350880850380315,1.270046804902975,0.601500637982813,0.8724943417697105,1.1367690240376762,0.053927226802318526,0.9097253444756909,0.224121974262239,-0.2232347194506911,0.12735768880900744,0.5257171784892891,-0.48509438425567775,-1.02628946546498,0.18136420533504094,-0.16661751361985527,-0.5040567427253828,-0.764518399136712,-0.9237287006641303,0.7344027114981259,-0.07940878168272457,2.140127995080041,-0.22361241358890893,0.6251521539875666,-0.006842485821931556,1.03536102520981,0.5015890181909779,0.052663429064423894,0.11280529603202953,0.1249918273951561,1.1519854314402675,1.9101682985007258,-0.20609965268406463,0.5352061997087396,0.1232855731264471,0.18412131792385614,-0.20599468883565514,-0.18531778404884014,0.25702331228950603,-0.30232503613055134,-0.6492850302228822,-0.028003243050719082,1.2315400331605584,0.5979141283947786,1.5076387643140892,-0.3676770124534612,-0.12599993081673672,0.08733821597430921,0.0686347297763678,0.28862916335426664,0.7598973519682232,1.0262929558758656,1.3242626687796388,1.3676653697362495,1.9226865634144117,-0.10915697012100682,0.3241323051701016,0.21980643767682057,0.38922440281910603,0.3293874223754644,0.8586341313150018,-0.1991968288390126,1.0485744713293168,1.1929655861729997,1.076023578967943
0.480768904597553,-0.6460604537686983,-0.27531516756584296,1.4583456204841647,0.5501421224495294,0.7866222306873616,1.469229245016968,0.015763514245652345,1.4918190884192615,0.16087448469613025,-0.1871359523853801,0.430977244916208,0.41581860075224863,-0.693184212295775,-0.8892909675645059,-0.3434657892548962,-0.7375946000556151,-0.8496687186045777,-0.764518399136712,-1.012832596602207,0.7860108207153021,2.675547990490594e-05,-0.2703320348216128,3.080721947081341,0.25170145694165524,0.2781095871013684,0.7268911845853989,1.7304898336163925,1.5249680297009842,0.7916540419908185,2.2041704020290127,1.5782046105590042,1.7009877728692884,0.4613964457111552,-0.4524235547668959,0.06416518663784025,0.09606993886836022,0.5414494250883389,-0.048954170627526855,0.313990871569194,0.3445438948860707,1.5969043865808998,1.8715741349919992,1.3769531763513168,0.8229544606989287,1.0930195144138144,-0.28971260343576144,-0.12523669490020456,-0.030035145460122786,0.32587302675756297,0.36739564606181724,0.9605481259656754,1.5146891561649527,0.7568201947972805,1.1892638126490747,0.6602942671334888,-0.40172566644761487,0.05636588805869726,0.8997872488563077,0.66426238836387,0.47641281533198093,0.6639922568485208,-0.19830166499161064,1.0427685055547204,0.49892942698312004,0.8884089506007052
0.47181662260985013,-0.8322991149181076,-0.4460803164361076,0.476707459799112,0.7996555887412818,1.1653400112151813,0.037946144212895695,0.09209093935898471,0.07333036526123615,0.4873412204233508,-0.07883965118944657,1.0226479305712475,0.9393633524297296,-0.5683303154717166,-1.5163197871939043,0.8636431983019592,0.3135223090647609,-0.12702549631171553,-0.4425075286682435,-0.42623194834320216,0.044144250718391814,1.0255017313929633,-0.41544601823589733,-0.2759651407110594,0.27337008685243924,-0.31137226019249203,-0.07786552516849161,0.1642436963094915,-0.1272849110133779,0.026406364728183668,-0.2680867091027869,-0.35282922136670086,-0.6074687421347896,0.06513228131608809,1.6278782684212951,-0.18165817283817678,0.45313408226643626,-0.09673050623292902,-0.10068817708648477,0.28550709192935003,0.14550730072711007,-0.2691606673791652,-0.184007182310266,-0.5593376250835179,1.0016629598816362,2.1708471181417766,-0.004541122070246551,0.1472141634940128,0.11412831365745009,0.14184622637592204,0.06538523731496744,0.736599286411835,-0.0803939828704827,0.06316854631014111,-0.38926581912440317,0.07956568012703082,0.9537058552469715,0.5600467573460287,-0.32598117832902657,-0.1721872633085434,0.10671031908377854,1.9173820321025656,0.24603949877906767,-0.05133748313056957,-0.37098117925426766,-0.3265152029087918
0.4647020946109398,-0.8707744838989657,-0.4859931173715286,0.5435867140864411,0.7537724161253005,1.1576147446800646,0.1117435984122483,0.053927226802318526,0.20529057249614083,0.4236800494429007,-0.11493841825475774,1.293548916925989,0.9276795129900025,1.0131523776330222,1.663122423118269,-0.27348845664290455,-0.19257101754875344,-0.45169129183459567,-0.8254393746307466,-1.1019364925402835,-0.020365885803078656,-0.23029625953910557,0.6858792739593367,-0.33195082546173654,-0.1292059426100423,0.89192429672993,-0.22212132271847074,0.33291635725023466,-0.11092597100630502,-0.26981854259928784,-0.3301517411814095,-0.5615896356289393,-0.9735346619898052,-0.2393709033687211,1.8198996080119119,-0.12127284973700585,0.6722064752093053,-0.0826679473107713,-0.24230697895994155,-1.0247467715034737,-0.9989531156869136,-1.029409393066599,-0.9548501762986155,-0.9879237313299635,-1.3546416960088765,-0.08217416493863935,2.4632631534915177,0.4766717115743582,0.08003023792229177,-0.03132944404165736,0.0942360561020384,0.1454532272989219,0.1312144174020476,-0.03231311348224629,-0.3308038339148358,-0.06493214230943677,0.47193643854085127,0.6902639698612801,-0.4204764772270977,-0.2845804712725433,0.27978908560901616,2.215530745013171,0.01664098737107334,-0.08458117482408178,-0.16466332055499772,-0.23826891312350562
0.4683767085426855,-0.8546971698560628,-0.48083031698155493,0.4920600889513577,0.9978542247326558,1.2525841615739066,0.05458023412314494,0.1302546519156509,0.008821887105198383,0.7811141073530611,0.029456650006486975,1.892263846957105,1.0742165116398388,0.9715344120250027,1.6268393660151999,-0.028567792500933897,-0.3093617852287952,-0.3260142096967066,-0.5556464831571649,-0.30000142909759353,0.22477263297850913,-0.24941794685630259,0.49510314213371104,-0.2843690556527048,0.08256004370595363,-0.297974060080464,-0.2907222243748129,-0.2935820976725257,-0.25815643106996106,0.33497397652763317,0.6008237399979293,0.30824542379705405,-0.19657842393018027,-0.19084327431474918,2.5488978734854024,0.23411318885192234,-0.08877187779419175,-0.1208079122572722,-0.31739234271167055,-1.1101981104230059,-1.0155394985334936,-1.0754850734112922,-1.3035648640552497,-1.118030227869063,-1.5267313618885208,-0.22962115943565084,3.1423180841326395,0.8955802763050006,0.18219623572564295,-0.2890630895838712,0.02553857620261103,0.844051063978909,-0.016175714531174303,-0.2628555778346052,-0.45866084422983633,-0.37264596124716626,1.9867947296258677,0.46689344552769846,-0.07167070519086138,0.06130691882449447,0.2562273835559577,3.0956247344616177,-0.18562420780338093,-0.36408361761715136,-0.32565147740961303,-0.3975665388005549
0.4824826835177602,-0.8691859533617335,-0.4410213143199442,0.5424759887288375,1.1760589876264205,1.1672674869808057,0.11048965750673605,0.09209093935898471,-0.06970465762570627,1.0712909321213706,-0.6203211571691137,-2.3734553326535597,0.942285023090462,-0.06891472817548337,-1.052799802158647,-0.4659261213258815,-0.9452226314868004,-1.0486574319895687,-1.190965227594954,-1.5400306475691605,-1.871806803969281,-0.2141592499648108,-0.40859690973883445,0.8183098237474778,0.17547295968431445,-0.009468449945916984,0.19197055445482658,-0.0044289646312516825,-0.22543855105581526,-0.08467797551961816,-0.37152842923382456,-0.335432520178181,-0.13681255946405527,0.39109325573375864,2.74612323762337,0.20380677790976956,0.575761469271716,-0.15074497368709416,1.0539416133539423,-1.1671656697026938,-1.0652986470732337,-1.121560753755985,-1.2668580548177093,-1.1409901978465513,-0.977368197734272,-0.42385120489361017,2.214490527590892,2.2272489498697623,0.03207666220803942,0.07012385836022351,-0.22161615726198006,1.4629112883326083,-0.0673095001695015,-0.23347023168636716,-0.33312638917313936,-0.3394137505685025,2.3310885418951046,0.6606781877641116,0.243415939900677,0.11398235233162184,0.46929091540121476,2.692180470872911,-0.0875333359367697,-0.35657771121552345,-0.1910237783757405,-0.20656581179331418
0.4600870129056839,-0.8347570818117387,-0.3691350687326023,0.6521267449823129,0.9404727821943719,1.7395366115894293,0.23889234258440467,0.09209093935898471,0.19826879719995852,0.6929257445298813,-0.5842223901038027,-1.5302449408405214,1.924879246292153,1.0963883088490611,2.9055279579877102,-0.5184091207848752,-0.8933156236290041,-0.9962919810987817,-0.938578329119668,-1.10936181720179,0.31508682410856775,-0.25948063368829816,-0.31136779851018054,1.0326336897027164,-0.09286040284871436,-0.06829686008084836,0.10882298650254343,0.30882026283012853,-0.20907961104874237,-0.20810502023939795,-0.38187260124692834,-0.43981272730930016,-0.26381502145457086,-0.1930881188135961,1.9273470283390788,-0.0011572776468483771,0.8394315143591453,-0.17606880734652142,1.0443597385367955,-0.9392954325839419,-0.9989531156869136,-1.0754850734112922,-0.8630831532047644,-1.1486435211723807,-0.4412427001861497,-0.34629183710129124,5.103783621931283,1.6860185641496859,0.19734455260866812,0.2579350151798774,-0.20693600528550535,1.3097747560208688,0.06393735681231294,0.092651799421307,-0.2898047831288553,-0.3391509299311409,1.021149437566419,0.5291323252266504,0.4297904766237181,0.14660080548667068,0.15189733237976988,4.859448698643407,-0.00512143728907223,-0.06627316888869557,-0.1968991712064639,-0.06266169768758617
0.40948385829489514,-0.8229704902197865,-0.2811662461143946,0.48586144637596657,0.8193615662340699,1.2220509232190664,0.047842203680725025,0.24474578958564924,-0.06391055262717966,0.5151842667039135,-0.6203211571691137,-1.7315544498966773,1.0264145442540462,1.470949999321236,1.4345114554401384,-0.1685224577249171,-0.4650828088021843,-0.6820992757540589,-0.9298753326205201,-0.9088780513411174,-1.2718625343196057,-0.2397337571120582,0.5535276989065374,-0.174855187870613,0.022892668566732666,-0.20448545726536543,0.1587946309386535,-0.41406256977305655,-0.4053868911336171,-0.5290153365108254,-0.8059836537841827,-0.0048951975963035166,0.02007283475952285,0.0012886965548920728,1.0009595030069258,-0.2285435533574332,0.0054904319283723725,-0.31318439504065637,0.4344442999679188,0.11460441409028603,-0.3354978018237115,-0.6262471900505356,-0.7988462370390685,1.246846679812217,0.942093460154067,3.45080215307274,0.8366155522107421,-0.0021506816815653027,-0.13950105004411148,-0.3081463571181736,-0.20681380288230333,1.8672830773445517,-0.26246050250578823,0.05047377531277915,-0.0828883119601814,-0.21488623080175154,1.8019125557974442,-0.032849524947358245,0.10289879802353441,0.4884970269037665,0.8783906367622569,2.864061913951321,-0.16304046665741748,-0.19257673479590323,-0.1289250750875108,-0.15143264305991977
0.4387854490631392,-0.8654726386890697,-0.34776975393157517,0.4301985093371536,0.8718490885100528,1.6464580552816945,-0.011329503930251277,0.09209093935898471,0.1069416239851019,0.5908161249771395,-0.04274088412413539,0.6748068985873009,1.7494322675176806,-0.23538659060756106,-3.4913829483075465,0.8636431983019592,1.533336993722975,1.5172496616589999,1.4025277291510896,1.0736836332810884,0.4441070971515087,1.1998546120937537,-0.28182152953253975,-0.3481457037604623,-0.19936086865172697,-0.405011150704168,-0.10426560157755102,1.4172406061550122,0.494354809255392,-0.183419611295442,-0.49565849339106977,-0.6485731415715386,-1.0034175942228678,1.5478186176783384,-0.29816181068978015,-0.04026643393722639,0.33886065927906056,0.19684666105777274,0.6611480684701996,0.171571973369974,-0.26915227043739126,-0.7875120712569611,-1.0190870924643114,-1.2710966943856508,-1.6392515280405957,5.685320376956072,-0.05638135530368202,0.9365131915552913,0.25135394139442496,0.1209579018500551,0.38157552137852313,0.4511571222318676,-0.10823905003670538,0.15765995616866435,-0.08583227695143819,-0.04809542799112227,0.7813623673304577,0.6074881173398609,-0.018885673221291952,0.2995852212102521,0.19467927531998047,3.977801682327106,0.3455781451932071,-0.1997370979906856,-0.18651407621066426,0.22966823956265475
0.46872011839183664,-0.8873726388153376,-0.4279698905448467,0.6116199381923976,0.6939195537042077,1.456386811279,0.19037251296747748,0.053927226802318526,0.12252275347713909,0.34309321582789576,-0.04274088412413539,0.8202080479316293,1.4100198118900662,1.0963883088490611,2.241329882701506,-0.011073459347935992,-0.28340828129989704,-0.49358365254722536,-0.3728835566750611,-0.5227611689427852,0.30863581045642074,-0.08537208488694134,0.7864526006841909,-0.3073444310023186,0.0029140755548655623,-0.27648538001337325,-0.12073923163709785,-0.34177428651273806,-0.1272849110133779,-0.07233527104764018,-0.40256094527313585,-0.43981272730930016,-0.34599308509549276,-0.3134279373113383,1.2076460494732224,0.12532915788849616,0.6753912876430047,0.07405353582369108,-0.050162034118625236,-1.1101981104230059,-1.0155394985334936,-1.0409283131527725,-1.0466171993924667,-1.079763611239916,-0.9707493644312087,-0.3780117933368042,3.228441060756522,1.2539995935487405,0.8527487308735141,0.1258066131937082,-0.08369976571885956,1.1851110711799662,0.0008945805844777394,0.21618731751011527,-0.03377768640118814,0.07498386173886634,0.2908826348215991,0.5095725162729078,-0.16282626632459773,0.04201354302618651,-0.08621280646256839,3.205148958472599,0.3096855273895806,-0.14593856707382732,-0.2566240817693614,0.1821630300364557
0.4335957525505938,-0.9214695163385161,-0.42814525573403706,0.7622122183599501,0.8429336162542455,1.3481353245132708,0.37718141654124177,0.053927226802318526,0.4876703803506729,0.5488858006456351,-0.15103718532006893,1.4320080857499182,1.2280304343359576,-0.6515662466877555,-1.3035181346990639,-0.6583637860088585,-0.25745477737099887,-0.1060793159554007,-0.35547756367676553,-0.4559332469892277,0.06349729167483295,-0.23276994048809382,0.775120857290634,-0.31630545533524407,0.8868241264601756,-0.07329292467770385,0.007848624087726932,0.35701245167034085,-0.1272849110133779,-0.17107690682346402,-0.22671002105037188,-0.5615896356289393,-0.24887355533803965,-0.08198664759411231,2.3284755553935232,-0.18989718944538744,-0.053823874433093,-0.3417766525046783,0.30736927157754496,-1.6229061439401977,-1.5794765153172154,-1.5823175572029147,-1.4228619940772562,-1.6154962440479732,-1.7981035273141135,-0.18915230138480343,0.2032350289031717,3.933604926737934,3.5487998233360583,1.9017763722279168,0.24500865493807678,0.6753529356533333,0.24133193231180716,0.5165197119598769,-0.013972808630696049,0.35231910352321716,0.817461302261335,0.627348539880322,-0.1179763401402367,-0.1398009926049006,-0.2521222796332121,1.856552069206918,0.6487238699107608,-0.12793832422426898,-0.05046058255694621,0.7157837427353138
0.43392688531102447,-0.9341275192959592,-0.4315326585179926,0.6640532914387528,0.774270655111942,1.3115156046397418,0.25342060928970905,0.015763514245652345,0.3668911467928036,0.45191858498029164,-0.11493841825475774,1.4170287059787432,1.1683254371296101,1.0131523776330222,1.971991690154272,-1.0782277816808081,-1.2566646786335784,-1.4152155882250785,-1.5303820910617183,-1.012832596602207,-1.181548343189547,-0.18056089471848513,-0.2596010115707338,-0.30769857242463644,3.0869576523669098,0.9893773345059964,-0.10808582185984046,0.38110854609044703,-0.07820809099215924,-0.35621747390313374,-0.19567750501106057,-0.45720942849782004,0.1545460298083041,-0.1401982563967598,2.264181814260019,-0.08933129181018366,-0.09981844269259096,-0.22253549562576208,-0.3240942886236905,-1.1386818900628497,-1.0818850299198137,-0.8451066716878273,-1.0099103901549262,-0.9266971447233284,-1.2950721962813074,0.32432230451207905,2.84740216573723,0.8277894453926333,0.45711449028598655,-0.12599889503645462,-0.2074309206361151,0.9642409266840689,0.12913013392410655,0.0065607566602742555,-0.33620170337959066,-0.2822248279668479,0.4478343616901119,0.697947151497648,-0.3033109527556989,-0.08538599408429617,-0.25840996289181856,2.516707222670524,0.1940895044107258,-0.19873292668015122,-0.37862222687527364,-0.3557984347322777
0.45581427375563044,-0.9484036146192337,-0.4396756121845567,0.5719137875261475,1.0864815205280793,1.2910373460222768,0.14404639139325465,0.1302546519156509,0.11334753929303198,0.922347010216192,-0.006642117058824206,2.5842710046926096,1.1353473093107622,-0.3602404874316195,-2.07822830843604,-1.0782277816808081,-1.2696414305980277,-1.0172381614550965,-0.9559843221179636,-1.072235193894258,-1.033175029190165,-0.17413457767272647,-0.3383383633813426,0.718172353338621,-0.13454520433396722,0.6692127767060243,0.09851699320930452,0.21243588514970385,-0.20907961104874237,-0.4796445186229135,-0.5163468374172773,-0.23975066364132172,0.049955766992585346,-0.12818190890100473,3.046781408145518,-0.21073379472458964,0.628561850282842,0.0712287001246039,-0.1410126160478662,-1.1386818900628497,-1.0818850299198137,-0.9833337127219062,-1.156737627105088,-1.1409901978465513,-1.4803995287670781,0.1282060090011685,2.6764912577349484,0.9419915465612334,0.6578415491672588,-0.06312091493640472,-0.17023798919533648,0.9725171388635162,-0.006145629584050291,-0.024880919498669992,-0.31154983189172286,-0.21577384230042312,1.7906427428201215,0.8214879329396874,-0.1059504676891769,0.1759361169114485,0.013024875558667671,2.6539487762710383,0.04104211523210742,-0.0966110139928917,-0.2805802128067463,-0.4392665622381435
0.4769015125675999,-0.9506430622962895,-0.46756462187017017,0.5968730686478964,1.0500002818818985,1.1705630710416934,0.1730243000202763,0.1302546519156509,0.03497492752922659,0.863473481380396,-0.04274088412413539,1.5991929801356684,0.9472865062332899,-0.3186225218236,-1.3168091355194724,-1.0782277816808081,-1.2696414305980277,-1.0486574319895687,-0.4599135216665391,-0.5821637662348363,-1.039626042842312,-0.22446549790343304,-0.31768540073720897,0.716595891697804,0.3029862792940334,-0.0363421792080863,0.0741517147197922,0.21243588514970385,-0.1600027910275237,-0.059992566575662196,-0.4542818053386547,0.01250150359221635,0.07983869922564785,0.6142941747868479,2.559698029057532,-0.18135659545912028,0.5622582381513181,-0.15221448901231374,-0.017832542590832647,-1.1386818900628497,-1.115057795612974,-0.8911823520325203,-1.074147306320622,-1.1486435211723807,0.27359129654467995,0.10885574295699138,2.298530169664071,1.0770290269977545,-0.3834868346864874,0.1822650718112431,-0.2159060735162362,1.364895511472341,-0.06020151112699381,0.13301483494808958,-0.13570522729062612,-0.13975063223073053,1.7306706666921823,0.7825561265602097,-0.17850542405451061,0.0003101255522610431,0.005046904750022002,2.0961125893155645,0.15688302128012505,-0.23513714894449622,-0.16850295123001474,-0.3459116841272426
0.47773621343564504,-0.955723326352667,-0.4392028694663183,0.4056632937002222,0.7114360188656635,1.2830554063402078,-0.03664853794543868,0.1302546519156509,0.05511152967316029,0.36638977768554265,0.029456650006486975,1.3406738308308337,1.122572822128917,1.1796242400651,1.8850136878347008,-0.4659261213258815,-0.3353152891576934,-0.5564221936161698,-0.9037663431230768,-1.1910403884783602,0.11510540089200932,-0.28781086901917746,0.41744527436991613,-0.35001898819645616,-0.242141131188361,0.4667538032907003,-0.19144175821782297,0.04376322420896066,-0.27451537107703394,-0.5537007454547814,-0.526691009430381,0.5691959416248521,0.4309631529641322,-0.22672694885199973,1.9986827635618518,-0.16248486832049014,0.029019330643695815,-0.35893150843665583,-0.39853486044860187,-1.1671656697026938,-1.098471412766394,-1.0409283131527725,-1.1383842224863177,-1.4394698075538972,-1.8179600272233032,0.05333011357571658,3.2289162591987135,0.6312716594192155,0.1565581353325867,-0.2913167347462641,-0.1490644784409284,0.7640950933786788,-0.16308656055270654,-0.06870208797734853,-0.2573388886992702,-0.22359216309059196,1.5645065971470196,0.021914469706811754,-0.1468595093948545,-0.13292247620144687,-0.2802474801691854,3.0456403108990684,-0.13176371255475963,-0.40243491129993275,-0.328676654071207,-0.35107506544371525
0.46855642031075123,-0.9350759352019594,-0.4213219749045132,0.41285361562889006,1.0132626762962416,1.2596806456083778,-0.029276855958342254,0.09209093935898471,-0.13566966554314622,0.8052304362570899,-0.07883965118944657,1.8746409292616022,1.085420141690148,1.3044781368891585,1.7869742253393244,-0.4134431218668878,-0.36126879308659154,-0.5878414641506422,-0.5817554726546083,-0.9088780513411174,-0.020365885803078656,-0.2857875276123713,0.2132163757549531,-0.12758531817600072,0.5032215504661862,-0.12361886475347564,-0.07098171897580775,-0.2935820976725257,-0.22543855105581526,-0.5537007454547814,-0.5370351814434848,-0.7616516992969177,0.2516655595657572,-0.1498759938168232,2.7265521551113854,0.034754591963987155,0.18656587534351832,-0.2340293206202301,0.2451638511205873,-1.1671656697026938,-1.115057795612974,-1.1330796738421582,-1.1659143294144731,-1.4547764542055561,-1.4605430288578882,-0.08284721420883846,3.0026772897661966,0.9969435985812101,0.5883690742475031,-0.14017726548401355,0.09247404205454884,0.636856173828928,-0.16709058891012538,0.1733526173471278,-0.28219124401726564,0.2614329307834708,1.9787578011568088,0.4539742584194211,0.10254058889336153,-0.1105748483191732,0.4907276089729278,2.9008825733208448,-0.08069176399183042,-0.34614610040742916,-0.3474415847308533,-0.3605525342166172
0.4466907306579727,-0.9420979987612016,-0.46519591033404667,0.46869388530884304,0.8071126011720652,1.446139311491965,0.029336276276234217,0.053927226802318526,0.1895308426047832,0.49784195307898405,-0.11493841825475774,1.8867987777517503,1.3924400711779052,1.0131523776330222,2.251518052448011,-0.37845445556089197,-0.2315012734421007,-0.4831105623690679,-0.8254393746307466,-1.10936181720179,0.005438168805509531,-0.2727021134467588,0.5728594441820186,-0.30088240483082157,-0.19468895074400847,0.8926385168609,-0.1484526229632398,0.4774929237708717,-0.07820809099215924,-0.4426164052069796,-0.8059836537841827,-0.9878088147476759,0.29648995791535093,-0.16383121655509453,2.4277269220850197,-0.2825635699876329,-0.28740117811184535,0.2567346068427739,0.05988563499751844,-1.1671656697026938,-1.0818850299198137,-0.8451066716878273,-1.0374404970830815,-0.957310438026646,-0.5670005329443513,-0.18739634746752587,3.7142521888505664,0.8676489752998789,0.026878190370889538,0.027710669764113426,-0.29521523442196373,0.18553850056558985,0.02645138888296009,-0.05538093609181617,-0.21275246065219192,-0.14395092694930187,0.48453426510141406,0.6812337618080445,-0.10848444552857979,-0.25349063822388646,-0.047207154633992665,3.441173039360309,0.11972673935163407,-0.3527070124210138,-0.3331838208974939,-0.3786693611356933
0.4304061606225766,-0.9785468207159007,-0.482678771387044,0.36838126599112303,0.5335007044155431,1.2791359749072142,-0.07422818026598037,0.1302546519156509,0.10498594014924283,0.1408200390389366,-0.04274088412413539,1.004862672146902,1.1163164164445092,1.1380062744570807,1.9631194568904429,-0.37845445556089197,-0.27043152933544795,-0.5250029230816976,-0.895063346623929,-1.1761897391553475,-0.16228818615031368,-0.28015615021415874,0.40522069541933237,-0.35316120181549426,-0.267010073944781,1.1164786749292372,-0.3221260427440468,-0.34177428651273806,-0.19272067104166948,-0.5290153365108254,-0.919769545928324,-1.1878708784156544,-1.4666030438353364,-0.420420701380595,1.6246864714939808,-0.2720925518054133,-0.29963476387360494,-0.038772324255557294,-0.3191840943177365,-1.1671656697026938,-1.0652986470732337,-0.9833337127219062,-1.0925007109393923,-1.018537024633281,-1.0237000308557147,-0.2864705916452354,3.262495941352856,0.3672550689564657,0.45245128347138264,-0.223369624418535,-0.17021958775431784,0.375482040889048,-0.08674323080115166,-0.3268540138551254,-0.3591867483769956,-0.3869827651481785,0.6500971045235182,0.11373420452293,-0.32091514323506537,-0.33706188279691157,-0.36702540437759607,3.03420663048741,-0.06802390567177852,-0.3399340748558938,-0.24895091328388258,-0.25569421199266
0.4313440403686742,-0.9656610739261823,-0.4521753256308559,0.3161302764352044,0.5779122108024489,1.4205169817114707,-0.12508274664857186,0.1302546519156509,-0.01936165886537483,0.1948187755815691,-0.07883965118944657,1.010124610729395,1.3488066417263445,1.1380062744570807,2.1617401366257574,0.006420873805061913,-0.3223385371932443,-0.535476013259855,-0.9124693396222245,-1.1910403884783602,-0.23324933632393122,-0.3095647654180865,0.3717908216033007,-0.29408181962739366,-0.1672365718195724,0.5524791012768938,-0.33445455586204226,-0.34177428651273806,-0.9615908513740954,-1.1091224466937906,-0.6301327295614186,-0.7007632451370982,-0.5178199454356022,-0.39771322462304903,-0.45938073509953353,3.0615591582773263,-0.3212127743117718,-0.10131504090338211,-0.15680824484234737,-1.1671656697026938,-1.0487122642266538,-1.0754850734112922,-1.0925007109393923,-1.4777364241830442,-1.7186775276773545,-0.36585440968376265,3.691337222668875,1.212802062043054,-0.06674364088472837,-0.03191090636908359,-0.21631077879680832,0.6712416850527284,-0.19436116974218662,-0.36691718930503686,-0.43338331153024323,-0.4477796745594224,0.9856209506752414,0.051834605916534236,-0.31230157899506833,-0.42236425205934264,-0.24787549288853455,3.682721172940841,-0.08461771557656637,-0.3610331497814392,-0.3236263637430685,-0.08320501373323438
0.46916471797400294,-0.9093448779434659,-0.44355568155272573,0.47698427709715085,0.9695505416863637,1.4396751122875067,0.03824444924537405,0.09209093935898471,0.011932824684913353,0.7372952666739071,-0.07883965118944657,1.674108247123999,1.3813884953769482,-0.8596560747278527,-1.0511491285564631,-0.7983184512328416,-1.0101063913090458,-1.0381843418114114,-0.3989925461725045,-0.21089753315951684,0.7085986568895376,-0.2725484350753809,-0.2916021302826754,0.45484166902480516,0.04226856661760159,-0.177119134449437,-0.23194512897890096,0.06785931862906683,-0.11092597100630502,-0.40558829179104566,-0.3922167732600321,-0.6833665439485783,-0.360934551212024,0.03028900798290067,2.4322238186279286,0.1943598262596644,0.41762919599019155,-0.3177098465025484,-0.26242064833798273,-0.9392954325839419,-0.9657803499937534,-0.7990309913431343,-1.0282637947736963,-1.1027235812174043,-1.4870183620701414,-0.013263980371007332,2.1895204471529808,1.4960316034520262,2.000774012916859,1.1494807557512927,-0.07490248030352425,1.3061362662050233,-0.18295337063299683,-0.06235839297659585,-0.22352076064681803,-0.010057860093666328,1.0964086733291671,0.8425307268378556,-0.22344549341626482,0.09528555902150368,-0.14854729880748568,1.9118201228061618,1.0260766341370902,-0.16911045133450187,0.06859634621500324,0.8959268576979809
0.44896314064260634,-0.9201739536303062,-0.45343257245705054,0.612711916788596,1.0965288676290748,1.392055014977964,0.19166382105323146,0.053927226802318526,0.3210958899530814,0.9387429266232123,-0.11493841825475774,2.283694352585608,1.3008768902826116,1.0547703432410416,2.1224834935497334,-1.095722114833806,-1.2566646786335784,-0.9753458007424668,-0.4163985391708001,0.9400277893739735,0.8763250118453608,-0.23929767518490455,-0.20718628669885947,0.8529803599686951,0.30200720491453176,-0.3633995459556298,-0.23990676308693007,0.35701245167034085,-0.09456703099923214,0.014063660256205689,-0.2991192251420982,-0.02229189878482338,-0.2862272206293678,-0.21568779020881032,2.8052219214863827,-0.2164703226401947,1.2065118872838172,-0.05143921292292022,0.14092361948110416,-1.1671656697026938,-1.098471412766394,-0.9027012721186934,-1.0649706040112368,-1.3935498675989209,-1.6988210277681648,0.16534563144693312,3.409798204352117,0.8260095804701398,0.0771791902972454,-0.37400824993899173,0.02655760673934213,1.1121372166254875,0.02164460945012043,0.019621013607527407,0.03767966102686192,-0.3796609004077969,0.6886893854386246,1.2024885333519937,0.11067703710304928,0.6684749092364936,-0.07422648722619418,3.1326010342780526,0.04561870862027712,-0.3083945777354349,-0.36398835388585343,-0.2858223365637487
0.4857202908403331,-0.9598127673564331,-0.4330492389107058,0.5211910927209858,1.3520967835188367,1.376808441213348,0.0866451049937006,0.1684183644723171,0.052383983843026116,1.3821473028421192,0.029456650006486975,2.4695607264721655,1.2754352924802315,1.2212422056731196,1.9008057919335495,-1.095722114833806,-1.2955949345269258,-1.0591305221677263,-1.2518862030889888,-1.5400306475691605,-1.7879436264913695,-0.2869771570675706,-0.33194253245709576,0.7917396982869789,-0.23874132938368872,0.2205764845291784,0.5455824097871386,0.1642436963094915,-0.29087431108410683,-0.5783861543987373,-0.5991002135221074,-0.8747302570222968,-1.1304200562133833,-0.04338649215448558,3.6027159941047433,0.5212875114492229,1.8213663626225718,0.6467796945853783,0.25765757037306086,-1.1671656697026938,-1.0818850299198137,-1.0524472332389456,-1.1934444363426284,-1.2251767544306744,-1.619395028131406,-0.0695070292197588,3.1089553823882015,1.4737693327532597,0.241294829819359,0.05920349983526713,-0.340718726333766,1.5654223210643896,-0.1348826622218546,-0.23250498936956193,0.07484128250382388,-0.3588631530913418,2.728896976606195,1.0271346613677659,0.25228804486110146,0.5133644385035193,0.037089935477647495,3.354557238236937,-0.06985470693529403,-0.341878241453762,-0.28757780449685355,-0.20855600104313587
0.49683531033856243,-0.9289223175785385,-0.4473716388419952,0.3814414464827834,1.243950794940362,1.3936936766130417,-0.06118637511389331,-0.4803647489910075,-1.1102504902447754,1.1883274495760061,-0.04274088412413539,2.4069166556365444,1.303620982247389,-0.15215065939152211,-1.6490847279104166,-0.4834204544788794,-0.36126879308659154,-0.608787644506957,-0.9298753326205201,-1.2133163624628793,-1.4782949711883113,-0.21242057239737988,0.3978888331346377,-0.35337766979443636,-0.1632154776641891,0.12416286450636363,-0.12648201050643432,0.06785931862906683,-0.1763617310345966,-0.5043299275668695,-0.8887370298890128,-1.1617758266328746,-0.8689443991740865,0.05558354216480729,3.365299729605062,-0.14650809862993025,0.22392245519462214,1.2282271438330712,0.9681354570558518,-1.1671656697026938,-1.131644178459554,-0.9833337127219062,-1.1200308178675475,-1.4012031909247504,-1.8510541937386193,-0.02148613009075685,2.9338334482905277,1.4308908154615791,0.24436348841864325,-0.12598132349711877,0.039004396381036935,1.0960272294359097,-0.23859044081020087,-0.16116386766007437,-0.2601956815922719,-0.27178862258824454,1.939333130116196,1.1894602540520234,-0.04973053634837723,-0.10654513658492644,-0.14533567687773438,2.9785618533400107,0.21325732816598694,-0.29213647340111293,-0.2543392761221213,0.055732908496365446
0.44675707826985156,-0.9077557900422109,-0.44049805724619,0.3505870163734349,0.9264036301776908,1.5698990919384241,-0.0917845580402102,0.1684183644723171,0.013361325980169852,0.6716933894833185,0.029456650006486975,1.4122160512745847,1.6096747009938854,1.1796242400651,2.296513652159457,-0.4484317881728836,-0.3353152891576934,-0.5668952837943273,-0.895063346623929,-1.1984657131398666,-1.0718811111030473,-0.2820913548367069,0.3754117514285127,-0.2973388388046359,-0.17511918936076035,0.29868649215090853,-0.24210697660205205,-0.052621153471464024,-0.27451537107703394,-0.5783861543987373,-0.5784118694958998,0.5344025392478123,-0.0546344958231334,-0.1497470188153048,2.0810309376154037,-0.03606054882507977,-0.11243438314764398,0.17304027340867928,0.023297672916355282,-1.1956494493425378,-1.0818850299198137,-1.0524472332389456,-1.1292075201769327,-0.7736306782067407,-0.4478615334892129,-0.2109202905670092,4.119840710750399,0.9163575622405924,-0.031565509312127434,-0.12429380495307162,-0.0783657095088086,0.7136481662535026,-0.22615410663904165,-0.014928367221917578,-0.1523994693914404,-0.19591267102590362,1.718491070925439,0.20311424511464024,0.4207147972888231,-0.08257259046496694,-0.19155987507649902,4.0904561059331215,-0.09345918430928464,-0.20762315782045027,-0.22141180048527656,-0.07669784842637137
0.41300776133766864,-0.8854498580254004,-0.3738594567032963,0.25029776204391146,1.0752966220498248,1.2799226299623188,-0.18614232644305742,0.24474578958564924,-0.1249752598052998,0.9041869528536151,-0.656419924234425,-2.742334435333565,1.1175712536456281,0.09755713425659454,-1.0322224611359652,-0.6583637860088585,-0.9971296393445968,-1.1114959730585132,-0.7297064131401209,-0.3816800003741638,0.2957337831521266,-0.3146476403580468,-0.43560076181950486,0.22887440975392617,0.09340609203834671,-0.21263905703110492,-0.32000771737117295,-0.4622547586132689,-0.27451537107703394,0.48308643019136893,0.0008617632379109366,0.7344646029157907,0.049955766992585346,-0.27668895815107236,2.9422434191679097,-0.04690347430181239,0.07836041846963364,0.2279098946872116,0.02643093401397649,-1.1671656697026938,-1.0818850299198137,-1.121560753755985,-1.2209745432707837,-1.3629365742956034,-1.1957896967353587,-0.4106569494159033,2.515377187857693,2.668325997727914,0.20965352284570815,-0.2021053788752574,-0.2536361429670513,0.8761997620015425,-0.36312156097868153,-0.14342238933576731,-0.09236396360505374,-0.12151098070963574,2.133699236598538,0.4119126939513613,0.4208232042163515,-0.15405562543987586,-0.23916036093856047,3.165318234454897,-0.12179984812951938,-0.36731455984717726,-0.1998449722461021,-0.15953821036491198
0.42142862077063725,-0.8765128865512436,-0.36610394606173663,0.5045275563489922,0.9379574701293739,1.485265371486102,0.06822279946782364,0.09209093935898471,-0.05238779273347911,0.6891184985909501,-0.5842223901038027,-1.697221287615084,1.4599573647006658,-0.06891472817548337,-1.1772337105496244,-0.4834204544788794,-0.9581993834512496,-1.080076702524041,-1.2518862030889888,-1.5474559722306669,-1.7685905855349284,-0.2711666349745294,-0.4078081216575264,0.7459078481879995,-0.13499201870707994,-0.07711994871547119,-0.021369091068676217,-0.02852505905135785,-0.24179749106288817,0.5201145436073029,0.10430348336894858,-0.4311143767150402,-0.3908174834450865,-0.0990534073545311,1.190272530358692,0.06109155775119658,0.10856449252985767,0.4498854758833409,0.8922589746772367,-1.6229061439401977,-1.098471412766394,-1.121560753755985,-1.2117978409613988,-1.194563461127357,-0.3154848674279482,-0.4527054288423401,2.8944701215275526,3.2774662749682335,0.09368366034920284,0.5990509179343102,-0.292789146805236,1.7240861972093031,-0.22017740745048414,-0.03387701747889695,0.1890209895473954,0.13812351896167369,1.191282335762369,0.4955696276851389,0.3821118594746663,-0.11186788268662234,0.1966712241620972,3.7901636961877627,0.03075420293278504,-0.40680864822979207,-0.10498246430443453,-0.047275211557154806
0.4207078187751848,-0.9255201583889258,-0.41444638603514966,0.5802417548044068,0.6750050789245193,1.5044413894668767,0.15366153011992867,0.09209093935898471,0.277831665534708,0.3182048248364597,-0.07883965118944657,1.0126027154268642,1.493439945525408,1.0963883088490611,2.4475549327601094,-0.0635564588069297,-0.3223385371932443,-0.16891785702434522,-0.4425075286682435,-0.099517663236921,-0.07197399502025503,-0.15644846092480602,0.7875289524267758,-0.3370651997661629,0.014362945320512889,-0.2747438076589348,-0.1963722294658988,-0.38996647535295037,-0.1272849110133779,-0.07233527104764018,-0.3404959131945133,0.1342784119118554,-0.360934551212024,-0.3975111203865191,1.3851445829262945,-0.25188424834676865,0.21007511092951275,-0.06308494605731321,0.2638233068017546,-1.1101981104230059,-1.0155394985334936,-1.0754850734112922,-0.9548501762986155,-1.1486435211723807,-1.453924195554825,-0.4280197677493718,4.045208572517433,1.2995141996968695,0.32638677106663777,0.14147007339712916,-0.3808471930029683,1.4432948740351095,-0.05550560601190651,-0.013090616512820497,0.0020144747634617244,-0.1504848942489088,0.3027441842339469,0.39337656882054184,0.06366771452554199,-0.34308065544759253,-0.12669782377546768,4.007104154992442,-0.019352992556936465,-0.41087048263780435,-0.21847759593245744,-0.045691130198667364
0.42203997487287354,-0.9698448734071572,-0.44377769045681226,0.5718363682738786,0.73583145870193,1.2750148013211184,0.14395725847700117,0.20658207702898326,0.036095208729276046,0.3992321608156951,-0.07883965118944657,0.7785281627991111,1.1097495910965822,1.2628601712811391,1.8178561089919445,-0.13353379141892133,-0.4001990489799388,0.21858647956747942,0.47130710374227525,1.1256609059116331,0.6634415613245083,-0.08099541224012573,0.545475494313965,-0.2965475927066154,-0.16451037155720347,-0.1598905429537382,-0.08615401093829755,1.2726640396343754,0.36348328919880885,-0.22044772471137594,-0.5784118694958998,0.2995470732027941,0.19937042815789785,1.6508411692107245,-0.41953445678192336,-0.1519461318795613,0.2840717175756051,0.23789057270872235,0.42321205870978046,-1.1956494493425378,-1.0818850299198137,-1.1330796738421582,-1.1200308178675475,-1.3705898976214328,-1.8179600272233032,-0.3729710616739503,3.187450141554842,1.4416809596579125,0.19179101006827878,-0.15606815750694858,-0.2278594184221753,1.8545734001109415,-0.24590963764180696,0.5944725697467801,0.325533782147223,0.6494207653212027,0.8808527791895618,0.07796111994412534,0.48395144720671435,0.14555859824917042,0.31728700817985345,3.2841816280201153,-0.25533200245419024,-0.36010469486814567,-0.22880386830184024,-0.22849902863610513
