FL_DATE,OP_CARRIER,OP_CARRIER_FL_NUM,ORIGIN,DEST,CRS_DEP_TIME,DEP_TIME,DEP_DELAY,TAXI_OUT,WHEELS_OFF,WHEELS_ON,TAXI_IN,CRS_ARR_TIME,ARR_TIME,ARR_DELAY,CANCELLED,CANCELLATION_CODE,DIVERTED,CRS_ELAPSED_TIME,ACTUAL_ELAPSED_TIME,AIR_TIME,DISTANCE,CARRIER_DELAY,WEATHER_DELAY,NAS_DELAY,SECURITY_DELAY,LATE_AIRCRAFT_DELAY,Unnamed: 27
2009-01-01,XE,1204,DCA,EWR,1100,1058.0,-2.0,18.0,1116.0,1158.0,8.0,1202,1206.0,4.0,0.0,,0.0,62.0,68.0,42.0,199.0,,,,,,
2009-01-01,XE,1206,EWR,IAD,1510,1509.0,-1.0,28.0,1537.0,1620.0,4.0,1632,1624.0,-8.0,0.0,,0.0,82.0,75.0,43.0,213.0,,,,,,
2009-01-01,XE,1207,EWR,DCA,1100,1059.0,-1.0,20.0,1119.0,1155.0,6.0,1210,1201.0,-9.0,0.0,,0.0,70.0,62.0,36.0,199.0,,,,,,
2009-01-01,XE,1208,DCA,EWR,1240,1249.0,9.0,10.0,1259.0,1336.0,9.0,1357,1345.0,-12.0,0.0,,0.0,77.0,56.0,37.0,199.0,,,,,,
2009-01-01,XE,1209,IAD,EWR,1715,1705.0,-10.0,24.0,1729.0,1809.0,13.0,1900,1822.0,-38.0,0.0,,0.0,105.0,77.0,40.0,213.0,,,,,,
2009-01-01,XE,1212,ATL,EWR,1915,1913.0,-2.0,19.0,1932.0,2108.0,15.0,2142,2123.0,-19.0,0.0,,0.0,147.0,130.0,96.0,745.0,,,,,,
2009-01-01,XE,1212,CLE,ATL,1645,1637.0,-8.0,12.0,1649.0,1820.0,5.0,1842,1825.0,-17.0,0.0,,0.0,117.0,108.0,91.0,554.0,,,,,,
2009-01-01,XE,1214,DCA,EWR,1915,1908.0,-7.0,9.0,1917.0,1953.0,34.0,2035,2027.0,-8.0,0.0,,0.0,80.0,79.0,36.0,199.0,,,,,,
2009-01-01,XE,1215,EWR,DCA,1715,1710.0,-5.0,28.0,1738.0,1819.0,4.0,1838,1823.0,-15.0,0.0,,0.0,83.0,73.0,41.0,199.0,,,,,,
2009-01-01,XE,1217,EWR,DCA,1300,1255.0,-5.0,15.0,1310.0,1349.0,7.0,1408,1356.0,-12.0,0.0,,0.0,68.0,61.0,39.0,199.0,,,,,,
2009-01-01,XE,1218,DCA,EWR,1500,1457.0,-3.0,14.0,1511.0,1552.0,7.0,1620,1559.0,-21.0,0.0,,0.0,80.0,62.0,41.0,199.0,,,,,,
2009-01-01,XE,1219,EWR,DCA,2135,2131.0,-4.0,21.0,2152.0,2232.0,3.0,2252,2235.0,-17.0,0.0,,0.0,77.0,64.0,40.0,199.0,,,,,,
2009-01-01,XE,1220,CLE,DCA,1905,1855.0,-10.0,10.0,1905.0,1956.0,5.0,2025,2001.0,-24.0,0.0,,0.0,80.0,66.0,51.0,310.0,,,,,,
2009-01-01,XE,1220,DCA,EWR,2100,2049.0,-11.0,10.0,2059.0,2133.0,10.0,2217,2143.0,-34.0,0.0,,0.0,77.0,54.0,34.0,199.0,,,,,,
2009-01-01,XE,1232,ORD,EWR,905,900.0,-5.0,16.0,916.0,1144.0,6.0,1212,1150.0,-22.0,0.0,,0.0,127.0,110.0,88.0,719.0,,,,,,
2009-01-01,XE,1233,EWR,ORD,1000,1035.0,35.0,14.0,1049.0,1156.0,10.0,1139,1206.0,27.0,0.0,,0.0,159.0,151.0,127.0,719.0,0.0,27.0,0.0,0.0,0.0,
2009-01-01,XE,1234,ORD,EWR,1230,1234.0,4.0,8.0,1242.0,1511.0,14.0,1559,1525.0,-34.0,0.0,,0.0,149.0,111.0,89.0,719.0,,,,,,
2009-01-01,XE,1235,EWR,ORD,1343,1406.0,23.0,13.0,1419.0,1523.0,7.0,1523,1530.0,7.0,0.0,,0.0,160.0,144.0,124.0,719.0,,,,,,
2009-01-01,XE,1236,ORD,EWR,1630,1619.0,-11.0,19.0,1638.0,1906.0,35.0,2002,1941.0,-21.0,0.0,,0.0,152.0,142.0,88.0,719.0,,,,,,
2009-01-01,XE,1237,EWR,ORD,1930,1927.0,-3.0,16.0,1943.0,2049.0,8.0,2123,2057.0,-26.0,0.0,,0.0,173.0,150.0,126.0,719.0,,,,,,
2009-01-01,XE,1266,EWR,ATL,630,630.0,0.0,15.0,645.0,850.0,9.0,911,859.0,-12.0,0.0,,0.0,161.0,149.0,125.0,745.0,,,,,,
2009-01-01,XE,2002,LFT,IAH,1032,1025.0,-7.0,11.0,1036.0,1115.0,6.0,1134,1121.0,-13.0,0.0,,0.0,62.0,56.0,39.0,201.0,,,,,,
2009-01-01,XE,2004,BWI,EWR,1005,959.0,-6.0,13.0,1012.0,1046.0,7.0,1107,1053.0,-14.0,0.0,,0.0,62.0,54.0,34.0,169.0,,,,,,
2009-01-01,XE,2008,GSO,IAH,625,624.0,-1.0,18.0,642.0,815.0,5.0,834,820.0,-14.0,0.0,,0.0,189.0,176.0,153.0,986.0,,,,,,
2009-01-01,XE,2010,JAN,IAH,1415,1418.0,3.0,8.0,1426.0,1524.0,15.0,1538,1539.0,1.0,0.0,,0.0,83.0,81.0,58.0,351.0,,,,,,
2009-01-01,XE,2016,IAH,LCH,1910,1904.0,-6.0,30.0,1934.0,2006.0,4.0,2004,2010.0,6.0,0.0,,0.0,54.0,66.0,32.0,127.0,,,,,,
2009-01-01,XE,2017,MSP,IAH,535,533.0,-2.0,22.0,555.0,828.0,4.0,843,832.0,-11.0,0.0,,0.0,188.0,179.0,153.0,1034.0,,,,,,
2009-01-01,XE,2018,JAX,CLE,1220,1211.0,-9.0,13.0,1224.0,1408.0,9.0,1428,1417.0,-11.0,0.0,,0.0,128.0,126.0,104.0,753.0,,,,,,
2009-01-01,XE,2019,CLE,JAX,920,910.0,-10.0,13.0,923.0,1107.0,4.0,1142,1111.0,-31.0,0.0,,0.0,142.0,121.0,104.0,753.0,,,,,,
2009-01-01,XE,2022,CRP,IAH,900,852.0,-8.0,7.0,859.0,940.0,23.0,1005,1003.0,-2.0,0.0,,0.0,65.0,71.0,41.0,201.0,,,,,,
2009-01-01,XE,2023,EWR,PIT,850,846.0,-4.0,17.0,903.0,957.0,5.0,1034,1002.0,-32.0,0.0,,0.0,104.0,76.0,54.0,319.0,,,,,,
2009-01-01,XE,2023,PIT,IAH,1105,1100.0,-5.0,10.0,1110.0,1258.0,11.0,1337,1309.0,-28.0,0.0,,0.0,212.0,189.0,168.0,1117.0,,,,,,
2009-01-01,XE,2025,IAH,ABQ,1445,1445.0,0.0,12.0,1457.0,1546.0,4.0,1604,1550.0,-14.0,0.0,,0.0,139.0,125.0,109.0,744.0,,,,,,
2009-01-01,XE,2026,EWR,BDL,2130,2125.0,-5.0,14.0,2139.0,2204.0,7.0,2238,2211.0,-27.0,0.0,,0.0,68.0,46.0,25.0,115.0,,,,,,
2009-01-01,XE,2028,IAH,TYS,1900,1900.0,0.0,27.0,1927.0,2207.0,8.0,2204,2215.0,11.0,0.0,,0.0,124.0,135.0,100.0,772.0,,,,,,
2009-01-01,XE,2029,TYS,IAH,605,559.0,-6.0,17.0,616.0,711.0,4.0,734,715.0,-19.0,0.0,,0.0,149.0,136.0,115.0,772.0,,,,,,
2009-01-01,XE,2030,IAH,CVG,1330,1333.0,3.0,12.0,1345.0,1636.0,6.0,1647,1642.0,-5.0,0.0,,0.0,137.0,129.0,111.0,871.0,,,,,,
2009-01-01,XE,2031,ALB,CLE,940,937.0,-3.0,22.0,959.0,1117.0,6.0,1132,1123.0,-9.0,0.0,,0.0,112.0,106.0,78.0,424.0,,,,,,
2009-01-01,XE,2033,OKC,IAH,755,745.0,-10.0,12.0,757.0,859.0,14.0,929,913.0,-16.0,0.0,,0.0,94.0,88.0,62.0,395.0,,,,,,
2009-01-01,XE,2034,MCI,EWR,1030,1022.0,-8.0,12.0,1034.0,1346.0,17.0,1419,1403.0,-16.0,0.0,,0.0,169.0,161.0,132.0,1092.0,,,,,,
2009-01-01,XE,2035,PIT,EWR,1158,1155.0,-3.0,37.0,1232.0,1327.0,7.0,1326,1334.0,8.0,0.0,,0.0,88.0,99.0,55.0,319.0,,,,,,
2009-01-01,XE,2040,CHS,EWR,647,641.0,-6.0,10.0,651.0,820.0,9.0,845,829.0,-16.0,0.0,,0.0,118.0,108.0,89.0,628.0,,,,,,
2009-01-01,XE,2041,IAH,MKE,1120,1117.0,-3.0,15.0,1132.0,1335.0,4.0,1352,1339.0,-13.0,0.0,,0.0,152.0,142.0,123.0,984.0,,,,,,
2009-01-01,XE,2042,IAH,BHM,1905,1909.0,4.0,42.0,1951.0,2111.0,3.0,2047,2114.0,27.0,0.0,,0.0,102.0,125.0,80.0,562.0,0.0,0.0,27.0,0.0,0.0,
2009-01-01,XE,2043,BHM,IAH,815,810.0,-5.0,10.0,820.0,948.0,13.0,1012,1001.0,-11.0,0.0,,0.0,117.0,111.0,88.0,562.0,,,,,,
2009-01-01,XE,2044,IAH,CLT,1735,1800.0,25.0,9.0,1809.0,2108.0,7.0,2100,2115.0,15.0,0.0,,0.0,145.0,135.0,119.0,913.0,15.0,0.0,0.0,0.0,0.0,
2009-01-01,XE,2047,TYS,IAH,1050,1042.0,-8.0,9.0,1051.0,1149.0,5.0,1220,1154.0,-26.0,0.0,,0.0,150.0,132.0,118.0,772.0,,,,,,
2009-01-01,XE,2048,IAH,ORF,1010,1004.0,-6.0,11.0,1015.0,1337.0,10.0,1355,1347.0,-8.0,0.0,,0.0,165.0,163.0,142.0,1201.0,,,,,,
2009-01-01,XE,2050,IAH,RIC,1855,1854.0,-1.0,21.0,1915.0,2229.0,8.0,2238,2237.0,-1.0,0.0,,0.0,163.0,163.0,134.0,1157.0,,,,,,
2009-01-01,XE,2051,IAH,ABQ,755,747.0,-8.0,12.0,759.0,848.0,6.0,917,854.0,-23.0,0.0,,0.0,142.0,127.0,109.0,744.0,,,,,,
2009-01-01,XE,2052,ABQ,IAH,950,942.0,-8.0,8.0,950.0,1228.0,7.0,1257,1235.0,-22.0,0.0,,0.0,127.0,113.0,98.0,744.0,,,,,,
2009-01-01,XE,2053,ORF,IAH,1420,1415.0,-5.0,7.0,1422.0,1631.0,7.0,1657,1638.0,-19.0,0.0,,0.0,217.0,203.0,189.0,1201.0,,,,,,
2009-01-01,XE,2054,IAH,RSW,725,723.0,-2.0,11.0,734.0,1027.0,4.0,1045,1031.0,-14.0,0.0,,0.0,140.0,128.0,113.0,861.0,,,,,,
2009-01-01,XE,2055,RSW,IAH,1120,1111.0,-9.0,16.0,1127.0,1248.0,20.0,1317,1308.0,-9.0,0.0,,0.0,177.0,177.0,141.0,861.0,,,,,,
2009-01-01,XE,2056,IAH,MCI,714,710.0,-4.0,11.0,721.0,900.0,5.0,909,905.0,-4.0,0.0,,0.0,115.0,115.0,99.0,643.0,,,,,,
2009-01-01,XE,2057,IAH,CRP,2255,2252.0,-3.0,10.0,2302.0,2339.0,5.0,2352,2344.0,-8.0,0.0,,0.0,57.0,52.0,37.0,201.0,,,,,,
2009-01-01,XE,2059,EWR,OMA,1255,1248.0,-7.0,13.0,1301.0,1515.0,15.0,1530,1530.0,0.0,0.0,,0.0,215.0,222.0,194.0,1133.0,,,,,,
2009-01-01,XE,2060,IAH,CVG,1855,1901.0,6.0,40.0,1941.0,2235.0,7.0,2210,2242.0,32.0,0.0,,0.0,135.0,161.0,114.0,871.0,0.0,0.0,26.0,6.0,0.0,
2009-01-01,XE,2061,BUF,EWR,1236,1237.0,1.0,15.0,1252.0,1350.0,7.0,1400,1357.0,-3.0,0.0,,0.0,84.0,80.0,58.0,282.0,,,,,,
2009-01-01,XE,2061,CLE,BUF,1115,1106.0,-9.0,12.0,1118.0,1201.0,4.0,1210,1205.0,-5.0,0.0,,0.0,55.0,59.0,43.0,192.0,,,,,,
2009-01-01,XE,2062,IAH,LRD,1740,1738.0,-2.0,11.0,1749.0,1841.0,2.0,1852,1843.0,-9.0,0.0,,0.0,72.0,65.0,52.0,301.0,,,,,,
2009-01-01,XE,2064,IAH,IND,945,951.0,6.0,10.0,1001.0,1251.0,5.0,1300,1256.0,-4.0,0.0,,0.0,135.0,125.0,110.0,845.0,,,,,,
2009-01-01,XE,2064,IND,EWR,1331,1328.0,-3.0,9.0,1337.0,1508.0,11.0,1528,1519.0,-9.0,0.0,,0.0,117.0,111.0,91.0,644.0,,,,,,
2009-01-01,XE,2067,EWR,CMH,2115,2124.0,9.0,14.0,2138.0,2300.0,6.0,2317,2306.0,-11.0,0.0,,0.0,122.0,102.0,82.0,462.0,,,,,,
2009-01-01,XE,2073,ATL,IAH,1030,1031.0,1.0,12.0,1043.0,1134.0,8.0,1149,1142.0,-7.0,0.0,,0.0,139.0,131.0,111.0,689.0,,,,,,
2009-01-01,XE,2074,CHS,EWR,1655,1646.0,-9.0,12.0,1658.0,1828.0,8.0,1908,1836.0,-32.0,0.0,,0.0,133.0,110.0,90.0,628.0,,,,,,
2009-01-01,XE,2076,EWR,IND,2014,2011.0,-3.0,21.0,2032.0,2220.0,5.0,2251,2225.0,-26.0,0.0,,0.0,157.0,134.0,108.0,644.0,,,,,,
2009-01-01,XE,2077,EWR,SAV,1525,1524.0,-1.0,42.0,1606.0,1759.0,5.0,1800,1804.0,4.0,0.0,,0.0,155.0,160.0,113.0,708.0,,,,,,
2009-01-01,XE,2079,IAH,MAF,830,827.0,-3.0,12.0,839.0,946.0,4.0,1002,950.0,-12.0,0.0,,0.0,92.0,83.0,67.0,429.0,,,,,,
2009-01-01,XE,2081,COS,IAH,605,608.0,3.0,44.0,652.0,941.0,18.0,932,959.0,27.0,0.0,,0.0,147.0,171.0,109.0,809.0,0.0,0.0,27.0,0.0,0.0,
2009-01-01,XE,2082,IAH,IND,1300,1257.0,-3.0,23.0,1320.0,1608.0,5.0,1617,1613.0,-4.0,0.0,,0.0,137.0,136.0,108.0,845.0,,,,,,
2009-01-01,XE,2082,IND,EWR,1655,1653.0,-2.0,9.0,1702.0,1841.0,25.0,1917,1906.0,-11.0,0.0,,0.0,142.0,133.0,99.0,644.0,,,,,,
2009-01-01,XE,2085,IAH,TYS,1000,959.0,-1.0,18.0,1017.0,1255.0,4.0,1302,1259.0,-3.0,0.0,,0.0,122.0,120.0,98.0,772.0,,,,,,
2009-01-01,XE,2085,TYS,EWR,1330,1329.0,-1.0,7.0,1336.0,1515.0,3.0,1539,1518.0,-21.0,0.0,,0.0,129.0,109.0,99.0,631.0,,,,,,
2009-01-01,XE,2087,IAH,JAN,1608,1607.0,-1.0,10.0,1617.0,1708.0,4.0,1725,1712.0,-13.0,0.0,,0.0,77.0,65.0,51.0,351.0,,,,,,
2009-01-01,XE,2088,MAF,IAH,1030,1323.0,173.0,8.0,1331.0,1450.0,13.0,1159,1503.0,184.0,0.0,,0.0,89.0,100.0,79.0,429.0,173.0,0.0,11.0,0.0,0.0,
2009-01-01,XE,2089,CLT,CLE,1410,1402.0,-8.0,9.0,1411.0,1519.0,11.0,1550,1530.0,-20.0,0.0,,0.0,100.0,88.0,68.0,430.0,,,,,,
2009-01-01,XE,2092,EWR,DTW,1400,1416.0,16.0,9.0,1425.0,1556.0,9.0,1604,1605.0,1.0,0.0,,0.0,124.0,109.0,91.0,487.0,,,,,,
2009-01-01,XE,2093,DTW,EWR,1650,1648.0,-2.0,10.0,1658.0,1816.0,9.0,1901,1825.0,-36.0,0.0,,0.0,131.0,97.0,78.0,487.0,,,,,,
2009-01-01,XE,2096,GSO,EWR,1000,959.0,-1.0,14.0,1013.0,1122.0,9.0,1130,1131.0,1.0,0.0,,0.0,90.0,92.0,69.0,446.0,,,,,,
2009-01-01,XE,2097,IAH,COS,1450,1449.0,-1.0,13.0,1502.0,1605.0,4.0,1614,1609.0,-5.0,0.0,,0.0,144.0,140.0,123.0,809.0,,,,,,
2009-01-01,XE,2098,CLT,IAH,825,823.0,-2.0,18.0,841.0,1008.0,5.0,1020,1013.0,-7.0,0.0,,0.0,175.0,170.0,147.0,913.0,,,,,,
2009-01-01,XE,2101,CVG,IAH,1725,1715.0,-10.0,17.0,1732.0,1856.0,12.0,1912,1908.0,-4.0,0.0,,0.0,167.0,173.0,144.0,871.0,,,,,,
2009-01-01,XE,2102,CLE,BOS,1120,1119.0,-1.0,11.0,1130.0,1246.0,13.0,1303,1259.0,-4.0,0.0,,0.0,103.0,100.0,76.0,563.0,,,,,,
2009-01-01,XE,2103,IAH,ELP,915,916.0,1.0,17.0,933.0,1009.0,4.0,1018,1013.0,-5.0,0.0,,0.0,123.0,117.0,96.0,667.0,,,,,,
2009-01-01,XE,2104,ELP,IAH,1048,1046.0,-2.0,7.0,1053.0,1327.0,12.0,1343,1339.0,-4.0,0.0,,0.0,115.0,113.0,94.0,667.0,,,,,,
2009-01-01,XE,2105,GRR,CLE,1710,1659.0,-11.0,25.0,1724.0,1804.0,6.0,1817,1810.0,-7.0,0.0,,0.0,67.0,71.0,40.0,214.0,,,,,,
2009-01-01,XE,2105,IAH,GRR,1300,1300.0,0.0,16.0,1316.0,1625.0,5.0,1640,1630.0,-10.0,0.0,,0.0,160.0,150.0,129.0,1042.0,,,,,,
2009-01-01,XE,2109,IAH,CLT,1600,1558.0,-2.0,12.0,1610.0,1906.0,5.0,1925,1911.0,-14.0,0.0,,0.0,145.0,133.0,116.0,913.0,,,,,,
2009-01-01,XE,2110,COS,IAH,1653,1654.0,1.0,13.0,1707.0,1957.0,11.0,2010,2008.0,-2.0,0.0,,0.0,137.0,134.0,110.0,809.0,,,,,,
2009-01-01,XE,2111,EWR,AVL,905,900.0,-5.0,22.0,922.0,1054.0,4.0,1123,1058.0,-25.0,0.0,,0.0,138.0,118.0,92.0,583.0,,,,,,
2009-01-01,XE,2112,OKC,IAH,1025,1018.0,-7.0,9.0,1027.0,1127.0,14.0,1153,1141.0,-12.0,0.0,,0.0,88.0,83.0,60.0,395.0,,,,,,
2009-01-01,XE,2114,DFW,IAH,1035,1025.0,-10.0,8.0,1033.0,1114.0,9.0,1147,1123.0,-24.0,0.0,,0.0,72.0,58.0,41.0,224.0,,,,,,
2009-01-01,XE,2116,IAH,COS,1835,1827.0,-8.0,22.0,1849.0,1950.0,8.0,2004,1958.0,-6.0,0.0,,0.0,149.0,151.0,121.0,809.0,,,,,,
2009-01-01,XE,2117,IAH,BRO,1750,1753.0,3.0,15.0,1808.0,1900.0,5.0,1905,1905.0,0.0,0.0,,0.0,75.0,72.0,52.0,308.0,,,,,,
2009-01-01,XE,2118,CLE,ALB,1855,1905.0,10.0,11.0,1916.0,2013.0,6.0,2010,2019.0,9.0,0.0,,0.0,75.0,74.0,57.0,424.0,,,,,,
2009-01-01,XE,2119,MCI,IAH,940,933.0,-7.0,10.0,943.0,1131.0,13.0,1150,1144.0,-6.0,0.0,,0.0,130.0,131.0,108.0,643.0,,,,,,
2009-01-01,XE,2120,MKE,IAH,1423,1424.0,1.0,9.0,1433.0,1702.0,12.0,1723,1714.0,-9.0,0.0,,0.0,180.0,170.0,149.0,984.0,,,,,,
2009-01-01,XE,2126,CMH,EWR,1715,1715.0,0.0,8.0,1723.0,1847.0,45.0,1908,1932.0,24.0,0.0,,0.0,113.0,137.0,84.0,462.0,0.0,0.0,24.0,0.0,0.0,
2009-01-01,XE,2128,CLE,LGA,1546,1618.0,32.0,7.0,1625.0,1727.0,5.0,1724,1732.0,8.0,0.0,,0.0,98.0,74.0,62.0,418.0,,,,,,
2009-01-01,XE,2130,LGA,CLE,1759,1803.0,4.0,11.0,1814.0,1927.0,5.0,1951,1932.0,-19.0,0.0,,0.0,112.0,89.0,73.0,418.0,,,,,,
2009-01-01,XE,2131,IAH,CRP,2110,2107.0,-3.0,11.0,2118.0,2157.0,4.0,2212,2201.0,-11.0,0.0,,0.0,62.0,54.0,39.0,201.0,,,,,,
2009-01-01,XE,2133,IAH,COS,2115,2110.0,-5.0,22.0,2132.0,2232.0,5.0,2237,2237.0,0.0,0.0,,0.0,142.0,147.0,120.0,809.0,,,,,,
2009-01-01,XE,2135,LFT,IAH,840,832.0,-8.0,9.0,841.0,921.0,11.0,950,932.0,-18.0,0.0,,0.0,70.0,60.0,40.0,201.0,,,,,,
2009-01-01,XE,2137,LFT,IAH,620,618.0,-2.0,11.0,629.0,704.0,5.0,718,709.0,-9.0,0.0,,0.0,58.0,51.0,35.0,201.0,,,,,,
2009-01-01,XE,2138,RDU,EWR,850,849.0,-1.0,8.0,857.0,1000.0,6.0,1017,1006.0,-11.0,0.0,,0.0,87.0,77.0,63.0,416.0,,,,,,
2009-01-01,XE,2141,LIT,IAH,605,607.0,2.0,18.0,625.0,726.0,4.0,738,730.0,-8.0,0.0,,0.0,93.0,83.0,61.0,374.0,,,,,,
2009-01-01,XE,2142,MFE,IAH,530,526.0,-4.0,9.0,535.0,624.0,7.0,645,631.0,-14.0,0.0,,0.0,75.0,65.0,49.0,316.0,,,,,,
2009-01-01,XE,2143,MFE,IAH,745,735.0,-10.0,12.0,747.0,843.0,5.0,900,848.0,-12.0,0.0,,0.0,75.0,73.0,56.0,316.0,,,,,,
2009-01-01,XE,2144,MHT,EWR,1025,1025.0,0.0,15.0,1040.0,1132.0,15.0,1150,1147.0,-3.0,0.0,,0.0,85.0,82.0,52.0,209.0,,,,,,
2009-01-01,XE,2145,OMA,IAH,1420,1423.0,3.0,8.0,1431.0,1634.0,12.0,1644,1646.0,2.0,0.0,,0.0,144.0,143.0,123.0,781.0,,,,,,
2009-01-01,XE,2149,DAL,IAH,630,627.0,-3.0,9.0,636.0,717.0,5.0,732,722.0,-10.0,0.0,,0.0,62.0,55.0,41.0,217.0,,,,,,
2009-01-01,XE,2150,GRR,EWR,1027,1023.0,-4.0,13.0,1036.0,1154.0,7.0,1215,1201.0,-14.0,0.0,,0.0,108.0,98.0,78.0,605.0,,,,,,
2009-01-01,XE,2151,IAH,BRO,1025,1021.0,-4.0,14.0,1035.0,1123.0,9.0,1139,1132.0,-7.0,0.0,,0.0,74.0,71.0,48.0,308.0,,,,,,
2009-01-01,XE,2154,LBB,IAH,1315,1307.0,-8.0,9.0,1316.0,1435.0,13.0,1450,1448.0,-2.0,0.0,,0.0,95.0,101.0,79.0,458.0,,,,,,
2009-01-01,XE,2155,IAH,DAL,1630,1620.0,-10.0,16.0,1636.0,1720.0,4.0,1734,1724.0,-10.0,0.0,,0.0,64.0,64.0,44.0,217.0,,,,,,
2009-01-01,XE,2156,TUS,IAH,1115,1113.0,-2.0,9.0,1122.0,1435.0,9.0,1439,1444.0,5.0,0.0,,0.0,144.0,151.0,133.0,936.0,,,,,,
2009-01-01,XE,2157,EWR,JAX,1220,1220.0,0.0,20.0,1240.0,1442.0,4.0,1452,1446.0,-6.0,0.0,,0.0,152.0,146.0,122.0,821.0,,,,,,
2009-01-01,XE,2157,JAX,IAH,1525,1520.0,-5.0,12.0,1532.0,1650.0,5.0,1702,1655.0,-7.0,0.0,,0.0,157.0,155.0,138.0,817.0,,,,,,
2009-01-01,XE,2159,MEM,IAH,1413,1415.0,2.0,10.0,1425.0,1539.0,10.0,1600,1549.0,-11.0,0.0,,0.0,107.0,94.0,74.0,469.0,,,,,,
2009-01-01,XE,2161,TUL,IAH,1840,1836.0,-4.0,13.0,1849.0,2002.0,6.0,2024,2008.0,-16.0,0.0,,0.0,104.0,92.0,73.0,429.0,,,,,,
2009-01-01,XE,2162,IAH,TUL,1635,1632.0,-3.0,11.0,1643.0,1748.0,4.0,1808,1752.0,-16.0,0.0,,0.0,93.0,80.0,65.0,429.0,,,,,,
2009-01-01,XE,2165,CLT,EWR,1926,1920.0,-6.0,11.0,1931.0,2044.0,21.0,2130,2105.0,-25.0,0.0,,0.0,124.0,105.0,73.0,529.0,,,,,,
2009-01-01,XE,2166,EWR,LEX,1550,1553.0,3.0,24.0,1617.0,1752.0,6.0,1808,1758.0,-10.0,0.0,,0.0,138.0,125.0,95.0,588.0,,,,,,
2009-01-01,XE,2166,LEX,IAH,1835,1832.0,-3.0,11.0,1843.0,2000.0,9.0,2023,2009.0,-14.0,0.0,,0.0,168.0,157.0,137.0,828.0,,,,,,
2009-01-01,XE,2167,IAH,TUS,900,851.0,-9.0,14.0,905.0,1025.0,4.0,1044,1029.0,-15.0,0.0,,0.0,164.0,158.0,140.0,936.0,,,,,,
2009-01-01,XE,2168,DAL,IAH,1800,1747.0,-13.0,7.0,1754.0,1831.0,15.0,1907,1846.0,-21.0,0.0,,0.0,67.0,59.0,37.0,217.0,,,,,,
2009-01-01,XE,2171,IAH,ORF,1948,1946.0,-2.0,29.0,2015.0,2332.0,5.0,2340,2337.0,-3.0,0.0,,0.0,172.0,171.0,137.0,1201.0,,,,,,
2009-01-01,XE,2173,BUF,CLE,1510,1505.0,-5.0,15.0,1520.0,1558.0,4.0,1615,1602.0,-13.0,0.0,,0.0,65.0,57.0,38.0,192.0,,,,,,
2009-01-01,XE,2173,EWR,BUF,1325,1321.0,-4.0,15.0,1336.0,1431.0,4.0,1440,1435.0,-5.0,0.0,,0.0,75.0,74.0,55.0,282.0,,,,,,
2009-01-01,XE,2178,RDU,IAH,1120,1116.0,-4.0,9.0,1125.0,1300.0,14.0,1332,1314.0,-18.0,0.0,,0.0,192.0,178.0,155.0,1043.0,,,,,,
2009-01-01,XE,2181,EWR,SAV,1910,1902.0,-8.0,18.0,1920.0,2109.0,7.0,2145,2116.0,-29.0,0.0,,0.0,155.0,134.0,109.0,708.0,,,,,,
2009-01-01,XE,2182,COS,IAH,1420,1423.0,3.0,14.0,1437.0,1724.0,11.0,1737,1735.0,-2.0,0.0,,0.0,137.0,132.0,107.0,809.0,,,,,,
2009-01-01,XE,2188,RIC,EWR,1259,1251.0,-8.0,13.0,1304.0,1354.0,16.0,1413,1410.0,-3.0,0.0,,0.0,74.0,79.0,50.0,278.0,,,,,,
2009-01-01,XE,2189,IAH,DAL,800,759.0,-1.0,10.0,809.0,852.0,3.0,903,855.0,-8.0,0.0,,0.0,63.0,56.0,43.0,217.0,,,,,,
2009-01-01,XE,2190,IAH,MOB,1645,1640.0,-5.0,10.0,1650.0,1746.0,6.0,1807,1752.0,-15.0,0.0,,0.0,82.0,72.0,56.0,427.0,,,,,,
2009-01-01,XE,2192,IAH,MAF,2115,2106.0,-9.0,10.0,2116.0,2220.0,6.0,2244,2226.0,-18.0,0.0,,0.0,89.0,80.0,64.0,429.0,,,,,,
2009-01-01,XE,2194,GSO,IAH,1808,1758.0,-10.0,18.0,1816.0,2014.0,7.0,2015,2021.0,6.0,0.0,,0.0,187.0,203.0,178.0,986.0,,,,,,
2009-01-01,XE,2195,MOB,IAH,1205,1151.0,-14.0,12.0,1203.0,1317.0,5.0,1339,1322.0,-17.0,0.0,,0.0,94.0,91.0,74.0,427.0,,,,,,
2009-01-01,XE,2197,CLE,MSN,1700,1652.0,-8.0,11.0,1703.0,1713.0,4.0,1733,1717.0,-16.0,0.0,,0.0,93.0,85.0,70.0,402.0,,,,,,
2009-01-01,XE,2197,MSN,EWR,1820,1811.0,-9.0,11.0,1822.0,2059.0,13.0,2132,2112.0,-20.0,0.0,,0.0,132.0,121.0,97.0,799.0,,,,,,
2009-01-01,XE,2200,IAH,OKC,1120,1120.0,0.0,20.0,1140.0,1239.0,4.0,1242,1243.0,1.0,0.0,,0.0,82.0,83.0,59.0,395.0,,,,,,
2009-01-01,XE,2201,CLE,RIC,1859,2007.0,68.0,8.0,2015.0,2111.0,5.0,2016,2116.0,60.0,0.0,,0.0,77.0,69.0,56.0,362.0,60.0,0.0,0.0,0.0,0.0,
2009-01-01,XE,2202,CLT,EWR,1110,1111.0,1.0,19.0,1130.0,1246.0,11.0,1300,1257.0,-3.0,0.0,,0.0,110.0,106.0,76.0,529.0,,,,,,
2009-01-01,XE,2203,TUL,IAH,1025,1020.0,-5.0,10.0,1030.0,1138.0,12.0,1202,1150.0,-12.0,0.0,,0.0,97.0,90.0,68.0,429.0,,,,,,
2009-01-01,XE,2204,IAH,OKC,1750,1747.0,-3.0,17.0,1804.0,1904.0,4.0,1917,1908.0,-9.0,0.0,,0.0,87.0,81.0,60.0,395.0,,,,,,
2009-01-01,XE,2205,OKC,IAH,1314,1311.0,-3.0,8.0,1319.0,1427.0,10.0,1442,1437.0,-5.0,0.0,,0.0,88.0,86.0,68.0,395.0,,,,,,
2009-01-01,XE,2207,ICT,IAH,1625,1625.0,0.0,7.0,1632.0,1801.0,12.0,1817,1813.0,-4.0,0.0,,0.0,112.0,108.0,89.0,542.0,,,,,,
2009-01-01,XE,2208,LBB,IAH,1050,1047.0,-3.0,11.0,1058.0,1204.0,5.0,1227,1209.0,-18.0,0.0,,0.0,97.0,82.0,66.0,458.0,,,,,,
2009-01-01,XE,2209,CLE,GSP,1640,1636.0,-4.0,9.0,1645.0,1752.0,4.0,1807,1756.0,-11.0,0.0,,0.0,87.0,80.0,67.0,450.0,,,,,,
2009-01-01,XE,2209,GSP,IAH,1835,1825.0,-10.0,6.0,1831.0,2010.0,5.0,2018,2015.0,-3.0,0.0,,0.0,163.0,170.0,159.0,838.0,,,,,,
2009-01-01,XE,2210,IAH,ATL,1245,1244.0,-1.0,16.0,1300.0,1540.0,4.0,1548,1544.0,-4.0,0.0,,0.0,123.0,120.0,100.0,689.0,,,,,,
2009-01-01,XE,2211,ATL,IAH,1630,1630.0,0.0,17.0,1647.0,1725.0,5.0,1753,1730.0,-23.0,0.0,,0.0,143.0,120.0,98.0,689.0,,,,,,
2009-01-01,XE,2212,IAH,LIT,1545,1554.0,9.0,14.0,1608.0,1703.0,6.0,1707,1709.0,2.0,0.0,,0.0,82.0,75.0,55.0,374.0,,,,,,
2009-01-01,XE,2213,LIT,IAH,1740,1736.0,-4.0,6.0,1742.0,1854.0,6.0,1909,1900.0,-9.0,0.0,,0.0,89.0,84.0,72.0,374.0,,,,,,
2009-01-01,XE,2216,MOB,IAH,1858,1848.0,-10.0,20.0,1908.0,2032.0,5.0,2035,2037.0,2.0,0.0,,0.0,97.0,109.0,84.0,427.0,,,,,,
2009-01-01,XE,2217,IAH,SAV,1348,1353.0,5.0,16.0,1409.0,1652.0,5.0,1655,1657.0,2.0,0.0,,0.0,127.0,124.0,103.0,851.0,,,,,,
2009-01-01,XE,2218,EWR,RIC,2000,1956.0,-4.0,16.0,2012.0,2101.0,6.0,2132,2107.0,-25.0,0.0,,0.0,92.0,71.0,49.0,278.0,,,,,,
2009-01-01,XE,2219,CLE,TYS,1635,1625.0,-10.0,10.0,1635.0,1740.0,6.0,1758,1746.0,-12.0,0.0,,0.0,83.0,81.0,65.0,403.0,,,,,,
2009-01-01,XE,2219,TYS,IAH,1830,1826.0,-4.0,6.0,1832.0,1940.0,9.0,2002,1949.0,-13.0,0.0,,0.0,152.0,143.0,128.0,772.0,,,,,,
2009-01-01,XE,2220,IND,IAH,1045,1042.0,-3.0,21.0,1103.0,1213.0,3.0,1230,1216.0,-14.0,0.0,,0.0,165.0,154.0,130.0,845.0,,,,,,
2009-01-01,XE,2221,CRP,IAH,800,754.0,-6.0,9.0,803.0,844.0,16.0,912,900.0,-12.0,0.0,,0.0,72.0,66.0,41.0,201.0,,,,,,
2009-01-01,XE,2222,BRO,IAH,755,750.0,-5.0,12.0,802.0,901.0,8.0,914,909.0,-5.0,0.0,,0.0,79.0,79.0,59.0,308.0,,,,,,
2009-01-01,XE,2226,GSO,IAH,1435,1432.0,-3.0,14.0,1446.0,1626.0,6.0,1644,1632.0,-12.0,0.0,,0.0,189.0,180.0,160.0,986.0,,,,,,
2009-01-01,XE,2227,CVG,IAH,830,828.0,-2.0,23.0,851.0,1005.0,13.0,1027,1018.0,-9.0,0.0,,0.0,177.0,170.0,134.0,871.0,,,,,,
2009-01-01,XE,2229,RIC,EWR,1013,1008.0,-5.0,16.0,1024.0,1116.0,12.0,1130,1128.0,-2.0,0.0,,0.0,77.0,80.0,52.0,278.0,,,,,,
2009-01-01,XE,2230,LEX,IAH,615,614.0,-1.0,31.0,645.0,749.0,9.0,755,758.0,3.0,0.0,,0.0,160.0,164.0,124.0,828.0,,,,,,
2009-01-01,XE,2231,OMA,IAH,700,654.0,-6.0,13.0,707.0,904.0,3.0,928,907.0,-21.0,0.0,,0.0,148.0,133.0,117.0,781.0,,,,,,
2009-01-01,XE,2234,DAY,CLE,935,924.0,-11.0,26.0,950.0,1024.0,6.0,1032,1030.0,-2.0,0.0,,0.0,57.0,66.0,34.0,162.0,,,,,,
2009-01-01,XE,2236,MSP,EWR,1410,1437.0,27.0,14.0,1451.0,1806.0,12.0,1803,1818.0,15.0,0.0,,0.0,173.0,161.0,135.0,1008.0,0.0,0.0,0.0,0.0,15.0,
2009-01-01,XE,2237,IAH,OKC,1940,1941.0,1.0,35.0,2016.0,2116.0,6.0,2110,2122.0,12.0,0.0,,0.0,90.0,101.0,60.0,395.0,,,,,,
2009-01-01,XE,2238,OKC,IAH,905,855.0,-10.0,27.0,922.0,1021.0,3.0,1037,1024.0,-13.0,0.0,,0.0,92.0,89.0,59.0,395.0,,,,,,
2009-01-01,XE,2241,MOB,IAH,910,900.0,-10.0,12.0,912.0,1024.0,11.0,1045,1035.0,-10.0,0.0,,0.0,95.0,95.0,72.0,427.0,,,,,,
2009-01-01,XE,2243,BTR,IAH,620,611.0,-9.0,11.0,622.0,706.0,6.0,733,712.0,-21.0,0.0,,0.0,73.0,61.0,44.0,253.0,,,,,,
2009-01-01,XE,2244,IAH,BTR,1845,1842.0,-3.0,19.0,1901.0,1939.0,8.0,1947,1947.0,0.0,0.0,,0.0,62.0,65.0,38.0,253.0,,,,,,
2009-01-01,XE,2245,EWR,OKC,1500,1503.0,3.0,20.0,1523.0,1743.0,3.0,1807,1746.0,-21.0,0.0,,0.0,247.0,223.0,200.0,1325.0,,,,,,
2009-01-01,XE,2245,OKC,IAH,1835,1826.0,-9.0,7.0,1833.0,1932.0,7.0,2005,1939.0,-26.0,0.0,,0.0,90.0,73.0,59.0,395.0,,,,,,
2009-01-01,XE,2246,IAH,ORD,902,858.0,-4.0,16.0,914.0,1115.0,5.0,1140,1120.0,-20.0,0.0,,0.0,158.0,142.0,121.0,925.0,,,,,,
2009-01-01,XE,2247,BWI,CLE,1848,1840.0,-8.0,8.0,1848.0,1946.0,5.0,2008,1951.0,-17.0,0.0,,0.0,80.0,71.0,58.0,314.0,,,,,,
2009-01-01,XE,2248,PHL,CLE,1312,1311.0,-1.0,9.0,1320.0,1424.0,5.0,1444,1429.0,-15.0,0.0,,0.0,92.0,78.0,64.0,363.0,,,,,,
2009-01-01,XE,2249,IAH,MEM,1112,1116.0,4.0,27.0,1143.0,1255.0,5.0,1245,1300.0,15.0,0.0,,0.0,93.0,104.0,72.0,469.0,0.0,0.0,15.0,0.0,0.0,
2009-01-01,XE,2250,PVD,EWR,1320,1316.0,-4.0,29.0,1345.0,1438.0,11.0,1459,1449.0,-10.0,0.0,,0.0,99.0,93.0,53.0,160.0,,,,,,
2009-01-01,XE,2256,AVL,EWR,1150,1150.0,0.0,20.0,1210.0,1331.0,10.0,1350,1341.0,-9.0,0.0,,0.0,120.0,111.0,81.0,583.0,,,,,,
2009-01-01,XE,2258,AVL,IAH,1620,1614.0,-6.0,9.0,1623.0,1735.0,15.0,1804,1750.0,-14.0,0.0,,0.0,164.0,156.0,132.0,834.0,,,,,,
2009-01-01,XE,2260,EWR,CVG,1525,1528.0,3.0,23.0,1551.0,1732.0,5.0,1745,1737.0,-8.0,0.0,,0.0,140.0,129.0,101.0,569.0,,,,,,
2009-01-01,XE,2261,IAH,AEX,2045,2115.0,30.0,23.0,2138.0,2211.0,3.0,2147,2214.0,27.0,0.0,,0.0,62.0,59.0,33.0,190.0,0.0,0.0,0.0,0.0,27.0,
2009-01-01,XE,2262,OMA,IAH,1750,1741.0,-9.0,12.0,1753.0,1938.0,7.0,2015,1945.0,-30.0,0.0,,0.0,145.0,124.0,105.0,781.0,,,,,,
2009-01-01,XE,2265,DAY,IAH,1400,1357.0,-3.0,15.0,1412.0,1530.0,9.0,1605,1539.0,-26.0,0.0,,0.0,185.0,162.0,138.0,929.0,,,,,,
2009-01-01,XE,2266,BUF,EWR,1655,1647.0,-8.0,9.0,1656.0,1757.0,11.0,1830,1808.0,-22.0,0.0,,0.0,95.0,81.0,61.0,282.0,,,,,,
2009-01-01,XE,2266,CLE,BUF,1525,1523.0,-2.0,8.0,1531.0,1611.0,5.0,1624,1616.0,-8.0,0.0,,0.0,59.0,53.0,40.0,192.0,,,,,,
2009-01-01,XE,2267,BUF,CLE,1858,1850.0,-8.0,8.0,1858.0,1937.0,7.0,2007,1944.0,-23.0,0.0,,0.0,69.0,54.0,39.0,192.0,,,,,,
2009-01-01,XE,2267,EWR,BUF,1700,1708.0,8.0,16.0,1724.0,1818.0,5.0,1833,1823.0,-10.0,0.0,,0.0,93.0,75.0,54.0,282.0,,,,,,
2009-01-01,XE,2270,IAH,LCH,2115,2112.0,-3.0,14.0,2126.0,2152.0,2.0,2200,2154.0,-6.0,0.0,,0.0,45.0,42.0,26.0,127.0,,,,,,
2009-01-01,XE,2271,MCI,IAH,1700,1652.0,-8.0,9.0,1701.0,1837.0,42.0,1912,1919.0,7.0,0.0,,0.0,132.0,147.0,96.0,643.0,,,,,,
2009-01-01,XE,2274,IAH,MCI,1430,1424.0,-6.0,12.0,1436.0,1615.0,4.0,1625,1619.0,-6.0,0.0,,0.0,115.0,115.0,99.0,643.0,,,,,,
2009-01-01,XE,2278,IAH,OMA,1510,1503.0,-7.0,13.0,1516.0,1709.0,4.0,1724,1713.0,-11.0,0.0,,0.0,134.0,130.0,113.0,781.0,,,,,,
2009-01-01,XE,2279,IAH,BRO,1912,1907.0,-5.0,43.0,1950.0,2043.0,7.0,2029,2050.0,21.0,0.0,,0.0,77.0,103.0,53.0,308.0,0.0,0.0,21.0,0.0,0.0,
2009-01-01,XE,2281,IAH,MCI,1735,1738.0,3.0,16.0,1754.0,1930.0,7.0,1930,1937.0,7.0,0.0,,0.0,115.0,119.0,96.0,643.0,,,,,,
2009-01-01,XE,2284,IAH,TYS,1610,1610.0,0.0,16.0,1626.0,1900.0,4.0,1912,1904.0,-8.0,0.0,,0.0,122.0,114.0,94.0,772.0,,,,,,
2009-01-01,XE,2285,MHT,CLE,1740,1730.0,-10.0,10.0,1740.0,1911.0,8.0,1942,1919.0,-23.0,0.0,,0.0,122.0,109.0,91.0,544.0,,,,,,
2009-01-01,XE,2286,EWR,DAY,2005,2000.0,-5.0,26.0,2026.0,2155.0,3.0,2222,2158.0,-24.0,0.0,,0.0,137.0,118.0,89.0,533.0,,,,,,
2009-01-01,XE,2287,EWR,MEM,1520,1710.0,110.0,16.0,1726.0,1900.0,6.0,1734,1906.0,92.0,0.0,,0.0,194.0,176.0,154.0,946.0,92.0,0.0,0.0,0.0,0.0,
2009-01-01,XE,2287,MEM,IAH,1800,1923.0,83.0,11.0,1934.0,2055.0,5.0,1952,2100.0,68.0,0.0,,0.0,112.0,97.0,81.0,469.0,0.0,0.0,0.0,0.0,68.0,
2009-01-01,XE,2288,IAH,DAY,2005,2000.0,-5.0,23.0,2023.0,2319.0,4.0,2333,2323.0,-10.0,0.0,,0.0,148.0,143.0,116.0,929.0,,,,,,
2009-01-01,XE,2292,BHM,IAH,1750,1748.0,-2.0,13.0,1801.0,1937.0,10.0,1948,1947.0,-1.0,0.0,,0.0,118.0,119.0,96.0,562.0,,,,,,
2009-01-01,XE,2293,CLE,BDL,1535,1530.0,-5.0,13.0,1543.0,1648.0,5.0,1710,1653.0,-17.0,0.0,,0.0,95.0,83.0,65.0,475.0,,,,,,
2009-01-01,XE,2294,BDL,CLE,1745,1739.0,-6.0,8.0,1747.0,1914.0,6.0,1940,1920.0,-20.0,0.0,,0.0,115.0,101.0,87.0,475.0,,,,,,
2009-01-01,XE,2297,MCI,IAH,745,729.0,-16.0,12.0,741.0,920.0,10.0,1000,930.0,-30.0,0.0,,0.0,135.0,121.0,99.0,643.0,,,,,,
2009-01-01,XE,2298,IAH,IND,1610,1604.0,-6.0,13.0,1617.0,1905.0,6.0,1929,1911.0,-18.0,0.0,,0.0,139.0,127.0,108.0,845.0,,,,,,
2009-01-01,XE,2298,IND,EWR,2005,1955.0,-10.0,7.0,2002.0,2125.0,16.0,2212,2141.0,-31.0,0.0,,0.0,127.0,106.0,83.0,644.0,,,,,,
2009-01-01,XE,2300,ALB,CLE,1815,1810.0,-5.0,14.0,1824.0,1943.0,7.0,1957,1950.0,-7.0,0.0,,0.0,102.0,100.0,79.0,424.0,,,,,,
2009-01-01,XE,2300,EWR,ALB,1635,1635.0,0.0,13.0,1648.0,1720.0,18.0,1744,1738.0,-6.0,0.0,,0.0,69.0,63.0,32.0,143.0,,,,,,
2009-01-01,XE,2303,BTV,CLE,600,615.0,15.0,20.0,635.0,751.0,8.0,754,759.0,5.0,0.0,,0.0,114.0,104.0,76.0,489.0,,,,,,
2009-01-01,XE,2304,IAH,GPT,1220,1234.0,14.0,17.0,1251.0,1344.0,6.0,1335,1350.0,15.0,0.0,,0.0,75.0,76.0,53.0,376.0,14.0,0.0,1.0,0.0,0.0,
2009-01-01,XE,2307,IAH,ABQ,1810,1811.0,1.0,25.0,1836.0,1924.0,4.0,1927,1928.0,1.0,0.0,,0.0,137.0,137.0,108.0,744.0,,,,,,
2009-01-01,XE,2308,BRO,IAH,1645,1722.0,37.0,10.0,1732.0,1828.0,14.0,1807,1842.0,35.0,0.0,,0.0,82.0,80.0,56.0,308.0,0.0,0.0,0.0,0.0,35.0,
2009-01-01,XE,2310,MIA,CLE,1155,1150.0,-5.0,13.0,1203.0,1432.0,7.0,1452,1439.0,-13.0,0.0,,0.0,177.0,169.0,149.0,1080.0,,,,,,
2009-01-01,XE,2311,BOS,CLE,1351,1349.0,-2.0,27.0,1416.0,1555.0,6.0,1603,1601.0,-2.0,0.0,,0.0,132.0,132.0,99.0,563.0,,,,,,
2009-01-01,XE,2312,OMA,IAH,545,541.0,-4.0,10.0,551.0,745.0,11.0,819,756.0,-23.0,0.0,,0.0,154.0,135.0,114.0,781.0,,,,,,
2009-01-01,XE,2317,IAH,GSO,1400,1359.0,-1.0,13.0,1412.0,1711.0,4.0,1727,1715.0,-12.0,0.0,,0.0,147.0,136.0,119.0,986.0,,,,,,
2009-01-01,XE,2318,IAH,GSO,1035,1034.0,-1.0,19.0,1053.0,1354.0,3.0,1404,1357.0,-7.0,0.0,,0.0,149.0,143.0,121.0,986.0,,,,,,
2009-01-01,XE,2319,EWR,MHT,1459,1453.0,-6.0,19.0,1512.0,1554.0,5.0,1604,1559.0,-5.0,0.0,,0.0,65.0,66.0,42.0,209.0,,,,,,
2009-01-01,XE,2324,IAH,DFW,855,849.0,-6.0,13.0,902.0,948.0,5.0,1010,953.0,-17.0,0.0,,0.0,75.0,64.0,46.0,224.0,,,,,,
2009-01-01,XE,2325,EWR,GSO,1600,1604.0,4.0,29.0,1633.0,1743.0,4.0,1750,1747.0,-3.0,0.0,,0.0,110.0,103.0,70.0,446.0,,,,,,
2009-01-01,XE,2328,ABQ,IAH,1330,1328.0,-2.0,11.0,1339.0,1626.0,13.0,1634,1639.0,5.0,0.0,,0.0,124.0,131.0,107.0,744.0,,,,,,
2009-01-01,XE,2331,BNA,IAH,1800,1824.0,24.0,9.0,1833.0,2026.0,9.0,2018,2035.0,17.0,0.0,,0.0,138.0,131.0,113.0,657.0,0.0,0.0,0.0,0.0,17.0,
2009-01-01,XE,2333,CLE,ORD,1850,1847.0,-3.0,26.0,1913.0,1916.0,7.0,1938,1923.0,-15.0,0.0,,0.0,108.0,96.0,63.0,316.0,,,,,,
2009-01-01,XE,2334,IAH,RDU,1220,1230.0,10.0,20.0,1250.0,1556.0,4.0,1549,1600.0,11.0,0.0,,0.0,149.0,150.0,126.0,1043.0,,,,,,
2009-01-01,XE,2335,RDU,IAH,1620,1631.0,11.0,8.0,1639.0,1820.0,15.0,1835,1835.0,0.0,0.0,,0.0,195.0,184.0,161.0,1043.0,,,,,,
2009-01-01,XE,2336,IAH,ICT,1410,1423.0,13.0,9.0,1432.0,1551.0,6.0,1553,1557.0,4.0,0.0,,0.0,103.0,94.0,79.0,542.0,,,,,,
2009-01-01,XE,2337,EWR,CLT,1044,1044.0,0.0,15.0,1059.0,1221.0,6.0,1302,1227.0,-35.0,0.0,,0.0,138.0,103.0,82.0,529.0,,,,,,
2009-01-01,XE,2338,EWR,RIC,2135,2130.0,-5.0,25.0,2155.0,2244.0,4.0,2313,2248.0,-25.0,0.0,,0.0,98.0,78.0,49.0,278.0,,,,,,
2009-01-01,XE,2339,BWI,CLE,1025,1016.0,-9.0,16.0,1032.0,1126.0,5.0,1143,1131.0,-12.0,0.0,,0.0,78.0,75.0,54.0,314.0,,,,,,
2009-01-01,XE,2340,ALB,EWR,1737,1729.0,-8.0,17.0,1746.0,1827.0,14.0,1900,1841.0,-19.0,0.0,,0.0,83.0,72.0,41.0,143.0,,,,,,
2009-01-01,XE,2340,CLE,ALB,1540,1544.0,4.0,11.0,1555.0,1654.0,4.0,1702,1658.0,-4.0,0.0,,0.0,82.0,74.0,59.0,424.0,,,,,,
2009-01-01,XE,2341,CLE,GRR,1215,1210.0,-5.0,14.0,1224.0,1309.0,5.0,1315,1314.0,-1.0,0.0,,0.0,60.0,64.0,45.0,214.0,,,,,,
2009-01-01,XE,2342,BWI,EWR,1257,1246.0,-11.0,11.0,1257.0,1333.0,7.0,1359,1340.0,-19.0,0.0,,0.0,62.0,54.0,36.0,169.0,,,,,,
2009-01-01,XE,2342,CLE,BWI,1115,1106.0,-9.0,10.0,1116.0,1207.0,4.0,1232,1211.0,-21.0,0.0,,0.0,77.0,65.0,51.0,314.0,,,,,,
2009-01-01,XE,2344,GSP,EWR,1040,1037.0,-3.0,13.0,1050.0,1211.0,9.0,1232,1220.0,-12.0,0.0,,0.0,112.0,103.0,81.0,594.0,,,,,,
2009-01-01,XE,2345,CLE,STL,1230,1223.0,-7.0,9.0,1232.0,1253.0,4.0,1312,1257.0,-15.0,0.0,,0.0,102.0,94.0,81.0,487.0,,,,,,
2009-01-01,XE,2345,STL,IAH,1345,1340.0,-5.0,9.0,1349.0,1532.0,17.0,1557,1549.0,-8.0,0.0,,0.0,132.0,129.0,103.0,668.0,,,,,,
2009-01-01,XE,2346,IAH,HSV,1535,1536.0,1.0,13.0,1549.0,1710.0,7.0,1720,1717.0,-3.0,0.0,,0.0,105.0,101.0,81.0,595.0,,,,,,
2009-01-01,XE,2347,CLT,EWR,1335,1325.0,-10.0,15.0,1340.0,1456.0,12.0,1534,1508.0,-26.0,0.0,,0.0,119.0,103.0,76.0,529.0,,,,,,
2009-01-01,XE,2348,GRR,CLE,1340,1336.0,-4.0,11.0,1347.0,1428.0,5.0,1447,1433.0,-14.0,0.0,,0.0,67.0,57.0,41.0,214.0,,,,,,
2009-01-01,XE,2349,EWR,CMH,1445,1443.0,-2.0,16.0,1459.0,1623.0,4.0,1629,1627.0,-2.0,0.0,,0.0,104.0,104.0,84.0,462.0,,,,,,
2009-01-01,XE,2350,CLE,MKE,1635,1631.0,-4.0,13.0,1644.0,1646.0,4.0,1700,1650.0,-10.0,0.0,,0.0,85.0,79.0,62.0,328.0,,,,,,
2009-01-01,XE,2350,MKE,IAH,1725,1724.0,-1.0,16.0,1740.0,2015.0,11.0,2029,2026.0,-3.0,0.0,,0.0,184.0,182.0,155.0,984.0,,,,,,
2009-01-01,XE,2351,STL,EWR,1020,1017.0,-3.0,20.0,1037.0,1330.0,6.0,1344,1336.0,-8.0,0.0,,0.0,144.0,139.0,113.0,872.0,,,,,,
2009-01-01,XE,2352,EWR,OMA,750,756.0,6.0,20.0,816.0,1014.0,3.0,1019,1017.0,-2.0,0.0,,0.0,209.0,201.0,178.0,1133.0,,,,,,
2009-01-01,XE,2352,OMA,IAH,1055,1045.0,-10.0,8.0,1053.0,1250.0,5.0,1319,1255.0,-24.0,0.0,,0.0,144.0,130.0,117.0,781.0,,,,,,
2009-01-01,XE,2355,BWI,CLE,1440,1434.0,-6.0,9.0,1443.0,1536.0,5.0,1558,1541.0,-17.0,0.0,,0.0,78.0,67.0,53.0,314.0,,,,,,
2009-01-01,XE,2355,EWR,BWI,1240,1238.0,-2.0,16.0,1254.0,1327.0,4.0,1357,1331.0,-26.0,0.0,,0.0,77.0,53.0,33.0,169.0,,,,,,
2009-01-01,XE,2356,BHM,IAH,1535,1525.0,-10.0,11.0,1536.0,1704.0,11.0,1732,1715.0,-17.0,0.0,,0.0,117.0,110.0,88.0,562.0,,,,,,
2009-01-01,XE,2357,IAH,LRD,2125,2125.0,0.0,20.0,2145.0,2238.0,4.0,2240,2242.0,2.0,0.0,,0.0,75.0,77.0,53.0,301.0,,,,,,
2009-01-01,XE,2358,BHM,IAH,955,954.0,-1.0,10.0,1004.0,1131.0,6.0,1155,1137.0,-18.0,0.0,,0.0,120.0,103.0,87.0,562.0,,,,,,
2009-01-01,XE,2359,EWR,CLT,1240,1244.0,4.0,13.0,1257.0,1420.0,11.0,1438,1431.0,-7.0,0.0,,0.0,118.0,107.0,83.0,529.0,,,,,,
2009-01-01,XE,2362,EWR,RIC,1610,1608.0,-2.0,23.0,1631.0,1721.0,5.0,1742,1726.0,-16.0,0.0,,0.0,92.0,78.0,50.0,278.0,,,,,,
2009-01-01,XE,2362,RIC,CLE,1820,1814.0,-6.0,9.0,1823.0,1931.0,8.0,1950,1939.0,-11.0,0.0,,0.0,90.0,85.0,68.0,362.0,,,,,,
2009-01-01,XE,2363,IAH,OKC,830,827.0,-3.0,8.0,835.0,934.0,3.0,955,937.0,-18.0,0.0,,0.0,85.0,70.0,59.0,395.0,,,,,,
2009-01-01,XE,2364,EWR,STL,1435,1434.0,-1.0,13.0,1447.0,1612.0,3.0,1628,1615.0,-13.0,0.0,,0.0,173.0,161.0,145.0,872.0,,,,,,
2009-01-01,XE,2368,CLE,BWI,2015,2009.0,-6.0,9.0,2018.0,2110.0,4.0,2132,2114.0,-18.0,0.0,,0.0,77.0,65.0,52.0,314.0,,,,,,
2009-01-01,XE,2370,CLE,MHT,1530,1528.0,-2.0,8.0,1536.0,1648.0,7.0,1707,1655.0,-12.0,0.0,,0.0,97.0,87.0,72.0,544.0,,,,,,
2009-01-01,XE,2371,IAH,PBI,715,749.0,34.0,11.0,800.0,1102.0,3.0,1042,1105.0,23.0,0.0,,0.0,147.0,136.0,122.0,956.0,23.0,0.0,0.0,0.0,0.0,
2009-01-01,XE,2372,GPT,IAH,1408,1417.0,9.0,8.0,1425.0,1528.0,6.0,1535,1534.0,-1.0,0.0,,0.0,87.0,77.0,63.0,376.0,,,,,,
2009-01-01,XE,2373,MSP,EWR,853,852.0,-1.0,17.0,909.0,1210.0,8.0,1230,1218.0,-12.0,0.0,,0.0,157.0,146.0,121.0,1008.0,,,,,,
2009-01-01,XE,2374,DAL,IAH,1330,1331.0,1.0,10.0,1341.0,1433.0,12.0,1437,1445.0,8.0,0.0,,0.0,67.0,74.0,52.0,217.0,,,,,,
2009-01-01,XE,2376,IAH,ICT,1800,1800.0,0.0,15.0,1815.0,1937.0,14.0,1947,1951.0,4.0,0.0,,0.0,107.0,111.0,82.0,542.0,,,,,,
2009-01-01,XE,2378,CLE,LGA,1705,1704.0,-1.0,16.0,1720.0,1826.0,8.0,1847,1834.0,-13.0,0.0,,0.0,102.0,90.0,66.0,418.0,,,,,,
2009-01-01,XE,2379,EWR,SDF,2010,2010.0,0.0,20.0,2030.0,2225.0,9.0,2255,2234.0,-21.0,0.0,,0.0,165.0,144.0,115.0,642.0,,,,,,
2009-01-01,XE,2380,IAH,AVL,1240,1238.0,-2.0,15.0,1253.0,1538.0,4.0,1550,1542.0,-8.0,0.0,,0.0,130.0,124.0,105.0,834.0,,,,,,
2009-01-01,XE,2381,LGA,CLE,1930,1920.0,-10.0,10.0,1930.0,2042.0,12.0,2119,2054.0,-25.0,0.0,,0.0,109.0,94.0,72.0,418.0,,,,,,
2009-01-01,XE,2382,DAY,EWR,1020,1018.0,-2.0,18.0,1036.0,1150.0,8.0,1205,1158.0,-7.0,0.0,,0.0,105.0,100.0,74.0,533.0,,,,,,
2009-01-01,XE,2383,ABQ,IAH,1630,1622.0,-8.0,11.0,1633.0,1909.0,9.0,1934,1918.0,-16.0,0.0,,0.0,124.0,116.0,96.0,744.0,,,,,,
2009-01-01,XE,2385,IAH,BRO,1505,1552.0,47.0,11.0,1603.0,1655.0,5.0,1617,1700.0,43.0,0.0,,0.0,72.0,68.0,52.0,308.0,0.0,0.0,0.0,0.0,43.0,
2009-01-01,XE,2386,ELP,IAH,830,822.0,-8.0,10.0,832.0,1059.0,17.0,1127,1116.0,-11.0,0.0,,0.0,117.0,114.0,87.0,667.0,,,,,,
2009-01-01,XE,2391,EWR,DAY,1515,1513.0,-2.0,30.0,1543.0,1713.0,5.0,1718,1718.0,0.0,0.0,,0.0,123.0,125.0,90.0,533.0,,,,,,
2009-01-01,XE,2392,HSV,IAH,600,552.0,-8.0,20.0,612.0,742.0,5.0,804,747.0,-17.0,0.0,,0.0,124.0,115.0,90.0,595.0,,,,,,
2009-01-01,XE,2393,EWR,TYS,2000,1950.0,-10.0,29.0,2019.0,2200.0,4.0,2215,2204.0,-11.0,0.0,,0.0,135.0,134.0,101.0,631.0,,,,,,
2009-01-01,XE,2394,EWR,MCI,1610,1606.0,-4.0,24.0,1630.0,1820.0,5.0,1837,1825.0,-12.0,0.0,,0.0,207.0,199.0,170.0,1092.0,,,,,,
2009-01-01,XE,2395,JAN,IAH,900,853.0,-7.0,11.0,904.0,1001.0,12.0,1028,1013.0,-15.0,0.0,,0.0,88.0,80.0,57.0,351.0,,,,,,
2009-01-01,XE,2396,EWR,DTW,1730,1730.0,0.0,30.0,1800.0,1930.0,11.0,1947,1941.0,-6.0,0.0,,0.0,137.0,131.0,90.0,487.0,,,,,,
2009-01-01,XE,2399,IAH,TUS,1140,1135.0,-5.0,19.0,1154.0,1304.0,6.0,1324,1310.0,-14.0,0.0,,0.0,164.0,155.0,130.0,936.0,,,,,,
2009-01-01,XE,2400,EWR,STL,910,909.0,-1.0,23.0,932.0,1055.0,3.0,1115,1058.0,-17.0,0.0,,0.0,185.0,169.0,143.0,872.0,,,,,,
2009-01-01,XE,2400,STL,CLE,1200,1150.0,-10.0,8.0,1158.0,1406.0,11.0,1435,1417.0,-18.0,0.0,,0.0,95.0,87.0,68.0,487.0,,,,,,
2009-01-01,XE,2401,MHT,CLE,1330,1327.0,-3.0,28.0,1355.0,1525.0,5.0,1527,1530.0,3.0,0.0,,0.0,117.0,123.0,90.0,544.0,,,,,,
2009-01-01,XE,2402,TUS,IAH,1415,1406.0,-9.0,7.0,1413.0,1720.0,4.0,1738,1724.0,-14.0,0.0,,0.0,143.0,138.0,127.0,936.0,,,,,,
2009-01-01,XE,2403,EWR,TUL,2000,1959.0,-1.0,22.0,2021.0,2228.0,6.0,2258,2234.0,-24.0,0.0,,0.0,238.0,215.0,187.0,1215.0,,,,,,
2009-01-01,XE,2404,SHV,IAH,1005,1000.0,-5.0,7.0,1007.0,1043.0,4.0,1113,1047.0,-26.0,0.0,,0.0,68.0,47.0,36.0,192.0,,,,,,
2009-01-01,XE,2405,IAH,LEX,1010,1025.0,15.0,18.0,1043.0,1326.0,6.0,1318,1332.0,14.0,0.0,,0.0,128.0,127.0,103.0,828.0,,,,,,
2009-01-01,XE,2405,LEX,EWR,1346,1353.0,7.0,7.0,1400.0,1525.0,15.0,1545,1540.0,-5.0,0.0,,0.0,119.0,107.0,85.0,588.0,,,,,,
2009-01-01,XE,2406,DAL,IAH,1600,1549.0,-11.0,17.0,1606.0,1651.0,10.0,1709,1701.0,-8.0,0.0,,0.0,69.0,72.0,45.0,217.0,,,,,,
2009-01-01,XE,2407,IAH,LFT,1135,1127.0,-8.0,15.0,1142.0,1214.0,5.0,1232,1219.0,-13.0,0.0,,0.0,57.0,52.0,32.0,201.0,,,,,,
2009-01-01,XE,2408,IAH,ELP,1010,1006.0,-4.0,22.0,1028.0,1105.0,4.0,1112,1109.0,-3.0,0.0,,0.0,122.0,123.0,97.0,667.0,,,,,,
2009-01-01,XE,2409,CLE,MCI,1700,1654.0,-6.0,10.0,1704.0,1755.0,4.0,1819,1759.0,-20.0,0.0,,0.0,139.0,125.0,111.0,694.0,,,,,,
2009-01-01,XE,2410,IAH,TUL,1425,1424.0,-1.0,14.0,1438.0,1545.0,4.0,1557,1549.0,-8.0,0.0,,0.0,92.0,85.0,67.0,429.0,,,,,,
2009-01-01,XE,2411,TUL,IAH,1630,1625.0,-5.0,11.0,1636.0,1750.0,11.0,1812,1801.0,-11.0,0.0,,0.0,102.0,96.0,74.0,429.0,,,,,,
2009-01-01,XE,2413,IAH,XNA,1315,1313.0,-2.0,13.0,1326.0,1427.0,6.0,1442,1433.0,-9.0,0.0,,0.0,87.0,80.0,61.0,438.0,,,,,,
2009-01-01,XE,2414,IAH,MAF,1440,1436.0,-4.0,16.0,1452.0,1554.0,4.0,1610,1558.0,-12.0,0.0,,0.0,90.0,82.0,62.0,429.0,,,,,,
2009-01-01,XE,2417,IAH,ELP,1815,1808.0,-7.0,27.0,1835.0,1917.0,3.0,1918,1920.0,2.0,0.0,,0.0,123.0,132.0,102.0,667.0,,,,,,
2009-01-01,XE,2418,IAH,MLU,1845,1847.0,2.0,31.0,1918.0,2002.0,3.0,1949,2005.0,16.0,0.0,,0.0,64.0,78.0,44.0,262.0,0.0,0.0,16.0,0.0,0.0,
2009-01-01,XE,2420,IAH,SLC,1115,1123.0,8.0,19.0,1142.0,1351.0,6.0,1338,1357.0,19.0,0.0,,0.0,203.0,214.0,189.0,1195.0,8.0,0.0,11.0,0.0,0.0,
2009-01-01,XE,2421,SLC,IAH,1408,1425.0,17.0,12.0,1437.0,1814.0,11.0,1815,1825.0,10.0,0.0,,0.0,187.0,180.0,157.0,1195.0,,,,,,
2009-01-01,XE,2424,CVG,EWR,1555,1548.0,-7.0,20.0,1608.0,1734.0,7.0,1802,1741.0,-21.0,0.0,,0.0,127.0,113.0,86.0,569.0,,,,,,
2009-01-01,XE,2427,IAH,LBB,1415,1411.0,-4.0,9.0,1420.0,1530.0,4.0,1549,1534.0,-15.0,0.0,,0.0,94.0,83.0,70.0,458.0,,,,,,
2009-01-01,XE,2428,LBB,IAH,1620,1613.0,-7.0,7.0,1620.0,1740.0,19.0,1757,1759.0,2.0,0.0,,0.0,97.0,106.0,80.0,458.0,,,,,,
2009-01-01,XE,2429,PNS,IAH,1155,1154.0,-1.0,8.0,1202.0,1323.0,11.0,1340,1334.0,-6.0,0.0,,0.0,105.0,100.0,81.0,489.0,,,,,,
2009-01-01,XE,2431,EWR,CMH,1715,1711.0,-4.0,17.0,1728.0,1848.0,7.0,1917,1855.0,-22.0,0.0,,0.0,122.0,104.0,80.0,462.0,,,,,,
2009-01-01,XE,2432,ATL,IAH,1338,1333.0,-5.0,16.0,1349.0,1449.0,12.0,1500,1501.0,1.0,0.0,,0.0,142.0,148.0,120.0,689.0,,,,,,
2009-01-01,XE,2432,CLE,ATL,1112,1110.0,-2.0,16.0,1126.0,1251.0,11.0,1310,1302.0,-8.0,0.0,,0.0,118.0,112.0,85.0,554.0,,,,,,
2009-01-01,XE,2433,IAH,LBB,1115,1111.0,-4.0,11.0,1122.0,1233.0,4.0,1248,1237.0,-11.0,0.0,,0.0,93.0,86.0,71.0,458.0,,,,,,
2009-01-01,XE,2434,IAH,PNS,1000,1001.0,1.0,11.0,1012.0,1117.0,4.0,1127,1121.0,-6.0,0.0,,0.0,87.0,80.0,65.0,489.0,,,,,,
2009-01-01,XE,2436,CMH,EWR,1946,1938.0,-8.0,9.0,1947.0,2058.0,13.0,2145,2111.0,-34.0,0.0,,0.0,119.0,93.0,71.0,462.0,,,,,,
2009-01-01,XE,2437,RDU,IAH,1443,1439.0,-4.0,6.0,1445.0,1620.0,12.0,1656,1632.0,-24.0,0.0,,0.0,193.0,173.0,155.0,1043.0,,,,,,
2009-01-01,XE,2439,CLE,GRR,1915,1905.0,-10.0,13.0,1918.0,2000.0,6.0,2019,2006.0,-13.0,0.0,,0.0,64.0,61.0,42.0,214.0,,,,,,
2009-01-01,XE,2440,IAH,PBI,1030,1037.0,7.0,22.0,1059.0,1402.0,3.0,1358,1405.0,7.0,0.0,,0.0,148.0,148.0,123.0,956.0,,,,,,
2009-01-01,XE,2441,PBI,IAH,1430,1433.0,3.0,12.0,1445.0,1618.0,4.0,1610,1622.0,12.0,0.0,,0.0,160.0,169.0,153.0,956.0,,,,,,
2009-01-01,XE,2442,IAH,LFT,1540,1613.0,33.0,8.0,1621.0,1653.0,6.0,1635,1659.0,24.0,0.0,,0.0,55.0,46.0,32.0,201.0,0.0,0.0,0.0,0.0,24.0,
2009-01-01,XE,2443,EWR,RIC,1245,1246.0,1.0,12.0,1258.0,1349.0,6.0,1408,1355.0,-13.0,0.0,,0.0,83.0,69.0,51.0,278.0,,,,,,
2009-01-01,XE,2443,RIC,CLE,1438,1429.0,-9.0,10.0,1439.0,1548.0,6.0,1606,1554.0,-12.0,0.0,,0.0,88.0,85.0,69.0,362.0,,,,,,
2009-01-01,XE,2446,IAH,RDU,1030,1024.0,-6.0,19.0,1043.0,1348.0,4.0,1400,1352.0,-8.0,0.0,,0.0,150.0,148.0,125.0,1043.0,,,,,,
2009-01-01,XE,2447,IAH,STL,1045,1111.0,26.0,17.0,1128.0,1305.0,5.0,1248,1310.0,22.0,0.0,,0.0,123.0,119.0,97.0,668.0,22.0,0.0,0.0,0.0,0.0,
2009-01-01,XE,2447,STL,EWR,1330,1335.0,5.0,11.0,1346.0,1642.0,8.0,1705,1650.0,-15.0,0.0,,0.0,155.0,135.0,116.0,872.0,,,,,,
2009-01-01,XE,2449,MEM,IAH,1636,1633.0,-3.0,7.0,1640.0,1758.0,4.0,1824,1802.0,-22.0,0.0,,0.0,108.0,89.0,78.0,469.0,,,,,,
2009-01-01,XE,2451,IAH,MFE,1020,1018.0,-2.0,13.0,1031.0,1123.0,5.0,1137,1128.0,-9.0,0.0,,0.0,77.0,70.0,52.0,316.0,,,,,,
2009-01-01,XE,2452,CRP,IAH,1200,1150.0,-10.0,9.0,1159.0,1237.0,6.0,1302,1243.0,-19.0,0.0,,0.0,62.0,53.0,38.0,201.0,,,,,,
2009-01-01,XE,2453,IAH,CRP,1030,1025.0,-5.0,16.0,1041.0,1120.0,2.0,1132,1122.0,-10.0,0.0,,0.0,62.0,57.0,39.0,201.0,,,,,,
2009-01-01,XE,2454,MEM,IAH,1310,1322.0,12.0,8.0,1330.0,1456.0,9.0,1459,1505.0,6.0,0.0,,0.0,109.0,103.0,86.0,469.0,,,,,,
2009-01-01,XE,2456,IAH,SAV,1045,1111.0,26.0,16.0,1127.0,1413.0,4.0,1357,1417.0,20.0,0.0,,0.0,132.0,126.0,106.0,851.0,20.0,0.0,0.0,0.0,0.0,
2009-01-01,XE,2457,SAV,IAH,1430,1443.0,13.0,11.0,1454.0,1613.0,10.0,1617,1623.0,6.0,0.0,,0.0,167.0,160.0,139.0,851.0,,,,,,
2009-01-01,XE,2458,BNA,IAH,1115,1105.0,-10.0,14.0,1119.0,1306.0,15.0,1329,1321.0,-8.0,0.0,,0.0,134.0,136.0,107.0,657.0,,,,,,
2009-01-01,XE,2459,CLT,IAH,1220,1217.0,-3.0,13.0,1230.0,1354.0,6.0,1420,1400.0,-20.0,0.0,,0.0,180.0,163.0,144.0,913.0,,,,,,
2009-01-01,XE,2460,LFT,IAH,1440,1433.0,-7.0,7.0,1440.0,1521.0,5.0,1544,1526.0,-18.0,0.0,,0.0,64.0,53.0,41.0,201.0,,,,,,
2009-01-01,XE,2461,JAN,IAH,1145,1137.0,-8.0,8.0,1145.0,1241.0,3.0,1309,1244.0,-25.0,0.0,,0.0,84.0,67.0,56.0,351.0,,,,,,
2009-01-01,XE,2465,IAH,MAF,1545,1549.0,4.0,12.0,1601.0,1705.0,5.0,1715,1710.0,-5.0,0.0,,0.0,90.0,81.0,64.0,429.0,,,,,,
2009-01-01,XE,2466,MAF,IAH,1750,1739.0,-11.0,8.0,1747.0,1849.0,9.0,1917,1858.0,-19.0,0.0,,0.0,87.0,79.0,62.0,429.0,,,,,,
2009-01-01,XE,2467,GPT,IAH,1745,1735.0,-10.0,6.0,1741.0,1859.0,14.0,1914,1913.0,-1.0,0.0,,0.0,89.0,98.0,78.0,376.0,,,,,,
2009-01-01,XE,2468,IAH,TPA,1200,1159.0,-1.0,17.0,1216.0,1502.0,7.0,1515,1509.0,-6.0,0.0,,0.0,135.0,130.0,106.0,787.0,,,,,,
2009-01-01,XE,2469,TPA,IAH,1545,1543.0,-2.0,11.0,1554.0,1706.0,5.0,1705,1711.0,6.0,0.0,,0.0,140.0,148.0,132.0,787.0,,,,,,
2009-01-01,XE,2471,IAH,BNA,1735,1735.0,0.0,13.0,1748.0,1912.0,16.0,1930,1928.0,-2.0,0.0,,0.0,115.0,113.0,84.0,657.0,,,,,,
2009-01-01,XE,2474,IAH,BNA,1535,1614.0,39.0,13.0,1627.0,1757.0,7.0,1730,1804.0,34.0,0.0,,0.0,115.0,110.0,90.0,657.0,34.0,0.0,0.0,0.0,0.0,
2009-01-01,XE,2476,EWR,CVG,1310,1304.0,-6.0,20.0,1324.0,1504.0,5.0,1522,1509.0,-13.0,0.0,,0.0,132.0,125.0,100.0,569.0,,,,,,
2009-01-01,XE,2479,IAH,DSM,1410,1410.0,0.0,9.0,1419.0,1608.0,4.0,1608,1612.0,4.0,0.0,,0.0,118.0,122.0,109.0,802.0,,,,,,
2009-01-01,XE,2480,CLE,BTV,1515,1514.0,-1.0,13.0,1527.0,1630.0,7.0,1642,1637.0,-5.0,0.0,,0.0,87.0,83.0,63.0,489.0,,,,,,
2009-01-01,XE,2481,IAH,CRP,1900,1905.0,5.0,23.0,1928.0,2007.0,4.0,2010,2011.0,1.0,0.0,,0.0,70.0,66.0,39.0,201.0,,,,,,
2009-01-01,XE,2482,IAH,GPT,1012,1024.0,12.0,14.0,1038.0,1131.0,5.0,1129,1136.0,7.0,0.0,,0.0,77.0,72.0,53.0,376.0,,,,,,
2009-01-01,XE,2484,EWR,MCI,1215,1208.0,-7.0,15.0,1223.0,1417.0,4.0,1432,1421.0,-11.0,0.0,,0.0,197.0,193.0,174.0,1092.0,,,,,,
2009-01-01,XE,2484,MCI,CLE,1515,1506.0,-9.0,8.0,1514.0,1740.0,6.0,1810,1746.0,-24.0,0.0,,0.0,115.0,100.0,86.0,694.0,,,,,,
2009-01-01,XE,2485,ORF,IAH,535,530.0,-5.0,11.0,541.0,745.0,5.0,814,750.0,-24.0,0.0,,0.0,219.0,200.0,184.0,1201.0,,,,,,
2009-01-01,XE,2487,LFT,IAH,1330,1321.0,-9.0,6.0,1327.0,1411.0,4.0,1435,1415.0,-20.0,0.0,,0.0,65.0,54.0,44.0,201.0,,,,,,
2009-01-01,XE,2489,RIC,IAH,1430,1426.0,-4.0,11.0,1437.0,1625.0,12.0,1657,1637.0,-20.0,0.0,,0.0,207.0,191.0,168.0,1157.0,,,,,,
2009-01-01,XE,2491,EWR,CLT,825,820.0,-5.0,23.0,843.0,1011.0,8.0,1043,1019.0,-24.0,0.0,,0.0,138.0,119.0,88.0,529.0,,,,,,
2009-01-01,XE,2493,IAH,ICT,2110,2104.0,-6.0,9.0,2113.0,2235.0,4.0,2252,2239.0,-13.0,0.0,,0.0,102.0,95.0,82.0,542.0,,,,,,
2009-01-01,XE,2494,SDF,EWR,1420,1409.0,-11.0,9.0,1418.0,1551.0,12.0,1632,1603.0,-29.0,0.0,,0.0,132.0,114.0,93.0,642.0,,,,,,
2009-01-01,XE,2495,BHM,IAH,1245,1245.0,0.0,7.0,1252.0,1419.0,12.0,1442,1431.0,-11.0,0.0,,0.0,117.0,106.0,87.0,562.0,,,,,,
2009-01-01,XE,2497,IAH,ICT,1545,1557.0,12.0,19.0,1616.0,1738.0,7.0,1728,1745.0,17.0,0.0,,0.0,103.0,108.0,82.0,542.0,0.0,0.0,5.0,0.0,12.0,
2009-01-01,XE,2499,IAH,ABQ,1250,1259.0,9.0,22.0,1321.0,1409.0,5.0,1407,1414.0,7.0,0.0,,0.0,137.0,135.0,108.0,744.0,,,,,,
2009-01-01,XE,2500,IAH,ABQ,1005,953.0,-12.0,15.0,1008.0,1103.0,7.0,1127,1110.0,-17.0,0.0,,0.0,142.0,137.0,115.0,744.0,,,,,,
2009-01-01,XE,2501,ABQ,IAH,1200,1155.0,-5.0,7.0,1202.0,1454.0,14.0,1504,1508.0,4.0,0.0,,0.0,124.0,133.0,112.0,744.0,,,,,,
2009-01-01,XE,2502,CLT,EWR,735,725.0,-10.0,18.0,743.0,901.0,8.0,927,909.0,-18.0,0.0,,0.0,112.0,104.0,78.0,529.0,,,,,,
2009-01-01,XE,2503,JAX,IAH,1215,1211.0,-4.0,11.0,1222.0,1332.0,5.0,1352,1337.0,-15.0,0.0,,0.0,157.0,146.0,130.0,817.0,,,,,,
2009-01-01,XE,2504,IAH,JAX,835,832.0,-3.0,8.0,840.0,1120.0,3.0,1138,1123.0,-15.0,0.0,,0.0,123.0,111.0,100.0,817.0,,,,,,
2009-01-01,XE,2505,CLE,RIC,1540,1535.0,-5.0,13.0,1548.0,1648.0,4.0,1657,1652.0,-5.0,0.0,,0.0,77.0,77.0,60.0,362.0,,,,,,
2009-01-01,XE,2505,RIC,EWR,1735,1726.0,-9.0,10.0,1736.0,1823.0,11.0,1904,1834.0,-30.0,0.0,,0.0,89.0,68.0,47.0,278.0,,,,,,
2009-01-01,XE,2506,BNA,IAH,705,706.0,1.0,20.0,726.0,909.0,7.0,928,916.0,-12.0,0.0,,0.0,143.0,130.0,103.0,657.0,,,,,,
2009-01-01,XE,2507,JAX,IAH,603,601.0,-2.0,11.0,612.0,721.0,6.0,745,727.0,-18.0,0.0,,0.0,162.0,146.0,129.0,817.0,,,,,,
2009-01-01,XE,2508,IAH,PIT,1645,1647.0,2.0,10.0,1657.0,2015.0,7.0,2035,2022.0,-13.0,0.0,,0.0,170.0,155.0,138.0,1117.0,,,,,,
2009-01-01,XE,2510,IAH,OMA,1000,952.0,-8.0,8.0,1000.0,1149.0,3.0,1210,1152.0,-18.0,0.0,,0.0,130.0,120.0,109.0,781.0,,,,,,
2009-01-01,XE,2511,OMA,IAH,1240,1234.0,-6.0,7.0,1241.0,1452.0,11.0,1500,1503.0,3.0,0.0,,0.0,140.0,149.0,131.0,781.0,,,,,,
2009-01-01,XE,2514,CLE,PHL,1115,1108.0,-7.0,12.0,1120.0,1216.0,6.0,1243,1222.0,-21.0,0.0,,0.0,88.0,74.0,56.0,363.0,,,,,,
2009-01-01,XE,2515,CLE,SDF,1645,1640.0,-5.0,10.0,1650.0,1742.0,5.0,1805,1747.0,-18.0,0.0,,0.0,80.0,67.0,52.0,304.0,,,,,,
2009-01-01,XE,2515,SDF,IAH,1835,1828.0,-7.0,6.0,1834.0,1948.0,11.0,2014,1959.0,-15.0,0.0,,0.0,159.0,151.0,134.0,788.0,,,,,,
2009-01-01,XE,2516,CLE,ROC,1515,1510.0,-5.0,9.0,1519.0,1602.0,8.0,1622,1610.0,-12.0,0.0,,0.0,67.0,60.0,43.0,245.0,,,,,,
2009-01-01,XE,2516,ROC,EWR,1650,1651.0,1.0,12.0,1703.0,1800.0,20.0,1815,1820.0,5.0,0.0,,0.0,85.0,89.0,57.0,246.0,,,,,,
2009-01-01,XE,2517,SAV,EWR,1838,1835.0,-3.0,11.0,1846.0,2027.0,14.0,2100,2041.0,-19.0,0.0,,0.0,142.0,126.0,101.0,708.0,,,,,,
2009-01-01,XE,2520,IAH,CVG,1045,1045.0,0.0,17.0,1102.0,1352.0,5.0,1400,1357.0,-3.0,0.0,,0.0,135.0,132.0,110.0,871.0,,,,,,
2009-01-01,XE,2521,STL,EWR,1932,1918.0,-14.0,8.0,1926.0,2212.0,7.0,2259,2219.0,-40.0,0.0,,0.0,147.0,121.0,106.0,872.0,,,,,,
2009-01-01,XE,2522,IAH,MCI,1900,1858.0,-2.0,32.0,1930.0,2107.0,9.0,2058,2116.0,18.0,0.0,,0.0,118.0,138.0,97.0,643.0,0.0,0.0,18.0,0.0,0.0,
2009-01-01,XE,2523,CVG,IAH,1440,1438.0,-2.0,12.0,1450.0,1610.0,11.0,1630,1621.0,-9.0,0.0,,0.0,170.0,163.0,140.0,871.0,,,,,,
2009-01-01,XE,2527,EWR,GSO,1210,1206.0,-4.0,15.0,1221.0,1334.0,4.0,1348,1338.0,-10.0,0.0,,0.0,98.0,92.0,73.0,446.0,,,,,,
2009-01-01,XE,2528,EWR,BGR,2200,2154.0,-6.0,11.0,2205.0,2302.0,4.0,2325,2306.0,-19.0,0.0,,0.0,85.0,72.0,57.0,393.0,,,,,,
2009-01-01,XE,2530,GSO,EWR,1450,1445.0,-5.0,11.0,1456.0,1604.0,10.0,1642,1614.0,-28.0,0.0,,0.0,112.0,89.0,68.0,446.0,,,,,,
2009-01-01,XE,2532,TUS,IAH,605,558.0,-7.0,14.0,612.0,913.0,11.0,930,924.0,-6.0,0.0,,0.0,145.0,146.0,121.0,936.0,,,,,,
2009-01-01,XE,2533,DTW,EWR,1302,1301.0,-1.0,22.0,1323.0,1436.0,11.0,1459,1447.0,-12.0,0.0,,0.0,117.0,106.0,73.0,487.0,,,,,,
2009-01-01,XE,2535,SDF,EWR,620,608.0,-12.0,16.0,624.0,753.0,6.0,822,759.0,-23.0,0.0,,0.0,122.0,111.0,89.0,642.0,,,,,,
2009-01-01,XE,2536,MFE,IAH,1205,1200.0,-5.0,7.0,1207.0,1258.0,15.0,1323,1313.0,-10.0,0.0,,0.0,78.0,73.0,51.0,316.0,,,,,,
2009-01-01,XE,2538,CLE,PHL,1545,1542.0,-3.0,13.0,1555.0,1700.0,7.0,1719,1707.0,-12.0,0.0,,0.0,94.0,85.0,65.0,363.0,,,,,,
2009-01-01,XE,2539,RIC,IAH,1645,1638.0,-7.0,10.0,1648.0,1848.0,13.0,1914,1901.0,-13.0,0.0,,0.0,209.0,203.0,180.0,1157.0,,,,,,
2009-01-01,XE,2540,BNA,IAH,820,811.0,-9.0,10.0,821.0,1004.0,18.0,1042,1022.0,-20.0,0.0,,0.0,142.0,131.0,103.0,657.0,,,,,,
2009-01-01,XE,2540,EWR,BNA,610,608.0,-2.0,28.0,636.0,733.0,7.0,748,740.0,-8.0,0.0,,0.0,158.0,152.0,117.0,748.0,,,,,,
2009-01-01,XE,2541,CLE,CLT,1907,1905.0,-2.0,18.0,1923.0,2035.0,9.0,2051,2044.0,-7.0,0.0,,0.0,104.0,99.0,72.0,430.0,,,,,,
2009-01-01,XE,2542,CLE,MHT,1112,1104.0,-8.0,11.0,1115.0,1230.0,7.0,1246,1237.0,-9.0,0.0,,0.0,94.0,93.0,75.0,544.0,,,,,,
2009-01-01,XE,2542,MHT,EWR,1315,1315.0,0.0,18.0,1333.0,1435.0,10.0,1503,1445.0,-18.0,0.0,,0.0,108.0,90.0,62.0,209.0,,,,,,
2009-01-01,XE,2543,SAV,EWR,1205,1208.0,3.0,13.0,1221.0,1404.0,12.0,1420,1416.0,-4.0,0.0,,0.0,135.0,128.0,103.0,708.0,,,,,,
2009-01-01,XE,2544,DAL,IAH,930,929.0,-1.0,11.0,940.0,1020.0,9.0,1035,1029.0,-6.0,0.0,,0.0,65.0,60.0,40.0,217.0,,,,,,
2009-01-01,XE,2545,PHL,CLE,1750,1801.0,11.0,18.0,1819.0,1921.0,7.0,1928,1928.0,0.0,0.0,,0.0,98.0,87.0,62.0,363.0,,,,,,
2009-01-01,XE,2546,MCI,IAH,600,555.0,-5.0,10.0,605.0,743.0,8.0,815,751.0,-24.0,0.0,,0.0,135.0,116.0,98.0,643.0,,,,,,
2009-01-01,XE,2550,IAH,CHS,1055,1056.0,1.0,14.0,1110.0,1401.0,8.0,1413,1409.0,-4.0,0.0,,0.0,138.0,133.0,111.0,925.0,,,,,,
2009-01-01,XE,2551,CHS,IAH,1450,1445.0,-5.0,7.0,1452.0,1619.0,6.0,1645,1625.0,-20.0,0.0,,0.0,175.0,160.0,147.0,925.0,,,,,,
2009-01-01,XE,2554,EWR,JAX,2035,2031.0,-4.0,22.0,2053.0,2259.0,4.0,2330,2303.0,-27.0,0.0,,0.0,175.0,152.0,126.0,821.0,,,,,,
2009-01-01,XE,2555,GPT,IAH,1200,1157.0,-3.0,11.0,1208.0,1316.0,6.0,1329,1322.0,-7.0,0.0,,0.0,89.0,85.0,68.0,376.0,,,,,,
2009-01-01,XE,2556,EWR,DTW,1030,1023.0,-7.0,28.0,1051.0,1226.0,10.0,1235,1236.0,1.0,0.0,,0.0,125.0,133.0,95.0,487.0,,,,,,
2009-01-01,XE,2557,OKC,EWR,715,718.0,3.0,11.0,729.0,1112.0,14.0,1124,1126.0,2.0,0.0,,0.0,189.0,188.0,163.0,1325.0,,,,,,
2009-01-01,XE,2558,EWR,OMA,2105,2102.0,-3.0,18.0,2120.0,2315.0,4.0,2333,2319.0,-14.0,0.0,,0.0,208.0,197.0,175.0,1133.0,,,,,,
2009-01-01,XE,2560,MAF,IAH,1652,1643.0,-9.0,11.0,1654.0,1809.0,17.0,1824,1826.0,2.0,0.0,,0.0,92.0,103.0,75.0,429.0,,,,,,
2009-01-01,XE,2562,IAH,DAL,1730,1728.0,-2.0,11.0,1739.0,1824.0,2.0,1832,1826.0,-6.0,0.0,,0.0,62.0,58.0,45.0,217.0,,,,,,
2009-01-01,XE,2567,BNA,EWR,1655,1745.0,50.0,17.0,1802.0,2039.0,8.0,2010,2047.0,37.0,0.0,,0.0,135.0,122.0,97.0,748.0,37.0,0.0,0.0,0.0,0.0,
2009-01-01,XE,2568,IAH,DSM,2030,2045.0,15.0,10.0,2055.0,2250.0,5.0,2230,2255.0,25.0,0.0,,0.0,120.0,130.0,115.0,802.0,15.0,0.0,10.0,0.0,0.0,
2009-01-01,XE,2569,TUL,IAH,1203,1151.0,-12.0,11.0,1202.0,1319.0,13.0,1345,1332.0,-13.0,0.0,,0.0,102.0,101.0,77.0,429.0,,,,,,
2009-01-01,XE,2570,IAH,TUL,1000,957.0,-3.0,10.0,1007.0,1111.0,3.0,1132,1114.0,-18.0,0.0,,0.0,92.0,77.0,64.0,429.0,,,,,,
2009-01-01,XE,2572,IAH,CHS,1305,1300.0,-5.0,12.0,1312.0,1604.0,5.0,1622,1609.0,-13.0,0.0,,0.0,137.0,129.0,112.0,925.0,,,,,,
2009-01-01,XE,2573,BNA,EWR,935,934.0,-1.0,14.0,948.0,1229.0,8.0,1252,1237.0,-15.0,0.0,,0.0,137.0,123.0,101.0,748.0,,,,,,
2009-01-01,XE,2573,IAH,BNA,710,706.0,-4.0,8.0,714.0,837.0,6.0,905,843.0,-22.0,0.0,,0.0,115.0,97.0,83.0,657.0,,,,,,
2009-01-01,XE,2574,IAH,XNA,1540,1537.0,-3.0,11.0,1548.0,1652.0,4.0,1707,1656.0,-11.0,0.0,,0.0,87.0,79.0,64.0,438.0,,,,,,
2009-01-01,XE,2575,EWR,MSP,1430,1428.0,-2.0,29.0,1457.0,1638.0,5.0,1640,1643.0,3.0,0.0,,0.0,190.0,195.0,161.0,1008.0,,,,,,
2009-01-01,XE,2576,IAH,BHM,1030,1033.0,3.0,22.0,1055.0,1213.0,4.0,1212,1217.0,5.0,0.0,,0.0,102.0,104.0,78.0,562.0,,,,,,
2009-01-01,XE,2577,CHS,IAH,1710,1706.0,-4.0,11.0,1717.0,1851.0,8.0,1907,1859.0,-8.0,0.0,,0.0,177.0,173.0,154.0,925.0,,,,,,
2009-01-01,XE,2578,CLE,ABE,1540,1532.0,-8.0,9.0,1541.0,1634.0,3.0,1649,1637.0,-12.0,0.0,,0.0,69.0,65.0,53.0,339.0,,,,,,
2009-01-01,XE,2580,MKE,IAH,840,830.0,-10.0,10.0,840.0,1110.0,6.0,1142,1116.0,-26.0,0.0,,0.0,182.0,166.0,150.0,984.0,,,,,,
2009-01-01,XE,2581,CHS,IAH,820,813.0,-7.0,12.0,825.0,943.0,27.0,1014,1010.0,-4.0,0.0,,0.0,174.0,177.0,138.0,925.0,,,,,,
2009-01-01,XE,2582,IAH,CHS,1940,1940.0,0.0,41.0,2021.0,2309.0,5.0,2259,2314.0,15.0,0.0,,0.0,139.0,154.0,108.0,925.0,0.0,0.0,15.0,0.0,0.0,
2009-01-01,XE,2584,DSM,IAH,650,655.0,5.0,14.0,709.0,908.0,13.0,929,921.0,-8.0,0.0,,0.0,159.0,146.0,119.0,802.0,,,,,,
2009-01-01,XE,2586,IAH,IND,745,741.0,-4.0,8.0,749.0,1036.0,6.0,1104,1042.0,-22.0,0.0,,0.0,139.0,121.0,107.0,845.0,,,,,,
2009-01-01,XE,2586,IND,EWR,1135,1132.0,-3.0,8.0,1140.0,1319.0,6.0,1332,1325.0,-7.0,0.0,,0.0,117.0,113.0,99.0,644.0,,,,,,
2009-01-01,XE,2587,CLT,IAH,1800,1755.0,-5.0,20.0,1815.0,2007.0,7.0,2002,2014.0,12.0,0.0,,0.0,182.0,199.0,172.0,913.0,,,,,,
2009-01-01,XE,2589,CLE,MCI,2040,2034.0,-6.0,10.0,2044.0,2135.0,4.0,2155,2139.0,-16.0,0.0,,0.0,135.0,125.0,111.0,694.0,,,,,,
2009-01-01,XE,2590,IAH,PNS,1907,1907.0,0.0,41.0,1948.0,2051.0,4.0,2041,2055.0,14.0,0.0,,0.0,94.0,108.0,63.0,489.0,,,,,,
2009-01-01,XE,2591,IAH,DAL,1430,1431.0,1.0,13.0,1444.0,1529.0,3.0,1533,1532.0,-1.0,0.0,,0.0,63.0,61.0,45.0,217.0,,,,,,
2009-01-01,XE,2592,EWR,IND,1040,1033.0,-7.0,14.0,1047.0,1235.0,5.0,1257,1240.0,-17.0,0.0,,0.0,137.0,127.0,108.0,644.0,,,,,,
2009-01-01,XE,2592,IND,CLE,1330,1324.0,-6.0,8.0,1332.0,1416.0,7.0,1439,1423.0,-16.0,0.0,,0.0,69.0,59.0,44.0,261.0,,,,,,
2009-01-01,XE,2593,IAH,OMA,1245,1244.0,-1.0,13.0,1257.0,1445.0,4.0,1459,1449.0,-10.0,0.0,,0.0,134.0,125.0,108.0,781.0,,,,,,
2009-01-01,XE,2594,IAH,JAX,1845,1851.0,6.0,18.0,1909.0,2143.0,7.0,2149,2150.0,1.0,0.0,,0.0,124.0,119.0,94.0,817.0,,,,,,
2009-01-01,XE,2597,IAH,SAV,1920,1953.0,33.0,25.0,2018.0,2258.0,7.0,2232,2305.0,33.0,0.0,,0.0,132.0,132.0,100.0,851.0,15.0,0.0,0.0,0.0,18.0,
2009-01-01,XE,2599,MSP,EWR,1707,1708.0,1.0,19.0,1727.0,2031.0,10.0,2104,2041.0,-23.0,0.0,,0.0,177.0,153.0,124.0,1008.0,,,,,,
2009-01-01,XE,2600,CLE,BTV,1915,1940.0,25.0,8.0,1948.0,2053.0,3.0,2044,2056.0,12.0,0.0,,0.0,89.0,76.0,65.0,489.0,,,,,,
2009-01-01,XE,2601,PNS,IAH,605,603.0,-2.0,12.0,615.0,734.0,6.0,755,740.0,-15.0,0.0,,0.0,110.0,97.0,79.0,489.0,,,,,,
2009-01-01,XE,2602,IAH,IND,1125,1122.0,-3.0,16.0,1138.0,1427.0,4.0,1442,1431.0,-11.0,0.0,,0.0,137.0,129.0,109.0,845.0,,,,,,
2009-01-01,XE,2603,BHM,IAH,1140,1134.0,-6.0,7.0,1141.0,1309.0,13.0,1338,1322.0,-16.0,0.0,,0.0,118.0,108.0,88.0,562.0,,,,,,
2009-01-01,XE,2604,CLT,IAH,600,554.0,-6.0,11.0,605.0,728.0,10.0,755,738.0,-17.0,0.0,,0.0,175.0,164.0,143.0,913.0,,,,,,
2009-01-01,XE,2605,IAH,DAL,900,853.0,-7.0,14.0,907.0,948.0,3.0,1003,951.0,-12.0,0.0,,0.0,63.0,58.0,41.0,217.0,,,,,,
2009-01-01,XE,2607,IND,IAH,1610,1606.0,-4.0,12.0,1618.0,1730.0,32.0,1754,1802.0,8.0,0.0,,0.0,164.0,176.0,132.0,845.0,,,,,,
2009-01-01,XE,2608,XNA,IAH,1835,1825.0,-10.0,9.0,1834.0,1951.0,7.0,2022,1958.0,-24.0,0.0,,0.0,107.0,93.0,77.0,438.0,,,,,,
2009-01-01,XE,2609,EWR,MKE,2015,2011.0,-4.0,22.0,2033.0,2135.0,5.0,2204,2140.0,-24.0,0.0,,0.0,169.0,149.0,122.0,725.0,,,,,,
2009-01-01,XE,2610,GSP,IAH,1449,1447.0,-2.0,10.0,1457.0,1616.0,5.0,1629,1621.0,-8.0,0.0,,0.0,160.0,154.0,139.0,838.0,,,,,,
2009-01-01,XE,2611,CVG,IAH,1100,1128.0,28.0,16.0,1144.0,1253.0,6.0,1248,1259.0,11.0,0.0,,0.0,168.0,151.0,129.0,871.0,,,,,,
2009-01-01,XE,2615,CRP,IAH,1700,1713.0,13.0,14.0,1727.0,1815.0,7.0,1817,1822.0,5.0,0.0,,0.0,77.0,69.0,48.0,201.0,,,,,,
2009-01-01,XE,2619,IAH,ORD,2110,2108.0,-2.0,26.0,2134.0,2337.0,8.0,2339,2345.0,6.0,0.0,,0.0,149.0,157.0,123.0,925.0,,,,,,
2009-01-01,XE,2620,ICT,IAH,1035,1025.0,-10.0,9.0,1034.0,1156.0,3.0,1224,1159.0,-25.0,0.0,,0.0,109.0,94.0,82.0,542.0,,,,,,
2009-01-01,XE,2622,IAH,CLT,1035,1034.0,-1.0,23.0,1057.0,1353.0,6.0,1402,1359.0,-3.0,0.0,,0.0,147.0,145.0,116.0,913.0,,,,,,
2009-01-01,XE,2625,CLT,IAH,1433,1425.0,-8.0,14.0,1439.0,1558.0,7.0,1633,1605.0,-28.0,0.0,,0.0,180.0,160.0,139.0,913.0,,,,,,
2009-01-01,XE,2628,SAV,IAH,855,844.0,-11.0,12.0,856.0,1010.0,17.0,1042,1027.0,-15.0,0.0,,0.0,167.0,163.0,134.0,851.0,,,,,,
2009-01-01,XE,2629,GSP,CLE,1630,1620.0,-10.0,9.0,1629.0,1737.0,5.0,1803,1742.0,-21.0,0.0,,0.0,93.0,82.0,68.0,450.0,,,,,,
2009-01-01,XE,2629,IAH,GSP,1250,1249.0,-1.0,12.0,1301.0,1547.0,3.0,1559,1550.0,-9.0,0.0,,0.0,129.0,121.0,106.0,838.0,,,,,,
2009-01-01,XE,2631,IAH,LFT,1435,1432.0,-3.0,9.0,1441.0,1512.0,5.0,1530,1517.0,-13.0,0.0,,0.0,55.0,45.0,31.0,201.0,,,,,,
2009-01-01,XE,2633,DAL,IAH,800,754.0,-6.0,14.0,808.0,847.0,14.0,907,901.0,-6.0,0.0,,0.0,67.0,67.0,39.0,217.0,,,,,,
2009-01-01,XE,2634,BNA,IAH,1250,1243.0,-7.0,7.0,1250.0,1438.0,5.0,1504,1443.0,-21.0,0.0,,0.0,134.0,120.0,108.0,657.0,,,,,,
2009-01-01,XE,2635,MHT,CLE,940,1221.0,161.0,12.0,1233.0,1403.0,6.0,1137,1409.0,152.0,0.0,,0.0,117.0,108.0,90.0,544.0,152.0,0.0,0.0,0.0,0.0,
2009-01-01,XE,2637,DAL,IAH,1700,1648.0,-12.0,8.0,1656.0,1743.0,20.0,1810,1803.0,-7.0,0.0,,0.0,70.0,75.0,47.0,217.0,,,,,,
2009-01-01,XE,2640,EWR,GRR,1455,1447.0,-8.0,13.0,1500.0,1642.0,4.0,1704,1646.0,-18.0,0.0,,0.0,129.0,119.0,102.0,605.0,,,,,,
2009-01-01,XE,2640,GRR,IAH,1737,1731.0,-6.0,8.0,1739.0,1921.0,12.0,1949,1933.0,-16.0,0.0,,0.0,192.0,182.0,162.0,1042.0,,,,,,
2009-01-01,XE,2641,MCI,CLE,1125,1118.0,-7.0,9.0,1127.0,1357.0,6.0,1423,1403.0,-20.0,0.0,,0.0,118.0,105.0,90.0,694.0,,,,,,
2009-01-01,XE,2642,IAH,PIT,1010,1010.0,0.0,19.0,1029.0,1349.0,6.0,1355,1355.0,0.0,0.0,,0.0,165.0,165.0,140.0,1117.0,,,,,,
2009-01-01,XE,2643,PIT,IAH,1425,1428.0,3.0,13.0,1441.0,1640.0,11.0,1654,1651.0,-3.0,0.0,,0.0,209.0,203.0,179.0,1117.0,,,,,,
2009-01-01,XE,2645,XNA,IAH,1515,1505.0,-10.0,7.0,1512.0,1637.0,9.0,1657,1646.0,-11.0,0.0,,0.0,102.0,101.0,85.0,438.0,,,,,,
2009-01-01,XE,2647,ORD,IAH,1205,1154.0,-11.0,15.0,1209.0,1431.0,6.0,1505,1437.0,-28.0,0.0,,0.0,180.0,163.0,142.0,925.0,,,,,,
2009-01-01,XE,2648,IAH,BHM,1735,1733.0,-2.0,10.0,1743.0,1904.0,4.0,1915,1908.0,-7.0,0.0,,0.0,100.0,95.0,81.0,562.0,,,,,,
2009-01-01,XE,2650,MKE,CLE,1223,1249.0,26.0,16.0,1305.0,1452.0,6.0,1442,1458.0,16.0,0.0,,0.0,79.0,69.0,47.0,328.0,16.0,0.0,0.0,0.0,0.0,
2009-01-01,XE,2652,CLE,ABE,1930,1926.0,-4.0,11.0,1937.0,2026.0,5.0,2047,2031.0,-16.0,0.0,,0.0,77.0,65.0,49.0,339.0,,,,,,
2009-01-01,XE,2654,RIC,EWR,1635,1625.0,-10.0,25.0,1650.0,1740.0,6.0,1802,1746.0,-16.0,0.0,,0.0,87.0,81.0,50.0,278.0,,,,,,
2009-01-01,XE,2655,EWR,RIC,1440,1436.0,-4.0,27.0,1503.0,1553.0,6.0,1603,1559.0,-4.0,0.0,,0.0,83.0,83.0,50.0,278.0,,,,,,
2009-01-01,XE,2660,XNA,IAH,645,635.0,-10.0,11.0,646.0,802.0,10.0,832,812.0,-20.0,0.0,,0.0,107.0,97.0,76.0,438.0,,,,,,
2009-01-01,XE,2661,IAH,CRP,1200,1158.0,-2.0,13.0,1211.0,1250.0,3.0,1302,1253.0,-9.0,0.0,,0.0,62.0,55.0,39.0,201.0,,,,,,
2009-01-01,XE,2662,IAH,BTR,1420,1421.0,1.0,8.0,1429.0,1505.0,4.0,1522,1509.0,-13.0,0.0,,0.0,62.0,48.0,36.0,253.0,,,,,,
2009-01-01,XE,2663,BTR,IAH,1549,1547.0,-2.0,19.0,1606.0,1657.0,4.0,1706,1701.0,-5.0,0.0,,0.0,77.0,74.0,51.0,253.0,,,,,,
2009-01-01,XE,2665,DTW,EWR,2025,2020.0,-5.0,17.0,2037.0,2143.0,5.0,2222,2148.0,-34.0,0.0,,0.0,117.0,88.0,66.0,487.0,,,,,,
2009-01-01,XE,2671,DSM,IAH,1650,1649.0,-1.0,6.0,1655.0,1846.0,19.0,1919,1905.0,-14.0,0.0,,0.0,149.0,136.0,111.0,802.0,,,,,,
2009-01-01,XE,2675,EWR,GSP,2100,2050.0,-10.0,18.0,2108.0,2244.0,4.0,2322,2248.0,-34.0,0.0,,0.0,142.0,118.0,96.0,594.0,,,,,,
2009-01-01,XE,2679,IAH,RIC,1015,1014.0,-1.0,20.0,1034.0,1351.0,5.0,1359,1356.0,-3.0,0.0,,0.0,164.0,162.0,137.0,1157.0,,,,,,
2009-01-01,XE,2681,EWR,IND,1535,1539.0,4.0,26.0,1605.0,1755.0,7.0,1752,1802.0,10.0,0.0,,0.0,137.0,143.0,110.0,644.0,,,,,,
2009-01-01,XE,2681,IND,IAH,1825,1827.0,2.0,11.0,1838.0,1955.0,10.0,2009,2005.0,-4.0,0.0,,0.0,164.0,158.0,137.0,845.0,,,,,,
2009-01-01,XE,2683,COS,IAH,745,745.0,0.0,21.0,806.0,1049.0,7.0,1109,1056.0,-13.0,0.0,,0.0,144.0,131.0,103.0,809.0,,,,,,
2009-01-01,XE,2685,MKE,EWR,1630,1635.0,5.0,11.0,1646.0,1929.0,17.0,1943,1946.0,3.0,0.0,,0.0,133.0,131.0,103.0,725.0,,,,,,
2009-01-01,XE,2692,IAH,LFT,2115,2108.0,-7.0,13.0,2121.0,2152.0,7.0,2212,2159.0,-13.0,0.0,,0.0,57.0,51.0,31.0,201.0,,,,,,
2009-01-01,XE,2693,CLE,DAY,2100,2052.0,-8.0,12.0,2104.0,2138.0,5.0,2157,2143.0,-14.0,0.0,,0.0,57.0,51.0,34.0,162.0,,,,,,
2009-01-01,XE,2695,IAH,BHM,1530,1548.0,18.0,9.0,1557.0,1716.0,4.0,1709,1720.0,11.0,0.0,,0.0,99.0,92.0,79.0,562.0,,,,,,
2009-01-01,XE,2697,IAH,MFE,1920,1915.0,-5.0,33.0,1948.0,2040.0,5.0,2039,2045.0,6.0,0.0,,0.0,79.0,90.0,52.0,316.0,,,,,,
2009-01-01,XE,2703,IAH,DAL,630,625.0,-5.0,20.0,645.0,725.0,4.0,730,729.0,-1.0,0.0,,0.0,60.0,64.0,40.0,217.0,,,,,,
2009-01-01,XE,2704,MEM,IAH,905,900.0,-5.0,15.0,915.0,1030.0,10.0,1057,1040.0,-17.0,0.0,,0.0,112.0,100.0,75.0,469.0,,,,,,
2009-01-01,XE,2705,IAH,GPT,1550,1549.0,-1.0,11.0,1600.0,1653.0,5.0,1710,1658.0,-12.0,0.0,,0.0,80.0,69.0,53.0,376.0,,,,,,
2009-01-01,XE,2707,PNS,IAH,1824,1814.0,-10.0,6.0,1820.0,1957.0,6.0,2013,2003.0,-10.0,0.0,,0.0,109.0,109.0,97.0,489.0,,,,,,
2009-01-01,XE,2708,IAH,PNS,1620,1618.0,-2.0,12.0,1630.0,1731.0,5.0,1754,1736.0,-18.0,0.0,,0.0,94.0,78.0,61.0,489.0,,,,,,
2009-01-01,XE,2709,DAL,IAH,1030,1024.0,-6.0,7.0,1031.0,1110.0,19.0,1135,1129.0,-6.0,0.0,,0.0,65.0,65.0,39.0,217.0,,,,,,
2009-01-01,XE,2710,IAH,JAX,1440,1440.0,0.0,15.0,1455.0,1731.0,4.0,1745,1735.0,-10.0,0.0,,0.0,125.0,115.0,96.0,817.0,,,,,,
2009-01-01,XE,2711,JAX,IAH,1830,1820.0,-10.0,10.0,1830.0,1949.0,5.0,2007,1954.0,-13.0,0.0,,0.0,157.0,154.0,139.0,817.0,,,,,,
2009-01-01,XE,2712,EWR,BUF,820,814.0,-6.0,15.0,829.0,923.0,7.0,947,930.0,-17.0,0.0,,0.0,87.0,76.0,54.0,282.0,,,,,,
2009-01-01,XE,2713,BUF,EWR,1015,1012.0,-3.0,10.0,1022.0,1118.0,9.0,1132,1127.0,-5.0,0.0,,0.0,77.0,75.0,56.0,282.0,,,,,,
2009-01-01,XE,2715,IAH,ELP,1130,1129.0,-1.0,23.0,1152.0,1234.0,3.0,1237,1237.0,0.0,0.0,,0.0,127.0,128.0,102.0,667.0,,,,,,
2009-01-01,XE,2716,ELP,IAH,1310,1305.0,-5.0,9.0,1314.0,1547.0,10.0,1607,1557.0,-10.0,0.0,,0.0,117.0,112.0,93.0,667.0,,,,,,
2009-01-01,XE,2717,EWR,STL,2000,1953.0,-7.0,18.0,2011.0,2135.0,5.0,2212,2140.0,-32.0,0.0,,0.0,192.0,167.0,144.0,872.0,,,,,,
2009-01-01,XE,2719,CRP,IAH,1330,1323.0,-7.0,5.0,1328.0,1418.0,5.0,1433,1423.0,-10.0,0.0,,0.0,63.0,60.0,50.0,201.0,,,,,,
2009-01-01,XE,2720,ICT,IAH,1821,1816.0,-5.0,8.0,1824.0,1943.0,6.0,2010,1949.0,-21.0,0.0,,0.0,109.0,93.0,79.0,542.0,,,,,,
2009-01-01,XE,2722,MFE,IAH,910,902.0,-8.0,8.0,910.0,1004.0,6.0,1027,1010.0,-17.0,0.0,,0.0,77.0,68.0,54.0,316.0,,,,,,
2009-01-01,XE,2723,PNS,IAH,915,905.0,-10.0,6.0,911.0,1027.0,7.0,1059,1034.0,-25.0,0.0,,0.0,104.0,89.0,76.0,489.0,,,,,,
2009-01-01,XE,2724,IAH,PNS,715,705.0,-10.0,13.0,718.0,822.0,5.0,844,827.0,-17.0,0.0,,0.0,89.0,82.0,64.0,489.0,,,,,,
2009-01-01,XE,2725,OKC,IAH,1435,1435.0,0.0,10.0,1445.0,1549.0,12.0,1600,1601.0,1.0,0.0,,0.0,85.0,86.0,64.0,395.0,,,,,,
2009-01-01,XE,2728,IAH,DFW,1450,1447.0,-3.0,12.0,1459.0,1545.0,5.0,1603,1550.0,-13.0,0.0,,0.0,73.0,63.0,46.0,224.0,,,,,,
2009-01-01,XE,2729,DFW,IAH,1631,1617.0,-14.0,28.0,1645.0,1736.0,16.0,1744,1752.0,8.0,0.0,,0.0,73.0,95.0,51.0,224.0,,,,,,
2009-01-01,XE,2731,IAH,SHV,1845,1841.0,-4.0,26.0,1907.0,1936.0,3.0,1945,1939.0,-6.0,0.0,,0.0,60.0,58.0,29.0,192.0,,,,,,
2009-01-01,XE,2732,IAH,CLT,1850,1849.0,-1.0,16.0,1905.0,2201.0,17.0,2215,2218.0,3.0,0.0,,0.0,145.0,149.0,116.0,913.0,,,,,,
2009-01-01,XE,2735,LRD,IAH,1025,1020.0,-5.0,8.0,1028.0,1124.0,4.0,1145,1128.0,-17.0,0.0,,0.0,80.0,68.0,56.0,301.0,,,,,,
2009-01-01,XE,2736,IAH,CRW,1900,1854.0,-6.0,34.0,1928.0,2228.0,4.0,2232,2232.0,0.0,0.0,,0.0,152.0,158.0,120.0,975.0,,,,,,
2009-01-01,XE,2737,GSP,EWR,1743,1739.0,-4.0,8.0,1747.0,1908.0,60.0,2000,2008.0,8.0,0.0,,0.0,137.0,149.0,81.0,594.0,,,,,,
2009-01-01,XE,2741,CVG,EWR,1825,1818.0,-7.0,10.0,1828.0,1955.0,34.0,2032,2029.0,-3.0,0.0,,0.0,127.0,131.0,87.0,569.0,,,,,,
2009-01-01,XE,2742,IAH,BTR,1150,1147.0,-3.0,8.0,1155.0,1231.0,6.0,1257,1237.0,-20.0,0.0,,0.0,67.0,50.0,36.0,253.0,,,,,,
2009-01-01,XE,2743,BTR,IAH,1322,1318.0,-4.0,37.0,1355.0,1447.0,6.0,1434,1453.0,19.0,0.0,,0.0,72.0,95.0,52.0,253.0,0.0,0.0,19.0,0.0,0.0,
2009-01-01,XE,2744,IAH,ORD,1145,1143.0,-2.0,22.0,1205.0,1404.0,6.0,1424,1410.0,-14.0,0.0,,0.0,159.0,147.0,119.0,925.0,,,,,,
2009-01-01,XE,2745,BNA,EWR,645,646.0,1.0,23.0,709.0,947.0,7.0,957,954.0,-3.0,0.0,,0.0,132.0,128.0,98.0,748.0,,,,,,
2009-01-01,XE,2747,EWR,BNA,2030,2103.0,33.0,13.0,2116.0,2219.0,9.0,2217,2228.0,11.0,0.0,,0.0,167.0,145.0,123.0,748.0,,,,,,
2009-01-01,XE,2750,IAH,HSV,1030,1025.0,-5.0,17.0,1042.0,1201.0,6.0,1215,1207.0,-8.0,0.0,,0.0,105.0,102.0,79.0,595.0,,,,,,
2009-01-01,XE,2752,IAH,MCI,2115,2107.0,-8.0,13.0,2120.0,2258.0,6.0,2310,2304.0,-6.0,0.0,,0.0,115.0,117.0,98.0,643.0,,,,,,
2009-01-01,XE,2753,EWR,LIT,2015,2022.0,7.0,24.0,2046.0,2229.0,5.0,2249,2234.0,-15.0,0.0,,0.0,214.0,192.0,163.0,1069.0,,,,,,
2009-01-01,XE,2755,IAH,ELP,1440,1440.0,0.0,13.0,1453.0,1533.0,4.0,1543,1537.0,-6.0,0.0,,0.0,123.0,117.0,100.0,667.0,,,,,,
2009-01-01,XE,2756,EWR,BHM,2035,2029.0,-6.0,25.0,2054.0,2205.0,7.0,2230,2212.0,-18.0,0.0,,0.0,175.0,163.0,131.0,850.0,,,,,,
2009-01-01,XE,2758,ELP,IAH,1615,1608.0,-7.0,8.0,1616.0,1844.0,32.0,1909,1916.0,7.0,0.0,,0.0,114.0,128.0,88.0,667.0,,,,,,
2009-01-01,XE,2763,BGR,EWR,1320,1341.0,21.0,42.0,1423.0,1542.0,10.0,1525,1552.0,27.0,0.0,,0.0,125.0,131.0,79.0,393.0,21.0,0.0,6.0,0.0,0.0,
2009-01-01,XE,2764,EWR,STL,1700,1657.0,-3.0,19.0,1716.0,1840.0,4.0,1904,1844.0,-20.0,0.0,,0.0,184.0,167.0,144.0,872.0,,,,,,
2009-01-01,XE,2766,LFT,IAH,1605,1557.0,-8.0,23.0,1620.0,1702.0,4.0,1713,1706.0,-7.0,0.0,,0.0,68.0,69.0,42.0,201.0,,,,,,
2009-01-01,XE,2767,ALB,CLE,1410,1405.0,-5.0,12.0,1417.0,1529.0,8.0,1554,1537.0,-17.0,0.0,,0.0,104.0,92.0,72.0,424.0,,,,,,
2009-01-01,XE,2768,CLE,ALB,1220,1216.0,-4.0,8.0,1224.0,1322.0,8.0,1340,1330.0,-10.0,0.0,,0.0,80.0,74.0,58.0,424.0,,,,,,
2009-01-01,XE,2770,CVG,EWR,1159,1229.0,30.0,14.0,1243.0,1405.0,14.0,1354,1419.0,25.0,0.0,,0.0,115.0,110.0,82.0,569.0,25.0,0.0,0.0,0.0,0.0,
2009-01-01,XE,2771,ABQ,IAH,1435,1439.0,4.0,15.0,1454.0,1741.0,12.0,1740,1753.0,13.0,0.0,,0.0,125.0,134.0,107.0,744.0,,,,,,
2009-01-01,XE,2773,IAH,JAN,1232,1234.0,2.0,14.0,1248.0,1340.0,6.0,1346,1346.0,0.0,0.0,,0.0,74.0,72.0,52.0,351.0,,,,,,
2009-01-01,XE,2774,DAY,EWR,1751,1743.0,-8.0,9.0,1752.0,1910.0,27.0,2000,1937.0,-23.0,0.0,,0.0,129.0,114.0,78.0,533.0,,,,,,
2009-01-01,XE,2775,EWR,GRR,700,655.0,-5.0,13.0,708.0,852.0,5.0,913,857.0,-16.0,0.0,,0.0,133.0,122.0,104.0,605.0,,,,,,
2009-01-01,XE,2775,GRR,CLE,940,938.0,-2.0,8.0,946.0,1021.0,5.0,1043,1026.0,-17.0,0.0,,0.0,63.0,48.0,35.0,214.0,,,,,,
2009-01-01,XE,2777,IAH,GSO,1945,1944.0,-1.0,33.0,2017.0,2315.0,3.0,2317,2318.0,1.0,0.0,,0.0,152.0,154.0,118.0,986.0,,,,,,
2009-01-01,XE,2778,IAH,VPS,1530,1535.0,5.0,11.0,1546.0,1654.0,4.0,1708,1658.0,-10.0,0.0,,0.0,98.0,83.0,68.0,528.0,,,,,,
2009-01-01,XE,2780,IAH,ORF,1225,1225.0,0.0,16.0,1241.0,1600.0,4.0,1609,1604.0,-5.0,0.0,,0.0,164.0,159.0,139.0,1201.0,,,,,,
2009-01-01,XE,2781,VPS,IAH,1740,1732.0,-8.0,9.0,1741.0,1920.0,9.0,1937,1929.0,-8.0,0.0,,0.0,117.0,117.0,99.0,528.0,,,,,,
2009-01-01,XE,2782,IAH,DFW,1110,1110.0,0.0,12.0,1122.0,1208.0,12.0,1222,1220.0,-2.0,0.0,,0.0,72.0,70.0,46.0,224.0,,,,,,
2009-01-01,XE,2783,ABQ,IAH,1045,1038.0,-7.0,7.0,1045.0,1330.0,11.0,1353,1341.0,-12.0,0.0,,0.0,128.0,123.0,105.0,744.0,,,,,,
2009-01-01,XE,2784,IAH,OKC,1415,1427.0,12.0,14.0,1441.0,1543.0,4.0,1540,1547.0,7.0,0.0,,0.0,85.0,80.0,62.0,395.0,,,,,,
2009-01-01,XE,2785,OKC,IAH,1635,1625.0,-10.0,10.0,1635.0,1744.0,11.0,1805,1755.0,-10.0,0.0,,0.0,90.0,90.0,69.0,395.0,,,,,,
2009-01-01,XE,2786,CLE,MIA,830,823.0,-7.0,22.0,845.0,1113.0,6.0,1127,1119.0,-8.0,0.0,,0.0,177.0,176.0,148.0,1080.0,,,,,,
2009-01-01,XE,2787,ABE,CLE,1725,1715.0,-10.0,6.0,1721.0,1821.0,6.0,1842,1827.0,-15.0,0.0,,0.0,77.0,72.0,60.0,339.0,,,,,,
2009-01-01,XE,2789,DFW,IAH,1255,1249.0,-6.0,15.0,1304.0,1345.0,14.0,1407,1359.0,-8.0,0.0,,0.0,72.0,70.0,41.0,224.0,,,,,,
2009-01-01,XE,2790,IAH,RIC,1230,1228.0,-2.0,10.0,1238.0,1555.0,6.0,1612,1601.0,-11.0,0.0,,0.0,162.0,153.0,137.0,1157.0,,,,,,
2009-01-01,XE,2793,TUL,IAH,1435,1429.0,-6.0,11.0,1440.0,1551.0,10.0,1615,1601.0,-14.0,0.0,,0.0,100.0,92.0,71.0,429.0,,,,,,
2009-01-01,XE,2794,IAH,TUL,1235,1235.0,0.0,13.0,1248.0,1353.0,3.0,1405,1356.0,-9.0,0.0,,0.0,90.0,81.0,65.0,429.0,,,,,,
2009-01-01,XE,2795,TUL,IAH,855,852.0,-3.0,11.0,903.0,1013.0,13.0,1034,1026.0,-8.0,0.0,,0.0,99.0,94.0,70.0,429.0,,,,,,
2009-01-01,XE,2797,PHX,IAH,955,946.0,-9.0,7.0,953.0,1308.0,5.0,1332,1313.0,-19.0,0.0,,0.0,157.0,147.0,135.0,1009.0,,,,,,
2009-01-01,XE,2800,IAH,XNA,1900,1907.0,7.0,25.0,1932.0,2037.0,5.0,2033,2042.0,9.0,0.0,,0.0,93.0,95.0,65.0,438.0,,,,,,
2009-01-01,XE,2803,IAH,SHV,2105,2059.0,-6.0,9.0,2108.0,2143.0,5.0,2202,2148.0,-14.0,0.0,,0.0,57.0,49.0,35.0,192.0,,,,,,
2009-01-01,XE,2804,IAH,MEM,1845,1848.0,3.0,24.0,1912.0,2020.0,4.0,2014,2024.0,10.0,0.0,,0.0,89.0,96.0,68.0,469.0,,,,,,
2009-01-01,XE,2806,EWR,MCI,1450,1505.0,15.0,40.0,1545.0,1726.0,4.0,1714,1730.0,16.0,0.0,,0.0,204.0,205.0,161.0,1092.0,15.0,0.0,1.0,0.0,0.0,
2009-01-01,XE,2809,IAH,CRP,1528,1553.0,25.0,9.0,1602.0,1644.0,3.0,1628,1647.0,19.0,0.0,,0.0,60.0,54.0,42.0,201.0,19.0,0.0,0.0,0.0,0.0,
2009-01-01,XE,2810,ICT,IAH,750,740.0,-10.0,10.0,750.0,914.0,13.0,945,927.0,-18.0,0.0,,0.0,115.0,107.0,84.0,542.0,,,,,,
2009-01-01,XE,2811,IAH,MOB,1250,1327.0,37.0,11.0,1338.0,1434.0,3.0,1412,1437.0,25.0,0.0,,0.0,82.0,70.0,56.0,427.0,25.0,0.0,0.0,0.0,0.0,
2009-01-01,XE,2812,AMA,IAH,1317,1321.0,4.0,15.0,1336.0,1500.0,6.0,1456,1506.0,10.0,0.0,,0.0,99.0,105.0,84.0,519.0,,,,,,
2009-01-01,XE,2814,IAH,ABQ,855,852.0,-3.0,14.0,906.0,958.0,7.0,1017,1005.0,-12.0,0.0,,0.0,142.0,133.0,112.0,744.0,,,,,,
2009-01-01,XE,2815,IAH,MFE,1600,1558.0,-2.0,9.0,1607.0,1702.0,4.0,1717,1706.0,-11.0,0.0,,0.0,77.0,68.0,55.0,316.0,,,,,,
2009-01-01,XE,2816,IAH,MSP,2110,2110.0,0.0,14.0,2124.0,2354.0,4.0,2357,2358.0,1.0,0.0,,0.0,167.0,168.0,150.0,1034.0,,,,,,
2009-01-01,XE,2819,JAN,IAH,1750,1748.0,-2.0,6.0,1754.0,1859.0,8.0,1912,1907.0,-5.0,0.0,,0.0,82.0,79.0,65.0,351.0,,,,,,
2009-01-01,XE,2820,IAH,ATL,2045,2103.0,18.0,16.0,2119.0,2346.0,5.0,2345,2351.0,6.0,0.0,,0.0,120.0,108.0,87.0,689.0,,,,,,
2009-01-01,XE,2822,IAH,GSP,1940,1948.0,8.0,34.0,2022.0,2306.0,3.0,2252,2309.0,17.0,0.0,,0.0,132.0,141.0,104.0,838.0,0.0,0.0,9.0,0.0,8.0,
2009-01-01,XE,2824,IAH,BHM,1305,1302.0,-3.0,16.0,1318.0,1436.0,5.0,1449,1441.0,-8.0,0.0,,0.0,104.0,99.0,78.0,562.0,,,,,,
2009-01-01,XE,2825,EWR,BNA,1705,1721.0,16.0,23.0,1744.0,1851.0,7.0,1847,1858.0,11.0,0.0,,0.0,162.0,157.0,127.0,748.0,,,,,,
2009-01-01,XE,2826,IAH,DAL,1200,1155.0,-5.0,17.0,1212.0,1254.0,4.0,1304,1258.0,-6.0,0.0,,0.0,64.0,63.0,42.0,217.0,,,,,,
2009-01-01,XE,2827,MAF,IAH,725,723.0,-2.0,10.0,733.0,835.0,9.0,854,844.0,-10.0,0.0,,0.0,89.0,81.0,62.0,429.0,,,,,,
2009-01-01,XE,2828,DAL,IAH,1935,1925.0,-10.0,8.0,1933.0,2013.0,20.0,2044,2033.0,-11.0,0.0,,0.0,69.0,68.0,40.0,217.0,,,,,,
2009-01-01,XE,2829,IAH,ELP,1335,1335.0,0.0,15.0,1350.0,1427.0,4.0,1438,1431.0,-7.0,0.0,,0.0,123.0,116.0,97.0,667.0,,,,,,
2009-01-01,XE,2830,IAH,JAN,1950,2001.0,11.0,23.0,2024.0,2117.0,5.0,2112,2122.0,10.0,0.0,,0.0,82.0,81.0,53.0,351.0,,,,,,
2009-01-01,XE,2833,IAH,JAN,1000,956.0,-4.0,13.0,1009.0,1059.0,5.0,1117,1104.0,-13.0,0.0,,0.0,77.0,68.0,50.0,351.0,,,,,,
2009-01-01,XE,2834,ELP,IAH,1510,1502.0,-8.0,11.0,1513.0,1752.0,12.0,1807,1804.0,-3.0,0.0,,0.0,117.0,122.0,99.0,667.0,,,,,,
2009-01-01,XE,2836,IAH,TUS,1750,1750.0,0.0,13.0,1803.0,1911.0,6.0,1933,1917.0,-16.0,0.0,,0.0,163.0,147.0,128.0,936.0,,,,,,
2009-01-01,XE,2837,MCI,CLE,1850,1835.0,-15.0,6.0,1841.0,2109.0,6.0,2142,2115.0,-27.0,0.0,,0.0,112.0,100.0,88.0,694.0,,,,,,
2009-01-01,XE,2838,CMH,EWR,1325,1320.0,-5.0,19.0,1339.0,1451.0,8.0,1518,1459.0,-19.0,0.0,,0.0,113.0,99.0,72.0,462.0,,,,,,
2009-01-01,XE,2840,EWR,MHT,2130,2124.0,-6.0,29.0,2153.0,2232.0,7.0,2252,2239.0,-13.0,0.0,,0.0,82.0,75.0,39.0,209.0,,,,,,
2009-01-01,XE,2841,CLE,MHT,1905,1903.0,-2.0,7.0,1910.0,2022.0,7.0,2044,2029.0,-15.0,0.0,,0.0,99.0,86.0,72.0,544.0,,,,,,
2009-01-01,XE,2841,DAY,CLE,1725,1716.0,-9.0,8.0,1724.0,1756.0,6.0,1824,1802.0,-22.0,0.0,,0.0,59.0,46.0,32.0,162.0,,,,,,
2009-01-01,XE,2841,IAH,DAY,1330,1325.0,-5.0,11.0,1336.0,1635.0,4.0,1657,1639.0,-18.0,0.0,,0.0,147.0,134.0,119.0,929.0,,,,,,
2009-01-01,XE,2842,LFT,IAH,1715,1715.0,0.0,17.0,1732.0,1819.0,9.0,1827,1828.0,1.0,0.0,,0.0,72.0,73.0,47.0,201.0,,,,,,
2009-01-01,XE,2843,IAH,PHX,725,725.0,0.0,10.0,735.0,900.0,6.0,925,906.0,-19.0,0.0,,0.0,180.0,161.0,145.0,1009.0,,,,,,
2009-01-01,XE,2846,MCI,IAH,1107,1105.0,-2.0,9.0,1114.0,1251.0,14.0,1314,1305.0,-9.0,0.0,,0.0,127.0,120.0,97.0,643.0,,,,,,
2009-01-01,XE,2848,IAH,MKE,1910,1902.0,-8.0,55.0,1957.0,2201.0,4.0,2147,2205.0,18.0,0.0,,0.0,157.0,183.0,124.0,984.0,0.0,0.0,18.0,0.0,0.0,
2009-01-01,XE,2852,SYR,EWR,1253,1249.0,-4.0,26.0,1315.0,1402.0,10.0,1429,1412.0,-17.0,0.0,,0.0,96.0,83.0,47.0,194.0,,,,,,
2009-01-01,XE,2855,HSV,IAH,1245,1245.0,0.0,9.0,1254.0,1428.0,12.0,1447,1440.0,-7.0,0.0,,0.0,122.0,115.0,94.0,595.0,,,,,,
2009-01-01,XE,2858,LRD,IAH,732,732.0,0.0,12.0,744.0,839.0,6.0,846,845.0,-1.0,0.0,,0.0,74.0,73.0,55.0,301.0,,,,,,
2009-01-01,XE,2859,EWR,MEM,1130,1128.0,-2.0,12.0,1140.0,1310.0,20.0,1333,1330.0,-3.0,0.0,,0.0,183.0,182.0,150.0,946.0,,,,,,
2009-01-01,XE,2860,MKE,IAH,1040,1038.0,-2.0,9.0,1047.0,1320.0,6.0,1340,1326.0,-14.0,0.0,,0.0,180.0,168.0,153.0,984.0,,,,,,
2009-01-01,XE,2861,BDL,EWR,1330,1325.0,-5.0,11.0,1336.0,1410.0,41.0,1459,1451.0,-8.0,0.0,,0.0,89.0,86.0,34.0,115.0,,,,,,
2009-01-01,XE,2862,MKE,IAH,528,528.0,0.0,14.0,542.0,806.0,2.0,835,808.0,-27.0,0.0,,0.0,187.0,160.0,144.0,984.0,,,,,,
2009-01-01,XE,2863,MOB,IAH,1445,1458.0,13.0,12.0,1510.0,1621.0,4.0,1623,1625.0,2.0,0.0,,0.0,98.0,87.0,71.0,427.0,,,,,,
2009-01-01,XE,2864,ROC,EWR,1249,1248.0,-1.0,17.0,1305.0,1357.0,5.0,1415,1402.0,-13.0,0.0,,0.0,86.0,74.0,52.0,246.0,,,,,,
2009-01-01,XE,2865,ORD,IAH,1500,1453.0,-7.0,11.0,1504.0,1720.0,12.0,1754,1732.0,-22.0,0.0,,0.0,174.0,159.0,136.0,925.0,,,,,,
2009-01-01,XE,2866,CLE,MKE,1220,1218.0,-2.0,7.0,1225.0,1230.0,10.0,1244,1240.0,-4.0,0.0,,0.0,84.0,82.0,65.0,328.0,,,,,,
2009-01-01,XE,2866,MKE,EWR,1317,1321.0,4.0,11.0,1332.0,1615.0,16.0,1630,1631.0,1.0,0.0,,0.0,133.0,130.0,103.0,725.0,,,,,,
2009-01-01,XE,2868,STL,EWR,1706,1655.0,-11.0,7.0,1702.0,1946.0,40.0,2040,2026.0,-14.0,0.0,,0.0,154.0,151.0,104.0,872.0,,,,,,
2009-01-01,XE,2869,EWR,CVG,2014,2006.0,-8.0,22.0,2028.0,2207.0,6.0,2246,2213.0,-33.0,0.0,,0.0,152.0,127.0,99.0,569.0,,,,,,
2009-01-01,XE,2873,IAH,MKE,1755,1747.0,-8.0,12.0,1759.0,2010.0,4.0,2032,2014.0,-18.0,0.0,,0.0,157.0,147.0,131.0,984.0,,,,,,
2009-01-01,XE,2874,MKE,IAH,710,707.0,-3.0,12.0,719.0,949.0,11.0,1022,1000.0,-22.0,0.0,,0.0,192.0,173.0,150.0,984.0,,,,,,
2009-01-01,XE,2875,CLE,DAY,1655,1654.0,-1.0,12.0,1706.0,1739.0,4.0,1749,1743.0,-6.0,0.0,,0.0,54.0,49.0,33.0,162.0,,,,,,
2009-01-01,XE,2875,DAY,IAH,1822,1823.0,1.0,9.0,1832.0,2001.0,10.0,2020,2011.0,-9.0,0.0,,0.0,178.0,168.0,149.0,929.0,,,,,,
2009-01-01,XE,2877,EWR,MSP,2000,2014.0,14.0,24.0,2038.0,2213.0,7.0,2228,2220.0,-8.0,0.0,,0.0,208.0,186.0,155.0,1008.0,,,,,,
2009-01-01,XE,2878,IAH,OMA,1750,1749.0,-1.0,17.0,1806.0,1956.0,5.0,2004,2001.0,-3.0,0.0,,0.0,134.0,132.0,110.0,781.0,,,,,,
2009-01-01,XE,2879,EWR,MSP,900,856.0,-4.0,15.0,911.0,1058.0,5.0,1127,1103.0,-24.0,0.0,,0.0,207.0,187.0,167.0,1008.0,,,,,,
2009-01-01,XE,2879,MSP,CLE,1157,1144.0,-13.0,14.0,1158.0,1423.0,5.0,1449,1428.0,-21.0,0.0,,0.0,112.0,104.0,85.0,622.0,,,,,,
2009-01-01,XE,2881,IAH,BNA,1225,1228.0,3.0,11.0,1239.0,1402.0,6.0,1417,1408.0,-9.0,0.0,,0.0,112.0,100.0,83.0,657.0,,,,,,
2009-01-01,XE,2882,BNA,EWR,1920,1927.0,7.0,12.0,1939.0,2214.0,7.0,2235,2221.0,-14.0,0.0,,0.0,135.0,114.0,95.0,748.0,,,,,,
2009-01-01,XE,2883,ELP,IAH,1145,1141.0,-4.0,14.0,1155.0,1436.0,11.0,1440,1447.0,7.0,0.0,,0.0,115.0,126.0,101.0,667.0,,,,,,
2009-01-01,XE,2884,IAH,DAL,1530,1526.0,-4.0,10.0,1536.0,1620.0,3.0,1632,1623.0,-9.0,0.0,,0.0,62.0,57.0,44.0,217.0,,,,,,
2009-01-01,XE,2885,IAH,COS,915,913.0,-2.0,14.0,927.0,1028.0,7.0,1040,1035.0,-5.0,0.0,,0.0,145.0,142.0,121.0,809.0,,,,,,
2009-01-01,XE,2887,IAH,GRR,1940,1939.0,-1.0,41.0,2020.0,2330.0,5.0,2324,2335.0,11.0,0.0,,0.0,164.0,176.0,130.0,1042.0,,,,,,
2009-01-01,XE,2889,CMH,EWR,1050,1055.0,5.0,11.0,1106.0,1216.0,6.0,1233,1222.0,-11.0,0.0,,0.0,103.0,87.0,70.0,462.0,,,,,,
2009-01-01,XE,2890,CLE,BWI,1650,1645.0,-5.0,8.0,1653.0,1748.0,6.0,1809,1754.0,-15.0,0.0,,0.0,79.0,69.0,55.0,314.0,,,,,,
2009-01-01,XE,2891,IAH,JAN,715,711.0,-4.0,12.0,723.0,816.0,4.0,829,820.0,-9.0,0.0,,0.0,74.0,69.0,53.0,351.0,,,,,,
2009-01-01,XE,2894,ABQ,IAH,615,607.0,-8.0,15.0,622.0,901.0,13.0,922,914.0,-8.0,0.0,,0.0,127.0,127.0,99.0,744.0,,,,,,
2009-01-01,XE,2898,IAH,PHX,1600,1614.0,14.0,15.0,1629.0,1759.0,7.0,1802,1806.0,4.0,0.0,,0.0,182.0,172.0,150.0,1009.0,,,,,,
2009-01-01,XE,2899,PHX,IAH,1830,1838.0,8.0,14.0,1852.0,2211.0,6.0,2202,2217.0,15.0,0.0,,0.0,152.0,159.0,139.0,1009.0,8.0,0.0,7.0,0.0,0.0,
2009-01-01,XE,2900,JAX,IAH,900,859.0,-1.0,9.0,908.0,1014.0,6.0,1039,1020.0,-19.0,0.0,,0.0,159.0,141.0,126.0,817.0,,,,,,
2009-01-01,XE,2901,ORF,IAH,1635,1631.0,-4.0,9.0,1640.0,1855.0,9.0,1917,1904.0,-13.0,0.0,,0.0,222.0,213.0,195.0,1201.0,,,,,,
2009-01-01,XE,2902,IAH,LFT,1740,1740.0,0.0,15.0,1755.0,1826.0,5.0,1837,1831.0,-6.0,0.0,,0.0,57.0,51.0,31.0,201.0,,,,,,
2009-01-01,XE,2903,LFT,IAH,1932,1922.0,-10.0,17.0,1939.0,2028.0,3.0,2042,2031.0,-11.0,0.0,,0.0,70.0,69.0,49.0,201.0,,,,,,
2009-01-01,XE,2907,IAH,LFT,1905,1905.0,0.0,18.0,1923.0,1953.0,5.0,2007,1958.0,-9.0,0.0,,0.0,62.0,53.0,30.0,201.0,,,,,,
2009-01-01,XE,2911,ABQ,IAH,705,659.0,-6.0,10.0,709.0,950.0,22.0,1012,1012.0,0.0,0.0,,0.0,127.0,133.0,101.0,744.0,,,,,,
2009-01-01,XE,2912,IAH,ABQ,1910,1911.0,1.0,38.0,1949.0,2039.0,15.0,2027,2054.0,27.0,0.0,,0.0,137.0,163.0,110.0,744.0,0.0,0.0,27.0,0.0,0.0,
2009-01-01,XE,2914,MCI,EWR,1748,1801.0,13.0,8.0,1809.0,2121.0,9.0,2145,2130.0,-15.0,0.0,,0.0,177.0,149.0,132.0,1092.0,,,,,,
2009-01-01,XE,2915,EWR,ROC,1310,1334.0,24.0,14.0,1348.0,1435.0,9.0,1422,1444.0,22.0,0.0,,0.0,72.0,70.0,47.0,246.0,4.0,0.0,0.0,0.0,18.0,
2009-01-01,XE,2915,ROC,CLE,1453,1515.0,22.0,8.0,1523.0,1611.0,5.0,1606,1616.0,10.0,0.0,,0.0,73.0,61.0,48.0,245.0,,,,,,
2009-01-01,XE,2916,IAH,OMA,905,904.0,-1.0,18.0,922.0,1108.0,3.0,1117,1111.0,-6.0,0.0,,0.0,132.0,127.0,106.0,781.0,,,,,,
2009-01-01,XE,2916,OMA,EWR,1145,1141.0,-4.0,9.0,1150.0,1504.0,9.0,1539,1513.0,-26.0,0.0,,0.0,174.0,152.0,134.0,1133.0,,,,,,
2009-01-01,XE,2917,MSP,IAH,1900,1853.0,-7.0,14.0,1907.0,2121.0,11.0,2202,2132.0,-30.0,0.0,,0.0,182.0,159.0,134.0,1034.0,,,,,,
2009-01-01,XE,2921,GRR,IAH,535,538.0,3.0,16.0,554.0,719.0,8.0,757,727.0,-30.0,0.0,,0.0,202.0,169.0,145.0,1042.0,,,,,,
2009-01-01,XE,2922,IAH,DAL,1300,1255.0,-5.0,13.0,1308.0,1350.0,2.0,1404,1352.0,-12.0,0.0,,0.0,64.0,57.0,42.0,217.0,,,,,,
2009-01-01,XE,2924,IAH,OMA,1140,1137.0,-3.0,26.0,1203.0,1350.0,3.0,1352,1353.0,1.0,0.0,,0.0,132.0,136.0,107.0,781.0,,,,,,
2009-01-01,XE,2925,EWR,SDF,1400,1401.0,1.0,16.0,1417.0,1610.0,5.0,1630,1615.0,-15.0,0.0,,0.0,150.0,134.0,113.0,642.0,,,,,,
2009-01-01,XE,2925,SDF,CLE,1700,1650.0,-10.0,8.0,1658.0,1750.0,6.0,1819,1756.0,-23.0,0.0,,0.0,79.0,66.0,52.0,304.0,,,,,,
2009-01-01,XE,2929,MEM,EWR,1410,1409.0,-1.0,9.0,1418.0,1724.0,8.0,1808,1732.0,-36.0,0.0,,0.0,178.0,143.0,126.0,946.0,,,,,,
2009-01-01,XE,2931,PBI,IAH,1115,1127.0,12.0,12.0,1139.0,1311.0,10.0,1255,1321.0,26.0,0.0,,0.0,160.0,174.0,152.0,956.0,0.0,0.0,14.0,0.0,12.0,
2009-01-01,XE,2932,MFE,IAH,1750,1742.0,-8.0,8.0,1750.0,1838.0,20.0,1910,1858.0,-12.0,0.0,,0.0,80.0,76.0,48.0,316.0,,,,,,
2009-01-01,XE,2934,EWR,BTV,1110,1107.0,-3.0,14.0,1121.0,1211.0,5.0,1220,1216.0,-4.0,0.0,,0.0,70.0,69.0,50.0,266.0,,,,,,
2009-01-01,XE,2936,EWR,CHS,2005,2024.0,19.0,23.0,2047.0,2225.0,4.0,2237,2229.0,-8.0,0.0,,0.0,152.0,125.0,98.0,628.0,,,,,,
2009-01-01,XE,2938,IAH,HSV,1850,1900.0,10.0,20.0,1920.0,2045.0,5.0,2038,2050.0,12.0,0.0,,0.0,108.0,110.0,85.0,595.0,,,,,,
2009-01-01,XE,2939,BTV,EWR,1250,1258.0,8.0,7.0,1305.0,1359.0,12.0,1407,1411.0,4.0,0.0,,0.0,77.0,73.0,54.0,266.0,,,,,,
2009-01-01,XE,2940,EWR,DTW,827,822.0,-5.0,11.0,833.0,1003.0,11.0,1049,1014.0,-35.0,0.0,,0.0,142.0,112.0,90.0,487.0,,,,,,
2009-01-01,XE,2942,BRO,IAH,1023,1017.0,-6.0,10.0,1027.0,1127.0,7.0,1145,1134.0,-11.0,0.0,,0.0,82.0,77.0,60.0,308.0,,,,,,
2009-01-01,XE,2944,IAH,MEM,1605,1609.0,4.0,14.0,1623.0,1740.0,7.0,1739,1747.0,8.0,0.0,,0.0,94.0,98.0,77.0,469.0,,,,,,
2009-01-01,XE,2944,MEM,EWR,1810,1809.0,-1.0,8.0,1817.0,2119.0,17.0,2202,2136.0,-26.0,0.0,,0.0,172.0,147.0,122.0,946.0,,,,,,
2009-01-01,XE,2945,BHM,EWR,1640,1637.0,-3.0,8.0,1645.0,1936.0,47.0,2027,2023.0,-4.0,0.0,,0.0,167.0,166.0,111.0,850.0,,,,,,
2009-01-01,XE,2945,IAH,BHM,1430,1425.0,-5.0,13.0,1438.0,1553.0,5.0,1612,1558.0,-14.0,0.0,,0.0,102.0,93.0,75.0,562.0,,,,,,
2009-01-01,XE,2948,IAH,MKE,1530,1540.0,10.0,15.0,1555.0,1800.0,6.0,1807,1806.0,-1.0,0.0,,0.0,157.0,146.0,125.0,984.0,,,,,,
2009-01-01,XE,2949,DTW,EWR,1115,1110.0,-5.0,12.0,1122.0,1235.0,11.0,1259,1246.0,-13.0,0.0,,0.0,104.0,96.0,73.0,487.0,,,,,,
2009-01-01,XE,2950,IAH,MSP,1350,1355.0,5.0,7.0,1402.0,1621.0,9.0,1639,1630.0,-9.0,0.0,,0.0,169.0,155.0,139.0,1034.0,,,,,,
2009-01-01,XE,2952,IND,IAH,830,827.0,-3.0,16.0,843.0,952.0,24.0,1017,1016.0,-1.0,0.0,,0.0,167.0,169.0,129.0,845.0,,,,,,
2009-01-01,XE,2953,EWR,CLT,1620,1629.0,9.0,13.0,1642.0,1806.0,6.0,1832,1812.0,-20.0,0.0,,0.0,132.0,103.0,84.0,529.0,,,,,,
2009-01-01,XE,2955,IAH,AMA,2110,2114.0,4.0,21.0,2135.0,2254.0,5.0,2253,2259.0,6.0,0.0,,0.0,103.0,105.0,79.0,519.0,,,,,,
2009-01-01,XE,2962,IAH,COS,1230,1225.0,-5.0,12.0,1237.0,1341.0,5.0,1353,1346.0,-7.0,0.0,,0.0,143.0,141.0,124.0,809.0,,,,,,
2009-01-01,XE,2963,IAH,ABQ,1130,1126.0,-4.0,12.0,1138.0,1232.0,7.0,1252,1239.0,-13.0,0.0,,0.0,142.0,133.0,114.0,744.0,,,,,,
2009-01-01,XE,2965,MSP,IAH,1712,1702.0,-10.0,21.0,1723.0,1948.0,8.0,2019,1956.0,-23.0,0.0,,0.0,187.0,174.0,145.0,1034.0,,,,,,
2009-01-01,XE,2967,EWR,MSN,1329,1325.0,-4.0,19.0,1344.0,1502.0,6.0,1504,1508.0,4.0,0.0,,0.0,155.0,163.0,138.0,799.0,,,,,,
2009-01-01,XE,2967,MSN,CLE,1550,1552.0,2.0,22.0,1614.0,1817.0,7.0,1813,1824.0,11.0,0.0,,0.0,83.0,92.0,63.0,402.0,,,,,,
2009-01-01,XE,2975,DAL,IAH,1430,1422.0,-8.0,15.0,1437.0,1519.0,5.0,1538,1524.0,-14.0,0.0,,0.0,68.0,62.0,42.0,217.0,,,,,,
2009-01-01,XE,2980,IAH,TYS,1315,1312.0,-3.0,8.0,1320.0,1735.0,2.0,1617,1737.0,,0.0,,1.0,122.0,,,772.0,,,,,,
2009-01-01,XE,2980,TYS,CLE,1645,1802.0,77.0,5.0,1807.0,1908.0,4.0,1810,1912.0,62.0,0.0,,0.0,85.0,70.0,61.0,403.0,0.0,0.0,0.0,0.0,62.0,
2009-01-01,XE,2981,BRO,IAH,1205,1201.0,-4.0,7.0,1208.0,1305.0,11.0,1322,1316.0,-6.0,0.0,,0.0,77.0,75.0,57.0,308.0,,,,,,
2009-01-01,XE,2984,IAH,DAL,1900,1858.0,-2.0,16.0,1914.0,1956.0,3.0,2007,1959.0,-8.0,0.0,,0.0,67.0,61.0,42.0,217.0,,,,,,
2009-01-01,XE,2985,EWR,DTW,2030,2047.0,17.0,16.0,2103.0,2231.0,4.0,2247,2235.0,-12.0,0.0,,0.0,137.0,108.0,88.0,487.0,,,,,,
2009-01-01,XE,2987,BTV,CLE,1710,1708.0,-2.0,8.0,1716.0,1834.0,7.0,1900,1841.0,-19.0,0.0,,0.0,110.0,93.0,78.0,489.0,,,,,,
2009-01-01,XE,2988,CAE,EWR,1850,1840.0,-10.0,7.0,1847.0,2013.0,12.0,2100,2025.0,-35.0,0.0,,0.0,130.0,105.0,86.0,602.0,,,,,,
2009-01-01,XE,2990,HSV,IAH,1750,1743.0,-7.0,9.0,1752.0,1932.0,11.0,1948,1943.0,-5.0,0.0,,0.0,118.0,120.0,100.0,595.0,,,,,,
2009-01-01,XE,2992,IAH,MEM,1420,1418.0,-2.0,9.0,1427.0,1535.0,5.0,1545,1540.0,-5.0,0.0,,0.0,85.0,82.0,68.0,469.0,,,,,,
2009-01-01,XE,2993,EWR,MSP,1135,1204.0,29.0,12.0,1216.0,1409.0,5.0,1342,1414.0,32.0,0.0,,0.0,187.0,190.0,173.0,1008.0,29.0,0.0,3.0,0.0,0.0,
2009-01-01,XE,2994,CLT,EWR,1545,1539.0,-6.0,14.0,1553.0,1709.0,20.0,1745,1729.0,-16.0,0.0,,0.0,120.0,110.0,76.0,529.0,,,,,,
2009-01-01,XE,2998,IAH,MEM,1215,1210.0,-5.0,14.0,1224.0,1333.0,10.0,1348,1343.0,-5.0,0.0,,0.0,93.0,93.0,69.0,469.0,,,,,,
2009-01-01,XE,3000,EWR,CMH,1055,1054.0,-1.0,20.0,1114.0,1234.0,4.0,1247,1238.0,-9.0,0.0,,0.0,112.0,104.0,80.0,462.0,,,,,,
2009-01-01,XE,3001,EWR,GSP,1450,1453.0,3.0,14.0,1507.0,1641.0,4.0,1653,1645.0,-8.0,0.0,,0.0,123.0,112.0,94.0,594.0,,,,,,
2009-01-01,XE,3002,IAH,RSW,845,841.0,-4.0,9.0,850.0,1144.0,3.0,1205,1147.0,-18.0,0.0,,0.0,140.0,126.0,114.0,861.0,,,,,,
2009-01-01,XE,3003,IAH,BNA,1000,956.0,-4.0,9.0,1005.0,1133.0,6.0,1152,1139.0,-13.0,0.0,,0.0,112.0,103.0,88.0,657.0,,,,,,
2009-01-01,XE,3004,IAH,MKE,1250,1248.0,-2.0,12.0,1300.0,1515.0,4.0,1523,1519.0,-4.0,0.0,,0.0,153.0,151.0,135.0,984.0,,,,,,
2009-01-01,XE,3004,MKE,CLE,1600,1601.0,1.0,14.0,1615.0,1806.0,6.0,1820,1812.0,-8.0,0.0,,0.0,80.0,71.0,51.0,328.0,,,,,,
2009-01-01,XE,3005,RSW,IAH,1235,1222.0,-13.0,8.0,1230.0,1352.0,21.0,1432,1413.0,-19.0,0.0,,0.0,177.0,171.0,142.0,861.0,,,,,,
2009-01-01,XE,3006,IAH,MSP,1540,1537.0,-3.0,13.0,1550.0,1811.0,8.0,1828,1819.0,-9.0,0.0,,0.0,168.0,162.0,141.0,1034.0,,,,,,
2009-01-01,XE,3009,EWR,MKE,1430,1429.0,-1.0,14.0,1443.0,1547.0,22.0,1600,1609.0,9.0,0.0,,0.0,150.0,160.0,124.0,725.0,,,,,,
2009-01-01,XE,3016,ATL,EWR,1025,1025.0,0.0,21.0,1046.0,1222.0,10.0,1252,1232.0,-20.0,0.0,,0.0,147.0,127.0,96.0,745.0,,,,,,
2009-01-01,XE,3018,DTW,EWR,900,854.0,-6.0,15.0,909.0,1015.0,7.0,1042,1022.0,-20.0,0.0,,0.0,102.0,88.0,66.0,487.0,,,,,,
2009-01-01,XE,3022,IAH,GPT,1850,1853.0,3.0,20.0,1913.0,2005.0,7.0,2013,2012.0,-1.0,0.0,,0.0,83.0,79.0,52.0,376.0,,,,,,
2009-01-01,XE,3024,ATL,IAH,1200,1232.0,32.0,14.0,1246.0,1335.0,7.0,1325,1342.0,17.0,0.0,,0.0,145.0,130.0,109.0,689.0,0.0,0.0,17.0,0.0,0.0,
2009-01-01,XE,3025,BNA,IAH,1445,1442.0,-3.0,10.0,1452.0,1641.0,13.0,1703,1654.0,-9.0,0.0,,0.0,138.0,132.0,109.0,657.0,,,,,,
2009-01-01,XE,3026,IAH,MCI,1542,1539.0,-3.0,17.0,1556.0,1733.0,7.0,1737,1740.0,3.0,0.0,,0.0,115.0,121.0,97.0,643.0,,,,,,
2009-01-01,XE,3028,IAH,LFT,1305,1311.0,6.0,10.0,1321.0,1353.0,5.0,1402,1358.0,-4.0,0.0,,0.0,57.0,47.0,32.0,201.0,,,,,,
2009-01-01,XE,3029,MCI,IAH,1815,1809.0,-6.0,15.0,1824.0,2003.0,11.0,2023,2014.0,-9.0,0.0,,0.0,128.0,125.0,99.0,643.0,,,,,,
2009-01-01,XE,3030,IAH,OKC,1245,1253.0,8.0,12.0,1305.0,1405.0,3.0,1405,1408.0,3.0,0.0,,0.0,80.0,75.0,60.0,395.0,,,,,,
2009-01-01,XE,3034,COS,IAH,1105,1100.0,-5.0,13.0,1113.0,1400.0,12.0,1419,1412.0,-7.0,0.0,,0.0,134.0,132.0,107.0,809.0,,,,,,
2009-01-01,XE,3037,MHT,EWR,1645,1638.0,-7.0,13.0,1651.0,1753.0,33.0,1833,1826.0,-7.0,0.0,,0.0,108.0,108.0,62.0,209.0,,,,,,
2009-01-01,XE,3038,IAH,BNA,1940,2032.0,52.0,9.0,2041.0,2210.0,6.0,2142,2216.0,34.0,0.0,,0.0,122.0,104.0,89.0,657.0,34.0,0.0,0.0,0.0,0.0,
2009-01-01,XE,3039,EWR,CAE,1605,1601.0,-4.0,26.0,1627.0,1801.0,11.0,1823,1812.0,-11.0,0.0,,0.0,138.0,131.0,94.0,602.0,,,,,,
2009-01-01,XE,3040,BUF,CLE,1030,1035.0,5.0,29.0,1104.0,1141.0,4.0,1145,1145.0,0.0,0.0,,0.0,75.0,70.0,37.0,192.0,,,,,,
2009-01-01,XE,3041,IAH,ABQ,2115,2114.0,-1.0,14.0,2128.0,2215.0,6.0,2234,2221.0,-13.0,0.0,,0.0,139.0,127.0,107.0,744.0,,,,,,
2009-01-01,XE,3042,CAE,IAH,1415,1412.0,-3.0,9.0,1421.0,1540.0,5.0,1602,1545.0,-17.0,0.0,,0.0,167.0,153.0,139.0,878.0,,,,,,
2009-01-01,XE,3043,MCI,IAH,1235,1229.0,-6.0,10.0,1239.0,1423.0,14.0,1444,1437.0,-7.0,0.0,,0.0,129.0,128.0,104.0,643.0,,,,,,
2009-01-01,XE,3044,OMA,IAH,1525,1522.0,-3.0,12.0,1534.0,1733.0,15.0,1750,1748.0,-2.0,0.0,,0.0,145.0,146.0,119.0,781.0,,,,,,
2009-01-01,XE,3045,CRW,IAH,1715,1713.0,-2.0,15.0,1728.0,1908.0,8.0,1915,1916.0,1.0,0.0,,0.0,180.0,183.0,160.0,975.0,,,,,,
2009-01-01,XE,3046,IAH,MCI,1005,1002.0,-3.0,10.0,1012.0,1146.0,5.0,1203,1151.0,-12.0,0.0,,0.0,118.0,109.0,94.0,643.0,,,,,,
2009-01-01,XE,3048,IAH,CLT,1410,1406.0,-4.0,8.0,1414.0,1714.0,6.0,1733,1720.0,-13.0,0.0,,0.0,143.0,134.0,120.0,913.0,,,,,,
2009-01-01,XE,3052,EWR,BDL,1145,1140.0,-5.0,10.0,1150.0,1214.0,6.0,1252,1220.0,-32.0,0.0,,0.0,67.0,40.0,24.0,115.0,,,,,,
2009-01-01,XE,3053,DTW,EWR,1512,1522.0,10.0,14.0,1536.0,1648.0,7.0,1714,1655.0,-19.0,0.0,,0.0,122.0,93.0,72.0,487.0,,,,,,
2009-01-01,XE,3054,EWR,DTW,1245,1254.0,9.0,11.0,1305.0,1440.0,7.0,1445,1447.0,2.0,0.0,,0.0,120.0,113.0,95.0,487.0,,,,,,
2009-01-01,XE,3055,SAV,IAH,1725,1722.0,-3.0,11.0,1733.0,1901.0,6.0,1907,1907.0,0.0,0.0,,0.0,162.0,165.0,148.0,851.0,,,,,,
2009-01-01,XE,3062,IAH,TUL,1918,1915.0,-3.0,48.0,2003.0,2108.0,5.0,2057,2113.0,16.0,0.0,,0.0,99.0,118.0,65.0,429.0,0.0,0.0,16.0,0.0,0.0,
2009-01-01,XE,3064,CHS,EWR,1250,1239.0,-11.0,7.0,1246.0,1413.0,32.0,1454,1445.0,-9.0,0.0,,0.0,124.0,126.0,87.0,628.0,,,,,,
2009-01-01,XE,3065,EWR,CHS,940,938.0,-2.0,11.0,949.0,1122.0,6.0,1220,1128.0,-52.0,0.0,,0.0,160.0,110.0,93.0,628.0,,,,,,
2009-01-01,XE,3066,EWR,ROC,1544,1539.0,-5.0,32.0,1611.0,1701.0,8.0,1717,1709.0,-8.0,0.0,,0.0,93.0,90.0,50.0,246.0,,,,,,
2009-01-01,XE,3068,EWR,CLT,1935,1935.0,0.0,23.0,1958.0,2127.0,13.0,2157,2140.0,-17.0,0.0,,0.0,142.0,125.0,89.0,529.0,,,,,,
2009-01-01,XE,3070,EWR,CLT,1800,1758.0,-2.0,39.0,1837.0,2004.0,8.0,2017,2012.0,-5.0,0.0,,0.0,137.0,134.0,87.0,529.0,,,,,,
2009-01-01,XE,3073,CLE,GRR,1705,1656.0,-9.0,12.0,1708.0,1748.0,4.0,1809,1752.0,-17.0,0.0,,0.0,64.0,56.0,40.0,214.0,,,,,,
2009-01-01,XE,3073,GRR,EWR,1835,1825.0,-10.0,7.0,1832.0,1948.0,22.0,2047,2010.0,-37.0,0.0,,0.0,132.0,105.0,76.0,605.0,,,,,,
2009-01-01,XE,3075,EWR,PVD,1250,1245.0,-5.0,18.0,1303.0,1335.0,4.0,1343,1339.0,-4.0,0.0,,0.0,53.0,54.0,32.0,160.0,,,,,,
2009-01-01,XE,3075,PVD,CLE,1423,1418.0,-5.0,8.0,1426.0,1601.0,9.0,1625,1610.0,-15.0,0.0,,0.0,122.0,112.0,95.0,540.0,,,,,,
2009-01-01,XE,3082,IAH,SDF,1230,1228.0,-2.0,12.0,1240.0,1522.0,5.0,1538,1527.0,-11.0,0.0,,0.0,128.0,119.0,102.0,788.0,,,,,,
2009-01-01,XE,3082,SDF,EWR,1610,1604.0,-6.0,12.0,1616.0,1752.0,9.0,1817,1801.0,-16.0,0.0,,0.0,127.0,117.0,96.0,642.0,,,,,,
2009-01-01,XE,3084,AUS,IAH,914,912.0,-2.0,11.0,923.0,956.0,11.0,1011,1007.0,-4.0,0.0,,0.0,57.0,55.0,33.0,140.0,,,,,,
2009-01-01,XE,3085,TYS,IAH,915,923.0,8.0,7.0,930.0,1025.0,6.0,1052,1031.0,-21.0,0.0,,0.0,157.0,128.0,115.0,772.0,,,,,,
2009-01-01,XE,3086,IAH,JAX,955,952.0,-3.0,13.0,1005.0,1244.0,3.0,1302,1247.0,-15.0,0.0,,0.0,127.0,115.0,99.0,817.0,,,,,,
2009-01-01,XE,3086,JAX,EWR,1327,1318.0,-9.0,9.0,1327.0,1515.0,37.0,1559,1552.0,-7.0,0.0,,0.0,152.0,154.0,108.0,821.0,,,,,,
2009-01-01,XE,3092,IAH,MCI,1115,1111.0,-4.0,15.0,1126.0,1258.0,2.0,1312,1300.0,-12.0,0.0,,0.0,117.0,109.0,92.0,643.0,,,,,,
2009-01-01,XE,3092,MCI,EWR,1345,1343.0,-2.0,17.0,1400.0,1716.0,8.0,1743,1724.0,-19.0,0.0,,0.0,178.0,161.0,136.0,1092.0,,,,,,
2009-01-01,XE,3097,EWR,IND,1220,1220.0,0.0,21.0,1241.0,1430.0,4.0,1437,1434.0,-3.0,0.0,,0.0,137.0,134.0,109.0,644.0,,,,,,
2009-01-01,XE,3097,IND,IAH,1505,1509.0,4.0,10.0,1519.0,1628.0,10.0,1649,1638.0,-11.0,0.0,,0.0,164.0,149.0,129.0,845.0,,,,,,
2009-01-01,XE,3101,CLT,EWR,915,911.0,-4.0,30.0,941.0,1101.0,12.0,1104,1113.0,9.0,0.0,,0.0,109.0,122.0,80.0,529.0,,,,,,
2009-01-01,XE,3105,IAH,LIT,1905,1855.0,-10.0,31.0,1926.0,2019.0,5.0,2030,2024.0,-6.0,0.0,,0.0,85.0,89.0,53.0,374.0,,,,,,
2009-01-01,XE,3106,EWR,SYR,1300,1303.0,3.0,12.0,1315.0,1355.0,5.0,1404,1400.0,-4.0,0.0,,0.0,64.0,57.0,40.0,194.0,,,,,,
2009-01-01,XE,3106,SYR,CLE,1435,1427.0,-8.0,16.0,1443.0,1538.0,3.0,1602,1541.0,-21.0,0.0,,0.0,87.0,74.0,55.0,317.0,,,,,,
2009-01-01,XE,3107,CLE,GRR,2050,2043.0,-7.0,9.0,2052.0,2137.0,5.0,2154,2142.0,-12.0,0.0,,0.0,64.0,59.0,45.0,214.0,,,,,,
2009-01-01,XE,3108,IAH,TUS,1420,1416.0,-4.0,12.0,1428.0,1542.0,4.0,1603,1546.0,-17.0,0.0,,0.0,163.0,150.0,134.0,936.0,,,,,,
2009-01-01,XE,3113,OMA,EWR,1607,1557.0,-10.0,12.0,1609.0,1921.0,51.0,2000,2012.0,12.0,0.0,,0.0,173.0,195.0,132.0,1133.0,,,,,,
2009-01-01,XE,3114,CAE,EWR,1045,1042.0,-3.0,26.0,1108.0,1237.0,23.0,1239,1300.0,21.0,0.0,,0.0,114.0,138.0,89.0,602.0,0.0,0.0,21.0,0.0,0.0,
2009-01-01,XE,3118,EWR,CHS,1329,1322.0,-7.0,19.0,1341.0,1518.0,5.0,1544,1523.0,-21.0,0.0,,0.0,135.0,121.0,97.0,628.0,,,,,,
2009-01-01,XE,3119,IAH,MOB,1015,1010.0,-5.0,13.0,1023.0,1120.0,4.0,1133,1124.0,-9.0,0.0,,0.0,78.0,74.0,57.0,427.0,,,,,,
2009-01-01,XE,3122,MSY,IAH,816,811.0,-5.0,8.0,819.0,914.0,6.0,934,920.0,-14.0,0.0,,0.0,78.0,69.0,55.0,305.0,,,,,,
2009-01-01,XE,3123,IAH,MSY,2255,2249.0,-6.0,12.0,2301.0,2344.0,5.0,2359,2349.0,-10.0,0.0,,0.0,64.0,60.0,43.0,305.0,,,,,,
2009-01-01,XE,3128,EWR,CAE,735,731.0,-4.0,18.0,749.0,925.0,5.0,959,930.0,-29.0,0.0,,0.0,144.0,119.0,96.0,602.0,,,,,,
2009-01-01,XE,3132,IAH,JAX,1635,1633.0,-2.0,11.0,1644.0,1926.0,4.0,1942,1930.0,-12.0,0.0,,0.0,127.0,117.0,102.0,817.0,,,,,,
2009-01-01,XE,3134,EWR,BNA,1445,1510.0,25.0,32.0,1542.0,1641.0,5.0,1619,1646.0,27.0,0.0,,0.0,154.0,156.0,119.0,748.0,25.0,0.0,2.0,0.0,0.0,
2009-01-01,XE,3136,IAH,RDU,1550,1548.0,-2.0,16.0,1604.0,1908.0,5.0,1923,1913.0,-10.0,0.0,,0.0,153.0,145.0,124.0,1043.0,,,,,,
2009-01-01,XE,3137,IAH,LEX,1945,1940.0,-5.0,42.0,2022.0,2304.0,5.0,2302,2309.0,7.0,0.0,,0.0,137.0,149.0,102.0,828.0,,,,,,
2009-01-01,XE,3138,IAH,CVG,1600,1602.0,2.0,17.0,1619.0,1912.0,7.0,1923,1919.0,-4.0,0.0,,0.0,143.0,137.0,113.0,871.0,,,,,,
2009-01-01,XE,3140,ABQ,IAH,759,751.0,-8.0,13.0,804.0,1042.0,3.0,1106,1045.0,-21.0,0.0,,0.0,127.0,114.0,98.0,744.0,,,,,,
2009-01-01,XE,3147,TUS,IAH,1645,1639.0,-6.0,8.0,1647.0,2008.0,6.0,2010,2014.0,4.0,0.0,,0.0,145.0,155.0,141.0,936.0,,,,,,
2009-01-01,XE,3152,IAH,AMA,1105,1117.0,12.0,19.0,1136.0,1254.0,6.0,1247,1300.0,13.0,0.0,,0.0,102.0,103.0,78.0,519.0,,,,,,
2009-01-01,XE,3157,ALB,EWR,1020,1019.0,-1.0,27.0,1046.0,1123.0,12.0,1120,1135.0,15.0,0.0,,0.0,60.0,76.0,37.0,143.0,0.0,0.0,15.0,0.0,0.0,
2009-01-01,YV,2717,ABE,CLT,1355,1350.0,-5.0,10.0,1400.0,1511.0,5.0,1533,1516.0,-17.0,0.0,,0.0,98.0,86.0,71.0,481.0,,,,,,
2009-01-01,YV,7291,ABE,ORD,1424,1412.0,-12.0,12.0,1424.0,1516.0,19.0,1537,1535.0,-2.0,0.0,,0.0,133.0,143.0,112.0,654.0,,,,,,
2009-01-01,YV,2624,ATL,CLT,1045,1040.0,-5.0,17.0,1057.0,1140.0,20.0,1205,1200.0,-5.0,0.0,,0.0,80.0,80.0,43.0,227.0,,,,,,
2009-01-01,YV,7109,ATL,IAD,930,923.0,-7.0,12.0,935.0,1050.0,8.0,1118,1058.0,-20.0,0.0,,0.0,108.0,95.0,75.0,533.0,,,,,,
2009-01-01,YV,7201,ATL,IAD,1259,1251.0,-8.0,14.0,1305.0,1421.0,20.0,1447,1441.0,-6.0,0.0,,0.0,108.0,110.0,76.0,533.0,,,,,,
2009-01-01,YV,7318,ATL,IAD,1910,2245.0,215.0,7.0,2252.0,2400.0,10.0,2102,10.0,188.0,0.0,,0.0,112.0,85.0,68.0,533.0,0.0,0.0,0.0,0.0,188.0,
2009-01-01,YV,7052,ATL,ORD,1407,1402.0,-5.0,9.0,1411.0,1442.0,5.0,1506,1447.0,-19.0,0.0,,0.0,119.0,105.0,91.0,606.0,,,,,,
2009-01-01,YV,7184,ATW,ORD,1132,1120.0,-12.0,12.0,1132.0,1206.0,6.0,1231,1212.0,-19.0,0.0,,0.0,59.0,52.0,34.0,160.0,,,,,,
2009-01-01,YV,7197,ATW,ORD,1613,1610.0,-3.0,7.0,1617.0,1650.0,38.0,1712,1728.0,16.0,0.0,,0.0,59.0,78.0,33.0,160.0,0.0,0.0,16.0,0.0,0.0,
2009-01-01,YV,7341,ATW,ORD,552,628.0,36.0,12.0,640.0,716.0,9.0,653,725.0,32.0,0.0,,0.0,61.0,57.0,36.0,160.0,32.0,0.0,0.0,0.0,0.0,
2009-01-01,YV,2604,AUS,CLT,700,710.0,10.0,11.0,721.0,1033.0,4.0,1037,1037.0,0.0,0.0,,0.0,157.0,147.0,132.0,1033.0,,,,,,
2009-01-01,YV,2614,AUS,CLT,1700,1650.0,-10.0,10.0,1700.0,2008.0,17.0,2033,2025.0,-8.0,0.0,,0.0,153.0,155.0,128.0,1033.0,,,,,,
2009-01-01,YV,2660,AUS,CLT,1200,1208.0,8.0,13.0,1221.0,1532.0,8.0,1537,1540.0,3.0,0.0,,0.0,157.0,152.0,131.0,1033.0,,,,,,
2009-01-01,YV,7242,AUS,ORD,645,644.0,-1.0,13.0,657.0,908.0,10.0,922,918.0,-4.0,0.0,,0.0,157.0,154.0,131.0,978.0,,,,,,
2009-01-01,YV,2739,AUS,PHX,1840,1835.0,-5.0,15.0,1850.0,1952.0,20.0,2012,2012.0,0.0,0.0,,0.0,152.0,157.0,122.0,872.0,,,,,,
2009-01-01,YV,2774,AUS,PHX,610,610.0,0.0,8.0,618.0,728.0,6.0,739,734.0,-5.0,0.0,,0.0,149.0,144.0,130.0,872.0,,,,,,
2009-01-01,YV,2879,AUS,PHX,1944,1935.0,-9.0,11.0,1946.0,2044.0,10.0,2116,2054.0,-22.0,0.0,,0.0,152.0,139.0,118.0,872.0,,,,,,
2009-01-01,YV,2940,AUS,PHX,1520,1526.0,6.0,11.0,1537.0,1637.0,11.0,1652,1648.0,-4.0,0.0,,0.0,152.0,142.0,120.0,872.0,,,,,,
2009-01-01,YV,2669,BDL,CLT,1703,1655.0,-8.0,8.0,1703.0,1845.0,10.0,1912,1855.0,-17.0,0.0,,0.0,129.0,120.0,102.0,644.0,,,,,,
2009-01-01,YV,2778,BFL,PHX,1625,1705.0,40.0,10.0,1715.0,1923.0,7.0,1858,1930.0,32.0,0.0,,0.0,93.0,85.0,68.0,425.0,32.0,0.0,0.0,0.0,0.0,
2009-01-01,YV,2837,BFL,PHX,1240,1237.0,-3.0,8.0,1245.0,1459.0,6.0,1512,1505.0,-7.0,0.0,,0.0,92.0,88.0,74.0,425.0,,,,,,
2009-01-01,YV,2934,BFL,PHX,625,625.0,0.0,10.0,635.0,845.0,7.0,858,852.0,-6.0,0.0,,0.0,93.0,87.0,70.0,425.0,,,,,,
2009-01-01,YV,2649,BHM,CLT,816,807.0,-9.0,14.0,821.0,1017.0,8.0,1036,1025.0,-11.0,0.0,,0.0,80.0,78.0,56.0,351.0,,,,,,
2009-01-01,YV,2655,BHM,CLT,1701,1700.0,-1.0,19.0,1719.0,1914.0,6.0,1928,1920.0,-8.0,0.0,,0.0,87.0,80.0,55.0,351.0,,,,,,
2009-01-01,YV,2658,BHM,CLT,1025,1020.0,-5.0,5.0,1025.0,1216.0,14.0,1245,1230.0,-15.0,0.0,,0.0,80.0,70.0,51.0,351.0,,,,,,
2009-01-01,YV,2674,BHM,CLT,1215,1220.0,5.0,24.0,1244.0,1436.0,2.0,1434,1438.0,4.0,0.0,,0.0,79.0,78.0,52.0,351.0,,,,,,
2009-01-01,YV,7254,BHM,ORD,1715,2005.0,170.0,14.0,2019.0,2200.0,5.0,1923,2205.0,162.0,0.0,,0.0,128.0,120.0,101.0,584.0,162.0,0.0,0.0,0.0,0.0,
2009-01-01,YV,2610,BNA,CLT,915,900.0,-15.0,16.0,916.0,1101.0,8.0,1127,1109.0,-18.0,0.0,,0.0,72.0,69.0,45.0,329.0,,,,,,
2009-01-01,YV,2680,BNA,CLT,1115,1110.0,-5.0,7.0,1117.0,1303.0,12.0,1330,1315.0,-15.0,0.0,,0.0,75.0,65.0,46.0,329.0,,,,,,
2009-01-01,YV,7221,BNA,ORD,1748,1800.0,12.0,24.0,1824.0,1933.0,9.0,1930,1942.0,12.0,0.0,,0.0,102.0,102.0,69.0,409.0,,,,,,
2009-01-01,YV,7309,BNA,ORD,928,931.0,3.0,12.0,943.0,1057.0,8.0,1107,1105.0,-2.0,0.0,,0.0,99.0,94.0,74.0,409.0,,,,,,
2009-01-01,YV,7157,BOS,IAD,1645,1723.0,38.0,29.0,1752.0,1900.0,8.0,1825,1908.0,43.0,0.0,,0.0,100.0,105.0,68.0,413.0,43.0,0.0,0.0,0.0,0.0,
2009-01-01,YV,7330,BTV,IAD,1905,1907.0,2.0,16.0,1923.0,2038.0,8.0,2046,2046.0,0.0,0.0,,0.0,101.0,99.0,75.0,442.0,,,,,,
2009-01-01,YV,7170,BUF,IAD,1437,1434.0,-3.0,12.0,1446.0,1533.0,8.0,1559,1541.0,-18.0,0.0,,0.0,82.0,67.0,47.0,284.0,,,,,,
2009-01-01,YV,7219,BUF,ORD,1029,1025.0,-4.0,17.0,1042.0,1120.0,5.0,1115,1125.0,10.0,0.0,,0.0,106.0,120.0,98.0,473.0,,,,,,
2009-01-01,YV,7322,BUF,ORD,1330,1325.0,-5.0,10.0,1335.0,1402.0,5.0,1415,1407.0,-8.0,0.0,,0.0,105.0,102.0,87.0,473.0,,,,,,
2009-01-01,YV,2746,BUR,PHX,1850,1845.0,-5.0,13.0,1858.0,2103.0,13.0,2119,2116.0,-3.0,0.0,,0.0,89.0,91.0,65.0,369.0,,,,,,
2009-01-01,YV,2880,BUR,PHX,1605,1602.0,-3.0,10.0,1612.0,1820.0,8.0,1834,1828.0,-6.0,0.0,,0.0,89.0,86.0,68.0,369.0,,,,,,
2009-01-01,YV,2887,BUR,PHX,650,645.0,-5.0,11.0,656.0,902.0,14.0,919,916.0,-3.0,0.0,,0.0,89.0,91.0,66.0,369.0,,,,,,
2009-01-01,YV,2888,BUR,PHX,940,935.0,-5.0,10.0,945.0,1144.0,11.0,1208,1155.0,-13.0,0.0,,0.0,88.0,80.0,59.0,369.0,,,,,,
2009-01-01,YV,2889,BUR,PHX,1244,1244.0,0.0,10.0,1254.0,1501.0,9.0,1513,1510.0,-3.0,0.0,,0.0,89.0,86.0,67.0,369.0,,,,,,
2009-01-01,YV,7167,CAE,IAD,1434,1429.0,-5.0,10.0,1439.0,1542.0,7.0,1559,1549.0,-10.0,0.0,,0.0,85.0,80.0,63.0,401.0,,,,,,
2009-01-01,YV,7179,CAE,IAD,1011,1008.0,-3.0,9.0,1017.0,1114.0,6.0,1136,1120.0,-16.0,0.0,,0.0,85.0,72.0,57.0,401.0,,,,,,
2009-01-01,YV,7286,CAE,IAD,600,559.0,-1.0,11.0,610.0,710.0,7.0,725,717.0,-8.0,0.0,,0.0,85.0,78.0,60.0,401.0,,,,,,
2009-01-01,YV,7093,CAE,ORD,610,606.0,-4.0,12.0,618.0,704.0,5.0,723,709.0,-14.0,0.0,,0.0,133.0,123.0,106.0,666.0,,,,,,
2009-01-01,YV,7130,CAE,ORD,1747,1735.0,-12.0,12.0,1747.0,1839.0,9.0,1906,1848.0,-18.0,0.0,,0.0,139.0,133.0,112.0,666.0,,,,,,
2009-01-01,YV,7229,CAE,ORD,844,845.0,1.0,8.0,853.0,936.0,9.0,957,945.0,-12.0,0.0,,0.0,133.0,120.0,103.0,666.0,,,,,,
2009-01-01,YV,2659,CHS,CLT,730,728.0,-2.0,21.0,749.0,827.0,8.0,834,835.0,1.0,0.0,,0.0,64.0,67.0,38.0,168.0,,,,,,
2009-01-01,YV,2695,CHS,CLT,1255,1250.0,-5.0,10.0,1300.0,1337.0,8.0,1359,1345.0,-14.0,0.0,,0.0,64.0,55.0,37.0,168.0,,,,,,
2009-01-01,YV,7239,CHS,ORD,1701,1657.0,-4.0,32.0,1729.0,1828.0,5.0,1825,1833.0,8.0,0.0,,0.0,144.0,156.0,119.0,760.0,,,,,,
2009-01-01,YV,7294,CHS,ORD,1251,1250.0,-1.0,14.0,1304.0,1356.0,18.0,1415,1414.0,-1.0,0.0,,0.0,144.0,144.0,112.0,760.0,,,,,,
2009-01-01,YV,7334,CHS,ORD,700,656.0,-4.0,9.0,705.0,801.0,6.0,824,807.0,-17.0,0.0,,0.0,144.0,131.0,116.0,760.0,,,,,,
2009-01-01,YV,7145,CID,ORD,1329,1317.0,-12.0,7.0,1324.0,1358.0,8.0,1441,1406.0,-35.0,0.0,,0.0,72.0,49.0,34.0,196.0,,,,,,
2009-01-01,YV,7153,CID,ORD,937,931.0,-6.0,10.0,941.0,1014.0,5.0,1041,1019.0,-22.0,0.0,,0.0,64.0,48.0,33.0,196.0,,,,,,
2009-01-01,YV,7173,CID,ORD,1129,1250.0,81.0,4.0,1254.0,1330.0,8.0,1233,1338.0,65.0,0.0,,0.0,64.0,48.0,36.0,196.0,65.0,0.0,0.0,0.0,0.0,
2009-01-01,YV,2648,CLE,CLT,1340,1335.0,-5.0,7.0,1342.0,1448.0,12.0,1517,1500.0,-17.0,0.0,,0.0,97.0,85.0,66.0,430.0,,,,,,
2009-01-01,YV,7135,CLE,IAD,1932,2108.0,96.0,14.0,2122.0,2209.0,9.0,2049,2218.0,89.0,0.0,,0.0,77.0,70.0,47.0,288.0,89.0,0.0,0.0,0.0,0.0,
2009-01-01,YV,7163,CLE,IAD,1419,1410.0,-9.0,18.0,1428.0,1517.0,8.0,1538,1525.0,-13.0,0.0,,0.0,79.0,75.0,49.0,288.0,,,,,,
2009-01-01,YV,7292,CLE,IAD,1018,1028.0,10.0,21.0,1049.0,1139.0,7.0,1137,1146.0,9.0,0.0,,0.0,79.0,78.0,50.0,288.0,,,,,,
2009-01-01,YV,7075,CLE,ORD,1340,1338.0,-2.0,8.0,1346.0,1346.0,28.0,1408,1414.0,6.0,0.0,,0.0,88.0,96.0,60.0,316.0,,,,,,
2009-01-01,YV,2672,CLT,ABE,1135,1132.0,-3.0,27.0,1159.0,1307.0,8.0,1319,1315.0,-4.0,0.0,,0.0,104.0,103.0,68.0,481.0,,,,,,
2009-01-01,YV,2623,CLT,ATL,755,755.0,0.0,26.0,821.0,904.0,8.0,922,912.0,-10.0,0.0,,0.0,87.0,77.0,43.0,227.0,,,,,,
2009-01-01,YV,2621,CLT,AUS,1830,1950.0,80.0,19.0,2009.0,2132.0,5.0,2031,2137.0,66.0,0.0,,0.0,181.0,167.0,143.0,1033.0,66.0,0.0,0.0,0.0,0.0,
2009-01-01,YV,2653,CLT,AUS,1515,1540.0,25.0,21.0,1601.0,1727.0,8.0,1717,1735.0,18.0,0.0,,0.0,182.0,175.0,146.0,1033.0,18.0,0.0,0.0,0.0,0.0,
2009-01-01,YV,2663,CLT,AUS,926,926.0,0.0,41.0,1007.0,1135.0,6.0,1129,1141.0,12.0,0.0,,0.0,183.0,195.0,148.0,1033.0,,,,,,
2009-01-01,YV,2680,CLT,BDL,1430,1427.0,-3.0,13.0,1440.0,1607.0,8.0,1629,1615.0,-14.0,0.0,,0.0,119.0,108.0,87.0,644.0,,,,,,
2009-01-01,YV,2617,CLT,BHM,1120,1135.0,15.0,27.0,1202.0,1158.0,3.0,1145,1201.0,16.0,0.0,,0.0,85.0,86.0,56.0,351.0,16.0,0.0,0.0,0.0,0.0,
2009-01-01,YV,2619,CLT,BHM,1601,1601.0,0.0,34.0,1635.0,1631.0,4.0,1627,1635.0,8.0,0.0,,0.0,86.0,94.0,56.0,351.0,,,,,,
2009-01-01,YV,2629,CLT,BHM,926,915.0,-11.0,22.0,937.0,935.0,5.0,952,940.0,-12.0,0.0,,0.0,86.0,85.0,58.0,351.0,,,,,,
2009-01-01,YV,2637,CLT,BHM,2230,2315.0,45.0,8.0,2323.0,13.0,5.0,2255,18.0,,0.0,,1.0,85.0,,,351.0,,,,,,
2009-01-01,YV,2627,CLT,BNA,755,753.0,-2.0,25.0,818.0,815.0,4.0,829,819.0,-10.0,0.0,,0.0,94.0,86.0,57.0,329.0,,,,,,
2009-01-01,YV,2681,CLT,BNA,955,950.0,-5.0,36.0,1026.0,1024.0,6.0,1030,1030.0,0.0,0.0,,0.0,95.0,100.0,58.0,329.0,,,,,,
2009-01-01,YV,2645,CLT,CHS,2020,2020.0,0.0,16.0,2036.0,2104.0,6.0,2128,2110.0,-18.0,0.0,,0.0,68.0,50.0,28.0,168.0,,,,,,
2009-01-01,YV,2668,CLT,CHS,1119,1110.0,-9.0,18.0,1128.0,1201.0,9.0,1218,1210.0,-8.0,0.0,,0.0,59.0,60.0,33.0,168.0,,,,,,
2009-01-01,YV,2649,CLT,CLE,1128,1122.0,-6.0,21.0,1143.0,1249.0,6.0,1307,1255.0,-12.0,0.0,,0.0,99.0,93.0,66.0,430.0,,,,,,
2009-01-01,YV,2610,CLT,EWR,1212,1212.0,0.0,14.0,1226.0,1340.0,8.0,1358,1348.0,-10.0,0.0,,0.0,106.0,96.0,74.0,529.0,,,,,,
2009-01-01,YV,2614,CLT,EWR,2115,2135.0,20.0,11.0,2146.0,2254.0,11.0,2300,2305.0,5.0,0.0,,0.0,105.0,90.0,68.0,529.0,,,,,,
2009-01-01,YV,2676,CLT,FAY,1130,1235.0,65.0,11.0,1246.0,1308.0,3.0,1225,1311.0,46.0,0.0,,0.0,55.0,36.0,22.0,118.0,46.0,0.0,0.0,0.0,0.0,
2009-01-01,YV,2622,CLT,GSO,1258,1253.0,-5.0,16.0,1309.0,1331.0,8.0,1345,1339.0,-6.0,0.0,,0.0,47.0,46.0,22.0,83.0,,,,,,
2009-01-01,YV,2655,CLT,GSO,2015,2010.0,-5.0,17.0,2027.0,2046.0,9.0,2110,2055.0,-15.0,0.0,,0.0,55.0,45.0,19.0,83.0,,,,,,
2009-01-01,YV,2660,CLT,GSO,1635,1720.0,45.0,8.0,1728.0,1747.0,3.0,1731,1750.0,19.0,0.0,,0.0,56.0,30.0,19.0,83.0,19.0,0.0,0.0,0.0,0.0,
2009-01-01,YV,2640,CLT,IAD,1610,1610.0,0.0,10.0,1620.0,1717.0,8.0,1734,1725.0,-9.0,0.0,,0.0,84.0,75.0,57.0,321.0,,,,,,
2009-01-01,YV,2654,CLT,IAD,1955,2000.0,5.0,23.0,2023.0,2119.0,8.0,2117,2127.0,10.0,0.0,,0.0,82.0,87.0,56.0,321.0,,,,,,
2009-01-01,YV,2682,CLT,IAD,845,840.0,-5.0,8.0,848.0,942.0,13.0,1001,955.0,-6.0,0.0,,0.0,76.0,75.0,54.0,321.0,,,,,,
2009-01-01,YV,7101,CLT,IAD,602,556.0,-6.0,11.0,607.0,701.0,4.0,720,705.0,-15.0,0.0,,0.0,78.0,69.0,54.0,321.0,,,,,,
2009-01-01,YV,7152,CLT,IAD,936,929.0,-7.0,22.0,951.0,1045.0,7.0,1103,1052.0,-11.0,0.0,,0.0,87.0,83.0,54.0,321.0,,,,,,
2009-01-01,YV,7189,CLT,IAD,1944,2146.0,122.0,13.0,2159.0,2253.0,5.0,2105,2258.0,113.0,0.0,,0.0,81.0,72.0,54.0,321.0,113.0,0.0,0.0,0.0,0.0,
2009-01-01,YV,7251,CLT,IAD,1242,1240.0,-2.0,17.0,1257.0,1350.0,5.0,1409,1355.0,-14.0,0.0,,0.0,87.0,75.0,53.0,321.0,,,,,,
2009-01-01,YV,2667,CLT,IAH,1445,1452.0,7.0,23.0,1515.0,1635.0,12.0,1637,1647.0,10.0,0.0,,0.0,172.0,175.0,140.0,913.0,,,,,,
2009-01-01,YV,2717,CLT,ILM,1615,1612.0,-3.0,12.0,1624.0,1654.0,6.0,1716,1700.0,-16.0,0.0,,0.0,61.0,48.0,30.0,185.0,,,,,,
2009-01-01,YV,2685,CLT,MCI,1600,1600.0,0.0,21.0,1621.0,1725.0,5.0,1738,1730.0,-8.0,0.0,,0.0,158.0,150.0,124.0,809.0,,,,,,
2009-01-01,YV,2606,CLT,MDT,2220,2225.0,5.0,19.0,2244.0,2346.0,9.0,2350,2355.0,5.0,0.0,,0.0,90.0,90.0,62.0,413.0,,,,,,
2009-01-01,YV,2664,CLT,MDT,1750,1743.0,-7.0,19.0,1802.0,1904.0,6.0,1922,1910.0,-12.0,0.0,,0.0,92.0,87.0,62.0,413.0,,,,,,
2009-01-01,YV,2692,CLT,MDT,950,940.0,-10.0,32.0,1012.0,1117.0,5.0,1128,1122.0,-6.0,0.0,,0.0,98.0,102.0,65.0,413.0,,,,,,
2009-01-01,YV,2603,CLT,MEM,2005,2215.0,130.0,15.0,2230.0,2257.0,13.0,2101,2310.0,129.0,0.0,,0.0,116.0,115.0,87.0,512.0,129.0,0.0,0.0,0.0,0.0,
2009-01-01,YV,2605,CLT,MEM,1120,1120.0,0.0,17.0,1137.0,1201.0,4.0,1210,1205.0,-5.0,0.0,,0.0,110.0,105.0,84.0,512.0,,,,,,
2009-01-01,YV,2641,CLT,MEM,2235,2235.0,0.0,25.0,2300.0,2318.0,7.0,2325,2325.0,0.0,0.0,,0.0,110.0,110.0,78.0,512.0,,,,,,
2009-01-01,YV,2671,CLT,MEM,1739,1745.0,6.0,38.0,1823.0,1847.0,8.0,1827,1855.0,28.0,0.0,,0.0,108.0,130.0,84.0,512.0,28.0,0.0,0.0,0.0,0.0,
2009-01-01,YV,2683,CLT,MEM,1303,1300.0,-3.0,24.0,1324.0,1348.0,5.0,1353,1353.0,0.0,0.0,,0.0,110.0,113.0,84.0,512.0,,,,,,
2009-01-01,YV,7045,CLT,ORD,1504,1453.0,-11.0,20.0,1513.0,1554.0,9.0,1612,1603.0,-9.0,0.0,,0.0,128.0,130.0,101.0,599.0,,,,,,
2009-01-01,YV,7091,CLT,ORD,640,632.0,-8.0,15.0,647.0,724.0,10.0,750,734.0,-16.0,0.0,,0.0,130.0,122.0,97.0,599.0,,,,,,
2009-01-01,YV,2624,CLT,ORF,1254,1453.0,119.0,22.0,1515.0,1558.0,7.0,1402,1605.0,123.0,0.0,,0.0,68.0,72.0,43.0,290.0,123.0,0.0,0.0,0.0,0.0,
2009-01-01,YV,2656,CLT,ORF,741,741.0,0.0,17.0,758.0,842.0,5.0,854,847.0,-7.0,0.0,,0.0,73.0,66.0,44.0,290.0,,,,,,
2009-01-01,YV,2659,CLT,SAT,950,942.0,-8.0,28.0,1010.0,1150.0,8.0,1209,1158.0,-11.0,0.0,,0.0,199.0,196.0,160.0,1095.0,,,,,,
2009-01-01,YV,2679,CLT,SAT,1810,1805.0,-5.0,31.0,1836.0,2015.0,4.0,2025,2019.0,-6.0,0.0,,0.0,195.0,194.0,159.0,1095.0,,,,,,
2009-01-01,YV,2695,CLT,SAT,1500,1555.0,55.0,15.0,1610.0,1815.0,1.0,1713,1816.0,63.0,0.0,,0.0,193.0,201.0,185.0,1095.0,63.0,0.0,0.0,0.0,0.0,
2009-01-01,YV,2631,CLT,SAV,924,920.0,-4.0,13.0,933.0,1007.0,9.0,1030,1016.0,-14.0,0.0,,0.0,66.0,56.0,34.0,213.0,,,,,,
2009-01-01,YV,2601,CLT,SDF,1325,1325.0,0.0,19.0,1344.0,1440.0,2.0,1458,1442.0,-16.0,0.0,,0.0,93.0,77.0,56.0,336.0,,,,,,
2009-01-01,YV,2609,CLT,SDF,1752,1805.0,13.0,24.0,1829.0,1926.0,4.0,1924,1930.0,6.0,0.0,,0.0,92.0,85.0,57.0,336.0,,,,,,
2009-01-01,YV,2673,CLT,SDF,2010,2008.0,-2.0,19.0,2027.0,2125.0,5.0,2146,2130.0,-16.0,0.0,,0.0,96.0,82.0,58.0,336.0,,,,,,
2009-01-01,YV,2669,CLT,STL,2015,2015.0,0.0,20.0,2035.0,2118.0,6.0,2126,2124.0,-2.0,0.0,,0.0,131.0,129.0,103.0,575.0,,,,,,
2009-01-01,YV,2699,CLT,STL,1436,1450.0,14.0,28.0,1518.0,1548.0,4.0,1543,1552.0,9.0,0.0,,0.0,127.0,122.0,90.0,575.0,,,,,,
2009-01-01,YV,7177,COD,DEN,721,717.0,-4.0,10.0,727.0,839.0,8.0,913,847.0,-26.0,0.0,,0.0,112.0,90.0,72.0,391.0,,,,,,
2009-01-01,YV,7044,COS,DEN,930,945.0,15.0,14.0,959.0,1026.0,8.0,1021,1034.0,13.0,0.0,,0.0,51.0,49.0,27.0,73.0,,,,,,
2009-01-01,YV,7180,COS,DEN,1153,1145.0,-8.0,13.0,1158.0,1221.0,5.0,1234,1226.0,-8.0,0.0,,0.0,41.0,41.0,23.0,73.0,,,,,,
2009-01-01,YV,2719,COS,PHX,820,820.0,0.0,26.0,846.0,1014.0,11.0,1022,1025.0,3.0,0.0,,0.0,122.0,125.0,88.0,551.0,,,,,,
2009-01-01,YV,2722,COS,PHX,1520,1512.0,-8.0,15.0,1527.0,1648.0,6.0,1708,1654.0,-14.0,0.0,,0.0,108.0,102.0,81.0,551.0,,,,,,
2009-01-01,YV,2775,COS,PHX,1820,1930.0,70.0,10.0,1940.0,2059.0,10.0,2011,2109.0,58.0,0.0,,0.0,111.0,99.0,79.0,551.0,58.0,0.0,0.0,0.0,0.0,
2009-01-01,YV,2825,COS,PHX,1205,1159.0,-6.0,12.0,1211.0,1330.0,7.0,1354,1337.0,-17.0,0.0,,0.0,109.0,98.0,79.0,551.0,,,,,,
2009-01-01,YV,7060,CPR,DEN,1335,1358.0,23.0,12.0,1410.0,1501.0,5.0,1451,1506.0,15.0,0.0,,0.0,76.0,68.0,51.0,230.0,15.0,0.0,0.0,0.0,0.0,
2009-01-01,YV,7087,CPR,DEN,602,555.0,-7.0,12.0,607.0,657.0,6.0,724,703.0,-21.0,0.0,,0.0,82.0,68.0,50.0,230.0,,,,,,
2009-01-01,YV,7132,CPR,DEN,1652,1704.0,12.0,11.0,1715.0,1805.0,25.0,1808,1830.0,22.0,0.0,,0.0,76.0,86.0,50.0,230.0,22.0,0.0,0.0,0.0,0.0,
2009-01-01,YV,7210,CPR,DEN,958,1016.0,18.0,8.0,1024.0,1112.0,12.0,1120,1124.0,4.0,0.0,,0.0,82.0,68.0,48.0,230.0,,,,,,
2009-01-01,YV,7099,CWA,ORD,1615,1609.0,-6.0,8.0,1617.0,1659.0,29.0,1720,1728.0,8.0,0.0,,0.0,65.0,79.0,42.0,213.0,,,,,,
2009-01-01,YV,7278,CWA,ORD,611,1007.0,236.0,8.0,1015.0,1057.0,6.0,716,1103.0,227.0,0.0,,0.0,65.0,56.0,42.0,213.0,227.0,0.0,0.0,0.0,0.0,
2009-01-01,YV,7120,DAY,ORD,1328,1327.0,-1.0,12.0,1339.0,1328.0,12.0,1349,1340.0,-9.0,0.0,,0.0,81.0,73.0,49.0,240.0,,,,,,
2009-01-01,YV,7056,DEN,COD,1825,1825.0,0.0,19.0,1844.0,2030.0,4.0,2026,2034.0,8.0,0.0,,0.0,121.0,129.0,106.0,391.0,,,,,,
2009-01-01,YV,7044,DEN,COS,828,825.0,-3.0,20.0,845.0,911.0,6.0,911,917.0,6.0,0.0,,0.0,43.0,52.0,26.0,73.0,,,,,,
2009-01-01,YV,7050,DEN,CPR,1511,1524.0,13.0,12.0,1536.0,1643.0,3.0,1633,1646.0,13.0,0.0,,0.0,82.0,82.0,67.0,230.0,,,,,,
2009-01-01,YV,7060,DEN,CPR,1153,1209.0,16.0,16.0,1225.0,1339.0,2.0,1315,1341.0,26.0,0.0,,0.0,82.0,92.0,74.0,230.0,26.0,0.0,0.0,0.0,0.0,
2009-01-01,YV,7104,DEN,CPR,2150,,,,,,,2312,,,1.0,A,0.0,82.0,,,230.0,,,,,,
2009-01-01,YV,7210,DEN,CPR,816,820.0,4.0,15.0,835.0,954.0,4.0,938,958.0,20.0,0.0,,0.0,82.0,98.0,79.0,230.0,20.0,0.0,0.0,0.0,0.0,
2009-01-01,YV,7081,DEN,DRO,1359,1356.0,-3.0,11.0,1407.0,1510.0,15.0,1527,1525.0,-2.0,0.0,,0.0,88.0,89.0,63.0,251.0,,,,,,
2009-01-01,YV,7090,DEN,DRO,1458,1458.0,0.0,23.0,1521.0,1619.0,4.0,1626,1623.0,-3.0,0.0,,0.0,88.0,85.0,58.0,251.0,,,,,,
2009-01-01,YV,7095,DEN,DRO,1011,1008.0,-3.0,14.0,1022.0,1125.0,2.0,1139,1127.0,-12.0,0.0,,0.0,88.0,79.0,63.0,251.0,,,,,,
2009-01-01,YV,7119,DEN,DRO,1800,1823.0,23.0,13.0,1836.0,1935.0,3.0,1928,1938.0,10.0,0.0,,0.0,88.0,75.0,59.0,251.0,,,,,,
2009-01-01,YV,7127,DEN,DRO,2140,2136.0,-4.0,15.0,2151.0,2308.0,3.0,2308,2311.0,3.0,0.0,,0.0,88.0,95.0,77.0,251.0,,,,,,
2009-01-01,YV,7285,DEN,DRO,1115,1123.0,8.0,13.0,1136.0,1233.0,5.0,1243,1238.0,-5.0,0.0,,0.0,88.0,75.0,57.0,251.0,,,,,,
2009-01-01,YV,7067,DEN,EGE,1522,1518.0,-4.0,12.0,1530.0,1611.0,3.0,1620,1614.0,-6.0,0.0,,0.0,58.0,56.0,41.0,120.0,,,,,,
2009-01-01,YV,7069,DEN,EGE,1805,1802.0,-3.0,18.0,1820.0,1901.0,4.0,1903,1905.0,2.0,0.0,,0.0,58.0,63.0,41.0,120.0,,,,,,
2009-01-01,YV,7084,DEN,EGE,854,848.0,-6.0,13.0,901.0,940.0,4.0,952,944.0,-8.0,0.0,,0.0,58.0,56.0,39.0,120.0,,,,,,
2009-01-01,YV,7122,DEN,GCC,1111,1109.0,-2.0,15.0,1124.0,1254.0,4.0,1246,1258.0,12.0,0.0,,0.0,95.0,109.0,90.0,313.0,,,,,,
2009-01-01,YV,7126,DEN,GCC,1840,1847.0,7.0,16.0,1903.0,2024.0,5.0,2015,2029.0,14.0,0.0,,0.0,95.0,102.0,81.0,313.0,,,,,,
2009-01-01,YV,7077,DEN,GJT,2155,2155.0,0.0,20.0,2215.0,2312.0,4.0,2311,2316.0,5.0,0.0,,0.0,76.0,81.0,57.0,212.0,,,,,,
2009-01-01,YV,7078,DEN,GJT,1021,1020.0,-1.0,16.0,1036.0,1127.0,2.0,1137,1129.0,-8.0,0.0,,0.0,76.0,69.0,51.0,212.0,,,,,,
2009-01-01,YV,7079,DEN,GJT,1933,1918.0,-15.0,20.0,1938.0,2034.0,3.0,2049,2037.0,-12.0,0.0,,0.0,76.0,79.0,56.0,212.0,,,,,,
2009-01-01,YV,7103,DEN,GJT,1504,1503.0,-1.0,23.0,1526.0,1622.0,3.0,1620,1625.0,5.0,0.0,,0.0,76.0,82.0,56.0,212.0,,,,,,
2009-01-01,YV,7198,DEN,GJT,1803,1758.0,-5.0,17.0,1815.0,1917.0,2.0,1919,1919.0,0.0,0.0,,0.0,76.0,81.0,62.0,212.0,,,,,,
2009-01-01,YV,7224,DEN,GJT,1344,1339.0,-5.0,18.0,1357.0,1456.0,3.0,1500,1459.0,-1.0,0.0,,0.0,76.0,80.0,59.0,212.0,,,,,,
2009-01-01,YV,7085,DEN,MTJ,2155,2150.0,-5.0,14.0,2204.0,2257.0,3.0,2312,2300.0,-12.0,0.0,,0.0,77.0,70.0,53.0,197.0,,,,,,
2009-01-01,YV,7089,DEN,MTJ,821,813.0,-8.0,13.0,826.0,916.0,3.0,938,919.0,-19.0,0.0,,0.0,77.0,66.0,50.0,197.0,,,,,,
2009-01-01,YV,7096,DEN,MTJ,1449,1449.0,0.0,25.0,1514.0,1606.0,3.0,1606,1609.0,3.0,0.0,,0.0,77.0,80.0,52.0,197.0,,,,,,
2009-01-01,YV,7295,DEN,MTJ,1149,1145.0,-4.0,13.0,1158.0,1252.0,3.0,1306,1255.0,-11.0,0.0,,0.0,77.0,70.0,54.0,197.0,,,,,,
2009-01-01,YV,2730,DEN,PHX,825,836.0,11.0,16.0,852.0,1019.0,9.0,1020,1028.0,8.0,0.0,,0.0,115.0,112.0,87.0,602.0,,,,,,
2009-01-01,YV,2978,DEN,PHX,818,818.0,0.0,20.0,838.0,1003.0,7.0,1013,1010.0,-3.0,0.0,,0.0,115.0,112.0,85.0,602.0,,,,,,
2009-01-01,YV,7059,DEN,RAP,1124,1123.0,-1.0,23.0,1146.0,1257.0,3.0,1257,1300.0,3.0,0.0,,0.0,93.0,97.0,71.0,300.0,,,,,,
2009-01-01,YV,7071,DEN,RAP,1659,1655.0,-4.0,16.0,1711.0,1824.0,3.0,1832,1827.0,-5.0,0.0,,0.0,93.0,92.0,73.0,300.0,,,,,,
2009-01-01,YV,7240,DEN,RAP,1338,1337.0,-1.0,15.0,1352.0,1508.0,3.0,1511,1511.0,0.0,0.0,,0.0,93.0,94.0,76.0,300.0,,,,,,
2009-01-01,YV,7301,DEN,RAP,1010,1005.0,-5.0,14.0,1019.0,1135.0,3.0,1143,1138.0,-5.0,0.0,,0.0,93.0,93.0,76.0,300.0,,,,,,
2009-01-01,YV,7041,DEN,RKS,1820,1854.0,34.0,16.0,1910.0,2018.0,3.0,1950,2021.0,31.0,0.0,,0.0,90.0,87.0,68.0,260.0,31.0,0.0,0.0,0.0,0.0,
2009-01-01,YV,7098,DEN,RKS,1130,1124.0,-6.0,15.0,1139.0,1249.0,3.0,1302,1252.0,-10.0,0.0,,0.0,92.0,88.0,70.0,260.0,,,,,,
2009-01-01,YV,7248,DEN,SAT,1316,1316.0,0.0,8.0,1324.0,1601.0,6.0,1622,1607.0,-15.0,0.0,,0.0,126.0,111.0,97.0,794.0,,,,,,
2009-01-01,YV,7081,DRO,DEN,1547,1545.0,-2.0,15.0,1600.0,1701.0,5.0,1710,1706.0,-4.0,0.0,,0.0,83.0,81.0,61.0,251.0,,,,,,
2009-01-01,YV,7090,DRO,DEN,1646,1646.0,0.0,13.0,1659.0,1756.0,9.0,1809,1805.0,-4.0,0.0,,0.0,83.0,79.0,57.0,251.0,,,,,,
2009-01-01,YV,7095,DRO,DEN,1159,1153.0,-6.0,9.0,1202.0,1316.0,6.0,1322,1322.0,0.0,0.0,,0.0,83.0,89.0,74.0,251.0,,,,,,
2009-01-01,YV,7116,DRO,DEN,600,550.0,-10.0,28.0,618.0,718.0,5.0,734,723.0,-11.0,0.0,,0.0,94.0,93.0,60.0,251.0,,,,,,
2009-01-01,YV,7136,DRO,DEN,742,747.0,5.0,18.0,805.0,904.0,5.0,916,909.0,-7.0,0.0,,0.0,94.0,82.0,59.0,251.0,,,,,,
2009-01-01,YV,7285,DRO,DEN,1303,1303.0,0.0,17.0,1320.0,1427.0,8.0,1426,1435.0,9.0,0.0,,0.0,83.0,92.0,67.0,251.0,,,,,,
2009-01-01,YV,2895,DRO,PHX,1205,1155.0,-10.0,10.0,1205.0,1320.0,10.0,1355,1330.0,-25.0,0.0,,0.0,110.0,95.0,75.0,351.0,,,,,,
2009-01-01,YV,2897,DRO,PHX,1815,1805.0,-10.0,9.0,1814.0,1935.0,10.0,2005,1945.0,-20.0,0.0,,0.0,110.0,100.0,81.0,351.0,,,,,,
2009-01-01,YV,7168,DSM,ORD,1457,1442.0,-15.0,8.0,1450.0,1535.0,5.0,1615,1540.0,-35.0,0.0,,0.0,78.0,58.0,45.0,299.0,,,,,,
2009-01-01,YV,7250,DSM,ORD,600,555.0,-5.0,18.0,613.0,656.0,9.0,718,705.0,-13.0,0.0,,0.0,78.0,70.0,43.0,299.0,,,,,,
2009-01-01,YV,7276,DSM,ORD,1035,1031.0,-4.0,14.0,1045.0,1132.0,4.0,1153,1136.0,-17.0,0.0,,0.0,78.0,65.0,47.0,299.0,,,,,,
2009-01-01,YV,2734,DSM,PHX,1450,1450.0,0.0,6.0,1456.0,1632.0,8.0,1656,1640.0,-16.0,0.0,,0.0,186.0,170.0,156.0,1149.0,,,,,,
2009-01-01,YV,2779,DSM,PHX,800,755.0,-5.0,6.0,801.0,949.0,13.0,1022,1002.0,-20.0,0.0,,0.0,202.0,187.0,168.0,1149.0,,,,,,
2009-01-01,YV,7207,DTW,IAD,1008,1005.0,-3.0,13.0,1018.0,1119.0,5.0,1135,1124.0,-11.0,0.0,,0.0,87.0,79.0,61.0,383.0,,,,,,
2009-01-01,YV,7182,DTW,ORD,1356,1350.0,-6.0,14.0,1404.0,1359.0,26.0,1413,1425.0,12.0,0.0,,0.0,77.0,95.0,55.0,235.0,,,,,,
2009-01-01,YV,7329,DTW,ORD,1857,,,,,,,1914,,,1.0,A,0.0,77.0,,,235.0,,,,,,
2009-01-01,YV,7067,EGE,DEN,1640,1633.0,-7.0,8.0,1641.0,1719.0,5.0,1740,1724.0,-16.0,0.0,,0.0,60.0,51.0,38.0,120.0,,,,,,
2009-01-01,YV,7069,EGE,DEN,1925,1921.0,-4.0,22.0,1943.0,2018.0,8.0,2025,2026.0,1.0,0.0,,0.0,60.0,65.0,35.0,120.0,,,,,,
2009-01-01,YV,7084,EGE,DEN,1012,1002.0,-10.0,10.0,1012.0,1050.0,9.0,1120,1059.0,-21.0,0.0,,0.0,68.0,57.0,38.0,120.0,,,,,,
2009-01-01,YV,2715,ELP,PHX,1526,1520.0,-6.0,18.0,1538.0,1633.0,12.0,1647,1645.0,-2.0,0.0,,0.0,81.0,85.0,55.0,347.0,,,,,,
2009-01-01,YV,2752,ELP,PHX,1840,1835.0,-5.0,13.0,1848.0,1943.0,9.0,2002,1952.0,-10.0,0.0,,0.0,82.0,77.0,55.0,347.0,,,,,,
2009-01-01,YV,2902,ELP,PHX,630,623.0,-7.0,10.0,633.0,732.0,11.0,749,743.0,-6.0,0.0,,0.0,79.0,80.0,59.0,347.0,,,,,,
2009-01-01,YV,2629,EWR,CLT,615,610.0,-5.0,9.0,619.0,738.0,17.0,812,755.0,-17.0,0.0,,0.0,117.0,105.0,79.0,529.0,,,,,,
2009-01-01,YV,2679,EWR,CLT,1515,1510.0,-5.0,20.0,1530.0,1655.0,9.0,1712,1704.0,-8.0,0.0,,0.0,117.0,114.0,85.0,529.0,,,,,,
2009-01-01,YV,7065,EWR,IAD,1013,,,,,,,1139,,,1.0,A,0.0,86.0,,,213.0,,,,,,
2009-01-01,YV,7298,EWR,IAD,1915,2126.0,131.0,22.0,2148.0,2234.0,9.0,2044,2243.0,119.0,0.0,,0.0,89.0,77.0,46.0,213.0,0.0,0.0,0.0,0.0,119.0,
2009-01-01,YV,7058,EWR,ORD,1047,1047.0,0.0,26.0,1113.0,1212.0,13.0,1225,1225.0,0.0,0.0,,0.0,158.0,158.0,119.0,719.0,,,,,,
2009-01-01,YV,2984,FAT,LAS,710,,,,,,,820,,,1.0,B,0.0,70.0,,,258.0,,,,,,
2009-01-01,YV,2986,FAT,LAS,1052,1047.0,-5.0,8.0,1055.0,1145.0,5.0,1202,1150.0,-12.0,0.0,,0.0,70.0,63.0,50.0,258.0,,,,,,
2009-01-01,YV,2816,FAT,PHX,610,610.0,0.0,15.0,625.0,839.0,6.0,846,845.0,-1.0,0.0,,0.0,96.0,95.0,74.0,493.0,,,,,,
2009-01-01,YV,2823,FAT,PHX,920,,,,,,,1205,,,1.0,B,0.0,105.0,,,493.0,,,,,,
2009-01-01,YV,2872,FAT,PHX,1231,1232.0,1.0,11.0,1243.0,1500.0,10.0,1506,1510.0,4.0,0.0,,0.0,95.0,98.0,77.0,493.0,,,,,,
2009-01-01,YV,2885,FAT,PHX,1910,1921.0,11.0,6.0,1927.0,2138.0,7.0,2145,2145.0,0.0,0.0,,0.0,95.0,84.0,71.0,493.0,,,,,,
2009-01-01,YV,2925,FAT,PHX,1617,1607.0,-10.0,8.0,1615.0,1836.0,9.0,1856,1845.0,-11.0,0.0,,0.0,99.0,98.0,81.0,493.0,,,,,,
2009-01-01,YV,2699,FAY,CLT,1255,1335.0,40.0,7.0,1342.0,1412.0,8.0,1352,1420.0,28.0,0.0,,0.0,57.0,45.0,30.0,118.0,28.0,0.0,0.0,0.0,0.0,
2009-01-01,YV,2852,FLG,PHX,730,720.0,-10.0,21.0,741.0,820.0,10.0,840,830.0,-10.0,0.0,,0.0,70.0,70.0,39.0,119.0,,,,,,
2009-01-01,YV,2854,FLG,PHX,1114,1125.0,11.0,5.0,1130.0,1210.0,5.0,1218,1215.0,-3.0,0.0,,0.0,64.0,50.0,40.0,119.0,,,,,,
2009-01-01,YV,2856,FLG,PHX,1424,1415.0,-9.0,10.0,1425.0,1505.0,10.0,1525,1515.0,-10.0,0.0,,0.0,61.0,60.0,40.0,119.0,,,,,,
2009-01-01,YV,2860,FLG,PHX,1735,1725.0,-10.0,10.0,1735.0,1815.0,10.0,1837,1825.0,-12.0,0.0,,0.0,62.0,60.0,40.0,119.0,,,,,,
2009-01-01,YV,7149,FSD,ORD,1446,1436.0,-10.0,9.0,1445.0,1546.0,19.0,1620,1605.0,-15.0,0.0,,0.0,94.0,89.0,61.0,462.0,,,,,,
2009-01-01,YV,7046,FWA,ORD,600,629.0,29.0,10.0,639.0,616.0,7.0,602,623.0,21.0,0.0,,0.0,62.0,54.0,37.0,157.0,21.0,0.0,0.0,0.0,0.0,
2009-01-01,YV,7055,FWA,ORD,1532,1519.0,-13.0,10.0,1529.0,1502.0,10.0,1534,1512.0,-22.0,0.0,,0.0,62.0,53.0,33.0,157.0,,,,,,
2009-01-01,YV,7122,GCC,DEN,1305,1314.0,9.0,12.0,1326.0,1434.0,8.0,1444,1442.0,-2.0,0.0,,0.0,99.0,88.0,68.0,313.0,,,,,,
2009-01-01,YV,7064,GJT,DEN,600,555.0,-5.0,21.0,616.0,708.0,7.0,718,715.0,-3.0,0.0,,0.0,78.0,80.0,52.0,212.0,,,,,,
2009-01-01,YV,7068,GJT,DEN,752,747.0,-5.0,10.0,757.0,848.0,5.0,910,853.0,-17.0,0.0,,0.0,78.0,66.0,51.0,212.0,,,,,,
2009-01-01,YV,7078,GJT,DEN,1157,1152.0,-5.0,6.0,1158.0,1246.0,6.0,1312,1252.0,-20.0,0.0,,0.0,75.0,60.0,48.0,212.0,,,,,,
2009-01-01,YV,7103,GJT,DEN,1640,1654.0,14.0,12.0,1706.0,1758.0,32.0,1755,1830.0,35.0,0.0,,0.0,75.0,96.0,52.0,212.0,35.0,0.0,0.0,0.0,0.0,
2009-01-01,YV,7198,GJT,DEN,1939,1933.0,-6.0,9.0,1942.0,2031.0,8.0,2054,2039.0,-15.0,0.0,,0.0,75.0,66.0,49.0,212.0,,,,,,
2009-01-01,YV,7224,GJT,DEN,1520,1517.0,-3.0,12.0,1529.0,1622.0,6.0,1635,1628.0,-7.0,0.0,,0.0,75.0,71.0,53.0,212.0,,,,,,
2009-01-01,YV,2899,GJT,PHX,810,805.0,-5.0,15.0,820.0,1010.0,7.0,1018,1017.0,-1.0,0.0,,0.0,128.0,132.0,110.0,438.0,,,,,,
2009-01-01,YV,2904,GJT,PHX,1207,1320.0,73.0,16.0,1336.0,1441.0,9.0,1342,1450.0,68.0,0.0,,0.0,95.0,90.0,65.0,438.0,68.0,0.0,0.0,0.0,0.0,
2009-01-01,YV,2906,GJT,PHX,1815,1815.0,0.0,10.0,1825.0,2005.0,10.0,2019,2015.0,-4.0,0.0,,0.0,124.0,120.0,100.0,438.0,,,,,,
2009-01-01,YV,7082,GRB,ORD,1130,1115.0,-15.0,7.0,1122.0,1158.0,7.0,1232,1205.0,-27.0,0.0,,0.0,62.0,50.0,36.0,174.0,,,,,,
2009-01-01,YV,7284,GRB,ORD,1814,1758.0,-16.0,13.0,1811.0,1845.0,7.0,1916,1852.0,-24.0,0.0,,0.0,62.0,54.0,34.0,174.0,,,,,,
2009-01-01,YV,7299,GRB,ORD,1418,1443.0,25.0,23.0,1506.0,1552.0,6.0,1520,1558.0,38.0,0.0,,0.0,62.0,75.0,46.0,174.0,0.0,0.0,13.0,0.0,25.0,
2009-01-01,YV,7192,GRR,ORD,1602,1602.0,0.0,6.0,1608.0,1545.0,4.0,1600,1549.0,-11.0,0.0,,0.0,58.0,47.0,37.0,137.0,,,,,,
2009-01-01,YV,7196,GRR,ORD,1119,1109.0,-10.0,8.0,1117.0,1047.0,6.0,1118,1053.0,-25.0,0.0,,0.0,59.0,44.0,30.0,137.0,,,,,,
2009-01-01,YV,2603,GSO,CLT,1816,1810.0,-6.0,26.0,1836.0,1907.0,8.0,1909,1915.0,6.0,0.0,,0.0,53.0,65.0,31.0,83.0,,,,,,
2009-01-01,YV,2619,GSO,CLT,1418,1410.0,-8.0,18.0,1428.0,1450.0,7.0,1508,1457.0,-11.0,0.0,,0.0,50.0,47.0,22.0,83.0,,,,,,
2009-01-01,YV,2639,GSO,CLT,710,705.0,-5.0,15.0,720.0,740.0,10.0,801,750.0,-11.0,0.0,,0.0,51.0,45.0,20.0,83.0,,,,,,
2009-01-01,YV,7142,GSP,IAD,1430,1438.0,8.0,17.0,1455.0,1556.0,5.0,1553,1601.0,8.0,0.0,,0.0,83.0,83.0,61.0,383.0,,,,,,
2009-01-01,YV,7148,GSP,IAD,1852,1848.0,-4.0,7.0,1855.0,1953.0,4.0,2015,1957.0,-18.0,0.0,,0.0,83.0,69.0,58.0,383.0,,,,,,
2009-01-01,YV,1031,HNL,ITO,1330,1400.0,30.0,17.0,1417.0,1452.0,3.0,1415,1455.0,40.0,0.0,,0.0,45.0,55.0,35.0,216.0,0.0,0.0,40.0,0.0,0.0,
2009-01-01,YV,1034,HNL,ITO,720,710.0,-10.0,12.0,722.0,758.0,7.0,809,805.0,-4.0,0.0,,0.0,49.0,55.0,36.0,216.0,,,,,,
2009-01-01,YV,1036,HNL,ITO,1135,1133.0,-2.0,12.0,1145.0,1221.0,3.0,1224,1224.0,0.0,0.0,,0.0,49.0,51.0,36.0,216.0,,,,,,
2009-01-01,YV,1038,HNL,ITO,1530,1555.0,25.0,12.0,1607.0,1653.0,4.0,1619,1657.0,38.0,0.0,,0.0,49.0,62.0,46.0,216.0,0.0,0.0,38.0,0.0,0.0,
2009-01-01,YV,1040,HNL,ITO,1935,1920.0,-15.0,16.0,1936.0,2018.0,4.0,2024,2022.0,-2.0,0.0,,0.0,49.0,62.0,42.0,216.0,,,,,,
2009-01-01,YV,1950,HNL,ITO,640,638.0,-2.0,12.0,650.0,727.0,5.0,729,732.0,3.0,0.0,,0.0,49.0,54.0,37.0,216.0,,,,,,
2009-01-01,YV,1964,HNL,ITO,1750,1814.0,24.0,6.0,1820.0,1905.0,5.0,1839,1910.0,31.0,0.0,,0.0,49.0,56.0,45.0,216.0,0.0,0.0,31.0,0.0,0.0,
2009-01-01,YV,1001,HNL,KOA,730,725.0,-5.0,10.0,735.0,800.0,3.0,810,803.0,-7.0,0.0,,0.0,40.0,38.0,25.0,163.0,,,,,,
2009-01-01,YV,1003,HNL,KOA,1130,1204.0,34.0,10.0,1214.0,1242.0,4.0,1210,1246.0,36.0,0.0,,0.0,40.0,42.0,28.0,163.0,36.0,0.0,0.0,0.0,0.0,
2009-01-01,YV,1007,HNL,KOA,1930,2006.0,36.0,9.0,2015.0,2043.0,5.0,2010,2048.0,38.0,0.0,,0.0,40.0,42.0,28.0,163.0,38.0,0.0,0.0,0.0,0.0,
2009-01-01,YV,1016,HNL,KOA,1535,1620.0,45.0,17.0,1637.0,1708.0,4.0,1615,1712.0,57.0,0.0,,0.0,40.0,52.0,31.0,163.0,57.0,0.0,0.0,0.0,0.0,
2009-01-01,YV,1023,HNL,KOA,910,908.0,-2.0,10.0,918.0,947.0,3.0,950,950.0,0.0,0.0,,0.0,40.0,42.0,29.0,163.0,,,,,,
2009-01-01,YV,1026,HNL,KOA,1330,1411.0,41.0,16.0,1427.0,1455.0,3.0,1410,1458.0,48.0,0.0,,0.0,40.0,47.0,28.0,163.0,48.0,0.0,0.0,0.0,0.0,
2009-01-01,YV,1028,HNL,KOA,1730,1720.0,-10.0,7.0,1727.0,1803.0,3.0,1810,1806.0,-4.0,0.0,,0.0,40.0,46.0,36.0,163.0,,,,,,
2009-01-01,YV,1030,HNL,KOA,2133,2208.0,35.0,14.0,2222.0,2250.0,5.0,2213,2255.0,42.0,0.0,,0.0,40.0,47.0,28.0,163.0,42.0,0.0,0.0,0.0,0.0,
2009-01-01,YV,1004,HNL,LIH,1335,1355.0,20.0,18.0,1413.0,1434.0,6.0,1414,1440.0,26.0,0.0,,0.0,39.0,45.0,21.0,102.0,0.0,0.0,26.0,0.0,0.0,
2009-01-01,YV,1006,HNL,LIH,1745,1800.0,15.0,12.0,1812.0,1833.0,6.0,1824,1839.0,15.0,0.0,,0.0,39.0,39.0,21.0,102.0,0.0,0.0,15.0,0.0,0.0,
2009-01-01,YV,1024,HNL,LIH,1135,1135.0,0.0,10.0,1145.0,1210.0,5.0,1214,1215.0,1.0,0.0,,0.0,39.0,40.0,25.0,102.0,,,,,,
2009-01-01,YV,1027,HNL,LIH,1535,1615.0,40.0,12.0,1627.0,1647.0,8.0,1614,1655.0,41.0,0.0,,0.0,39.0,40.0,20.0,102.0,0.0,0.0,41.0,0.0,0.0,
2009-01-01,YV,1035,HNL,LIH,935,1020.0,45.0,11.0,1031.0,1051.0,3.0,1014,1054.0,40.0,0.0,,0.0,39.0,34.0,20.0,102.0,40.0,0.0,0.0,0.0,0.0,
2009-01-01,YV,1929,HNL,LIH,2132,2200.0,28.0,10.0,2210.0,2231.0,8.0,2213,2239.0,26.0,0.0,,0.0,41.0,39.0,21.0,102.0,0.0,0.0,26.0,0.0,0.0,
2009-01-01,YV,1010,HNL,OGG,730,730.0,0.0,10.0,740.0,800.0,4.0,805,804.0,-1.0,0.0,,0.0,35.0,34.0,20.0,100.0,,,,,,
2009-01-01,YV,1011,HNL,OGG,935,925.0,-10.0,5.0,930.0,951.0,4.0,1010,955.0,-15.0,0.0,,0.0,35.0,30.0,21.0,100.0,,,,,,
2009-01-01,YV,1012,HNL,OGG,1135,1130.0,-5.0,17.0,1147.0,1215.0,3.0,1210,1218.0,8.0,0.0,,0.0,35.0,48.0,28.0,100.0,,,,,,
2009-01-01,YV,1017,HNL,OGG,1735,1820.0,45.0,11.0,1831.0,1853.0,6.0,1810,1859.0,49.0,0.0,,0.0,35.0,39.0,22.0,100.0,49.0,0.0,0.0,0.0,0.0,
2009-01-01,YV,1018,HNL,OGG,1940,2025.0,45.0,8.0,2033.0,2055.0,5.0,2015,2100.0,45.0,0.0,,0.0,35.0,35.0,22.0,100.0,45.0,0.0,0.0,0.0,0.0,
2009-01-01,YV,1037,HNL,OGG,1350,1355.0,5.0,22.0,1417.0,1438.0,7.0,1425,1445.0,20.0,0.0,,0.0,35.0,50.0,21.0,100.0,0.0,0.0,20.0,0.0,0.0,
