,id,retweet_count,reply_count,like_count,url,date,bag_of_phrases
0,1512064169222287361,723,168,2974,https://nyti.ms/3KkLZrK,2022-04-07 09:46:05-04:00,"['$', '42', '46', 'accord', 'aim', 'antiquity', 'art', 'artwork', 'assistance', 'authority', 'border_crossing', 'brussels', 'complete', 'confirm', 'consult', 'contain', 'container', 'continue', 'contravene', 'cooperation', 'custom', 'customs', 'department', 'detail', 'director', 'display', 'e.u.', 'east', 'enforcement', 'estimate', 'european_commission', 'european_union', 'exhibition', 'feature', 'finland', 'finnish', 'foreign_ministry', 'form', 'friday', 'gallery', 'gatchina', 'gathering', 'hermitage', 'image', 'include', 'information', 'insurance', 'international', 'investigation', 'italy', 'japan', 'large', 'list', 'loan', 'mika', 'milan', 'million', 'million_euro', 'ministry', 'museum', 'museum_art', 'museum_modern', 'mutual', 'news_agency', 'news_conference', 'news_release', 'painting', 'paragraph', 'parkkonen', 'pavlovsk', 'piazza', 'piece', 'possible', 'preliminary', 'provide', 'rakshit', 'report', 'request', 'reserve', 'reuters', 'russia', 'russia_invasion_ukraine', 'russian', 'sami', 'sanction', 'sanction_impose', 'saturday', 'scala', 'sculpture', 'seize', 'seizure', 'selo', 'service', 'shipment', 'spokesman', 'start', 'state', 'statement', 'stop', 'subject', 'suspect', 'tass', 'telephone_interview', 'tell_reporter', 'transport', 'tretyakov', 'tsarskoye', 'tulli', 'udine', 'vaalimaa', 'value', 'website', 'wednesday', 'wooden', 'work']"
1,1488331283226894340,42,16,139,https://nyti.ms/3rfxPAS,2022-01-31 21:00:04-05:00,"['2003', '2015', '2018', '2030', '20_percent', '60_percent', '90_percent', '97', 'access', 'accord', 'accord_people_familiar', 'achieve_goal', 'activity', 'add', 'additional', 'administration', 'administration_official', 'advance', 'adviser', 'agency', 'agree', 'agreement', 'akbar', 'ali', 'allow', 'amass', 'america', 'american', 'american_citizen', 'american_official', 'americans', 'anger', 'anonymity', 'appear', 'ardent', 'arrangement', 'arrest', 'assassinate', 'assurance', 'atomic_energy', 'attempt', 'ayatollah', 'b.', 'bad', 'begin', 'believe', 'biden', 'biden_administration', 'big', 'billion_dollar', 'bind', 'blinken', 'blow', 'body', 'bomb', 'breach', 'britain_france', 'build', 'buy', 'buyer', 'campaign', 'campaign_promise', 'cap', 'capability', 'case', 'caution', 'charge', 'chief_executive', 'china', 'clean', 'clear', 'close', 'coffer', 'come', 'commit', 'compliance', 'conference', 'continue', 'counter', 'country', 'create', 'critic', 'cusp', 'dangle', 'deal', 'decide', 'decision', 'defense', 'defer', 'demand', 'democracies', 'democrats_republicans', 'dennis', 'deny', 'design', 'destructive', 'detail', 'development', 'director_general', 'discard', 'discuss', 'dismantle', 'dismissive', 'dispose', 'double', 'dubowitz', 'ebrahim', 'economic', 'economy', 'element', 'eliminate', 'end', 'energy', 'enrich', 'enriched', 'enrichment', 'envision', 'equipment', 'european_ally', 'european_leader', 'european_union', 'evade', 'evidence', 'exchange', 'exit', 'expire', 'extension', 'facility', 'fact', 'fail', 'final', 'finance', 'flawed', 'flow', 'force', 'foreign_ministry', 'foundation', 'free', 'fuel', 'fulfill', 'funding', 'germany', 'government', 'grossi', 'halt', 'hard_liner', 'head', 'help', 'hold', 'idea', 'include', 'inspect', 'inspector', 'intelligence', 'intelligence_agency', 'international_atomic', 'iran', 'iranian', 'iranians', 'israel', 'israeli', 'issue', 'key', 'khamenei', 'lead', 'leader', 'leadership', 'leave', 'level', 'lift', 'limit', 'long', 'longtime', 'major', 'mark', 'material', 'mean', 'meet', 'middle_east', 'midterm_election', 'military', 'mind', 'missile', 'missile_test', 'monday', 'month', 'necessary', 'need', 'negotiating', 'negotiation', 'negotiator', 'new', 'news_report', 'nuclear', 'nuclear_arm', 'nuclear_weapon', 'obama_administration', 'objection', 'offer', 'office', 'official', 'official_speak_condition', 'oil', 'old', 'open', 'organization', 'original', 'oversee', 'overturn', 'participate', 'path', 'pathway', 'patient', 'percent', 'player', 'point', 'policy', 'political', 'power', 'predecessor', 'prepared', 'president', 'president_biden', 'president_donald_j._trump', 'pressure', 'previous', 'prisoner', 'problem', 'produce', 'production', 'program', 'project', 'promise', 'provide', 'proxy', 'public', 'purify', 'race', 'rafael', 'raisi', 'ramp', 'reach', 'reconstitute', 'refuse', 'regime', 'region', 'reimpose', 'reject', 'release', 'relief', 'remain', 'renege', 'reprieve', 'republican', 'republicans', 'resistant', 'respond', 'restoration', 'restore', 'restriction', 'result', 'resume', 'return', 'risk', 'ross', 'russia', 'sabotage', 'salehi', 'sanction', 'scientist', 'seal', 'second', 'secretary_state_antony_j.', 'seek', 'senior', 'senior_administration_official', 'sensitivity', 'sentence', 'shift', 'ship', 'shortcoming', 'signal', 'significant', 'skeptical', 'smuggle', 'speak_reporter', 'stage', 'state_department', 'stave', 'stir', 'stockpile', 'stretch', 'strike', 'strong', 'support', 'supreme', 'sure', 'suspend', 'swap', 'syrian_regime', 'table', 'talk', 'tehran', 'tell', 'term', 'terrorist_group', 'thing', 'think_tank', 'time', 'trump', 'trump_administration', 'try_persuade', 'u.s.', 'uncertain', 'unclear', 'united_nations', 'united_states', 'unrest', 'uranium', 'use', 'verifie', 'violate', 'violation', 'volume', 'vote', 'vow', 'vulnerability', 'wait', 'warn', 'washington', 'way', 'white_house', 'willing', 'withdraw', 'work', 'write', 'year', '’']"
2,1510781717744914441,24,16,245,https://nyti.ms/3NKR4Mc,2022-04-03 20:50:05-04:00,"['2020', '6', '6_2021', 'adjust', 'album', 'antagonist', 'appear', 'appearance', 'autobiographical', 'award', 'baby', 'billie', 'blockbuster', 'braggadocious', 'breakout', 'bts', 'buoyant', 'clap', 'come', 'controversy', 'cycle', 'cyrus', 'dead', 'dec.', 'december', 'delete', 'diplo', 'entertain', 'fan', 'festival', 'flurry', 'frequent', 'generate', 'good', 'grammys', 'guest', 'happy', 'harlow', 'hit', 'home', 'host', 'include', 'industry', 'internet', 'jack_harlow', 'joke', 'kids', 'know', 'lil_nas', 'listener', 'louisville', 'march', 'mason', 'melodic', 'mid_-', 'miss', 'missing', 'montero', 'month', 'new', 'nominate', 'nomination', 'old', 'online', 'open', 'perform', 'performance', 'pink', 'pop', 'poppin', 'post', 'preferred', 'ramsey', 'rap', 'rapper', 'ray', 'read', 'receive', 'reference', 'release', 'remixe', 'return', 'road', 's', 'shirtless', 'skirt', 'smash', 'snippet', 'social_medium_platform', 'song', 'stage', 'start', 'streaming', 'stumble', 'sunday_night', 'sync', 'test_positive_coronavirus', 'timeline', 'town', 'tweet', 'twitter', 'use', 'virtuosic', 'win', 'worry', 'x', 'year']"
3,1483514600406540288,56,22,237,https://nyti.ms/3IhrsTk,2022-01-18 14:00:17-05:00,"[' ', '$', '$_1.2', '$_1.4', '$_1.5', '$_1.6', '$_150', '$_1_billion', '$_2.2', '$_25', '$_2_billion', '$_3,000', '$_45', '$_5', '$_7', '100,000', '15_percent', '17_percent', '18_month', '1_million', '2022', '2023', '2027', '21.6', '216.3', '220', '23', '26.5', '2_percent', '3.1', '300,000', '31.3', '32.8', '4.3', '400,000', '425', '479,000', '6_percent', '7_percent', '81', '9.4', '970', 'accelerate', 'access', 'accord', 'add', 'additional', 'address', 'advocate', 'affect', 'aid', 'albany_n.y.', 'alienate', 'allegation', 'allocate', 'allow', 'amass', 'amazing', 'analyst', 'andrew', 'annual', 'apply', 'approve', 'april_1', 'art', 'ascent', 'assistance', 'assume', 'august', 'average', 'bail', 'balance', 'balanced', 'ballooning', 'base', 'begin', 'benefit', 'benjamin', 'billion', 'billion_dollar', 'black_voter', 'bonus', 'boost', 'bounce', 'break', 'bridge', 'bring', 'bronx', 'budget', 'budget_proposal', 'buffalo', 'buffalo_bills', 'build', 'buoy', 'business', 'california', 'campaign', 'campaign_contribution', 'cap', 'capital', 'casino', 'cause', 'cavorting', 'census', 'center', 'certain', 'challenger', 'chance', 'change', 'child_care', 'citizens', 'city', 'clear', 'coffer', 'commission', 'commit', 'competitive', 'component', 'concern', 'conservative', 'constitutional_amendment', 'contribute', 'control', 'convict', 'coronavirus', 'cost', 'country', 'create', 'credit', 'crime', 'criminal', 'criticize', 'crucial', 'cuomo', 'current', 'cut', 'david_a.', 'deal', 'decimate', 'defendant', 'deficit', 'defy', 'delineate', 'democrat', 'democratic', 'democratic_lawmaker', 'democratic_party', 'describe', 'desire', 'destiny', 'determine', 'devastation', 'difficult', 'director', 'division', 'dollar', 'downstate', 'earn_$', 'earner', 'economic', 'economic_recovery', 'education', 'elderly', 'elect_official', 'election', 'embrace', 'emphasize', 'empire', 'end', 'endorsement', 'enviable', 'era', 'erie_county', 'evaporate', 'evidence', 'example', 'exhausted', 'exist', 'expand', 'expect', 'expenditure', 'expense', 'expert', 'express', 'extend', 'face', 'facility', 'family', 'fear', 'federal', 'federal_reserve', 'feeding', 'fight', 'figure', 'finance', 'financial', 'find', 'fiscal', 'fiscal_year', 'flee', 'flounder', 'force', 'forecast', 'fortune', 'frenzy', 'fund', 'funding', 'future', 'gap', 'generation', 'glide', 'good', 'gov.', 'gov._andrew', 'gov._brian', 'gov._kathy_hochul', 'govern', 'governor', 'great', 'grim', 'hangover', 'haul', 'health', 'health_care', 'help', 'high', 'highway', 'historic', 'hochu', 'hochul', 'homeowner', 'hope', 'household', 'housing_unit', 'hunts', 'hurt', 'immediate', 'impose', 'improve', 'improvement', 'include', 'income', 'income_tax', 'increase', 'independent', 'indictment', 'inflation', 'influx', 'infrastructure', 'infusion', 'initiative', 'intend', 'interstate', 'investment', 'item', 'jumaane', 'june', 'labor_shortage', 'large', 'law', 'lawmaker', 'lead', 'lean', 'left', 'legislature', 'leverage', 'license', 'likely', 'limit', 'line', 'linger', 'long_term', 'look', 'lose', 'loss', 'low', 'low-', 'lt_.', 'm._cuomo', 'majority', 'making', 'manhattan', 'marijuana', 'mask', 'mayoral', 'measure', 'medicaid', 'mere', 'middle_income', 'migrate', 'migration', 'million', 'missed', 'mix', 'moment', 'money', 'month', 'muddle', 'mujica', 'musical', 'national', 'near', 'need', 'negotiate', 'negotiation', 'new', 'new_york', 'new_york_city', 'nonfiscal', 'number', 'nursing_home', 'obscure', 'offender', 'offense', 'office', 'official', 'open', 'operating', 'opponent', 'opportunity', 'optimistic', 'outlay', 'outlet', 'outline', 'outlook', 'overall', 'pandemic', 'pass', 'past_year', 'paterson', 'path', 'pave', 'pay', 'peninsula', 'people', 'percent', 'peter', 'pick', 'place', 'plan', 'point', 'policy', 'politic', 'population', 'position', 'possibility', 'pothole', 'predecessor', 'predict', 'prepandemic_level', 'prepare', 'preserve', 'president', 'previous', 'primary', 'priority', 'problem', 'process', 'program', 'project', 'projection', 'property', 'proposal', 'propose', 'provide', 'public', 'publish', 'qualify', 'question', 'raft', 'raise_$', 'raise_interest_rate', 'reach_agreement', 'rebate', 'rebound', 'receipt', 'receive', 'recession', 'recommend', 'record', 'recovery', 'recur', 'redefine', 'rein', 'relate', 'relative', 'release', 'reliant', 'relief', 'rely', 'remain', 'remote_work', 'rent', 'repeat', 'replace', 'require', 'research', 'reserve', 'resign', 'restriction', 'retail_sale', 'return', 'reveal', 'revenue', 'reverse', 'rewrite', 'ride', 'rise', 'risk', 'robert', 'rosy', 'rule', 'run', 'run_mate', 'school', 'sector', 'seek', 'series', 'serve', 'set', 'sexual_harassment', 'shore', 'shortfall', 'shutdown', 'signal', 'significant', 'skill', 'small', 'small_business', 'social', 'solution', 'spend', 'spend_$', 'spending', 'spur', 'stability', 'stadium', 'state', 'state_legislature', 'stem', 'story', 'strengthen', 'struggle', 'subject', 'subsidize', 'substantial', 'suggest', 'support', 'surging', 'surplus', 'syracuse', 'system', 'talk', 'target', 'tax', 'tax_cut', 'tax_rate', 'tax_revenue', 'taxpayer', 'team', 'telegraph', 'temporary', 'tense', 'term', 'thing', 'think_tank', 'threshold', 'tighten', 'time', 'total_$', 'transit', 'trend', 'trouble', 'tuesday', 'tuition', 'uncertainty', 'undocumented', 'unemployment_rate', 'university', 'unscathed', 'unsustainable', 'use', 'usher', 'vessel', 'vigorous', 'walk', 'warn', 'warren', 'watchdog', 'way', 'wealthy', 'week', 'williams', 'win', 'windfall', 'work', 'worker', 'year', '’']"
4,1479841992829980682,62,36,203,https://nyti.ms/3HN4N1a,2022-01-08 10:46:39-05:00,"['13', '95_percent', 'absence', 'act', 'adapt', 'add', 'adjust', 'admit', 'adverse', 'adviser', 'alarming', 'allow', 'anticipate', 'appear', 'area', 'asymptomatic', 'available', 'avoid', 'bed', 'begin', 'behavior', 'bloomberg', 'booster_shoot', 'break', 'capacity', 'care', 'case', 'case_count', 'case_hospitalization', 'cash', 'cause_severe', 'caution', 'center', 'change', 'characteristic', 'circumstance', 'clear', 'climb', 'come', 'community', 'complete', 'connecticut', 'consequence', 'continue', 'contribute', 'coronavirus_case', 'coronavirus_infection', 'council', 'count', 'country', 'coverage', 'covid', 'covid-19', 'covid_patient', 'critical', 'date', 'datum', 'david', 'day', 'death', 'decision', 'delta', 'delta_surge', 'department', 'detail', 'disease', 'distinguish', 'doctor', 'double', 'dowdy', 'dr.', 'early', 'elective_surgery', 'emergency_room', 'encourage', 'end', 'epidemiologist', 'epidemiologist_university', 'epidemiologists', 'evidence_suggest', 'exacerbate', 'executive_director', 'experience', 'expert', 'expert_caution', 'explain', 'explosive', 'eye', 'fall', 'familiar', 'federal', 'figure', 'file', 'flaw', 'follow', 'fresh', 'gauge', 'global', 'goldwasser', 'good', 'growth', 'half', 'hamilton', 'happen', 'health_care_system', 'health_organization', 'height', 'high', 'high_level', 'hit', 'home', 'hope', 'horrible', 'hospital', 'hospitalization', 'hospitalization_death', 'i.c.u.', 'ill', 'illness', 'impact', 'improve', 'incidental', 'include', 'increase', 'individual', 'indoor', 'infect', 'infection', 'intensive_care', 'intensive_care_unit', 'interpret', 'janet', 'jason', 'johns_hopkins', 'know', 'l.', 'lag', 'lead', 'length', 'level', 'limit_access', 'linkage', 'long_time', 'look', 'lot', 'major', 'majority', 'massachusetts', 'matter', 'mean', 'measure', 'medical_center', 'medical_treatment', 'metric', 'midst', 'midwest', 'mild', 'milder', 'monitor', 'month', 'mortality', 'muddy_water', 'national', 'necessary', 'need', 'new_jersey', 'new_york', 'northeast', 'note', 'number', 'observe', 'office', 'omicron', 'omicron_infection', 'omicron_variant', 'order', 'outcome', 'overall', 'overburden', 'overwhelm', 'pandemic', 'past_week', 'patient', 'pattern', 'peak', 'people', 'people_hospitalize', 'perspective', 'place', 'policy', 'popular', 'pose_risk', 'possible', 'precarious', 'predict', 'prevalent', 'prevent_infection', 'previous', 'primary', 'proportion', 'protect', 'protect_vulnerable', 'public_health', 'public_health_expert', 'reach', 'record', 'recover', 'reduce', 'report', 'resolve', 'result', 'rise', 'risk', 'salemi', 'save_life', 'school_public_health', 'senior', 'serve', 'severe', 'severe_disease', 'severe_illness', 'shama', 'sharp', 'shatter', 'sheer', 'shortage', 'shut', 'sick', 'sign', 'significant', 'situation', 'small', 'south_africa', 'south_florida', 'spread', 'staffer', 'staggering', 'state', 'stay', 'strain', 'suggest', 'surge', 'surpass', 'system', 'tear', 'technical', 'tell', 'tend', 'territorial', 'test', 'test_positive', 'testing', 'think', 'time', 'track', 'transmissible', 'treat', 'trend', 'troubling', 'try', 'u.s.', 'undercounted', 'understaffe', 'understand', 'united_states', 'unprecedented', 'urgent_care', 'vaccinate', 'vaccination', 'vaccination_rate', 'vaccine', 'variant', 'vary', 'ventilator', 'volume', 'wait', 'warning', 'wave', 'way', 'wear_mask', 'week', 'year', 'yes', '’']"
5,1502703436982276099,36,15,132,http://www.nytimes.com/chinatown-signs,2022-03-12 12:49:52-05:00,"[' ', '-', '/', '100', '101', '11', '15,000', '155', '1840', '1869', '1883', '1960', '1960s', '1965', '1966', '1969', '1972', '1980', '1984', '1985', '200', '2001', '2020_census', '21st_century', '32nd', '40', '50', '60', '70,000', '700', '@denisedslu', '@erinreiss', 'aaron', 'accommodate', 'accord', 'act', 'advocacy', 'advocate', 'affordable_housing', 'aftermath', 'agree', 'aim', 'alana', 'allude', 'alphabet', 'america', 'american', 'americans', 'andrew', 'animus', 'anti_-', 'appear', 'archives', 'area', 'arrival', 'arrive', 'article_misstate', 'asian', 'asians', 'ask', 'assist', 'association', 'attack', 'attempt', 'attend', 'attention', 'authority', 'avenue', 'aware', 'balloon', 'base', 'begin', 'benevolent_association', 'bilingual', 'bilingual_sign', 'bilingual_street', 'block', 'blow', 'board', 'body', 'boli', 'boom', 'boundary', 'bowery', 'box', 'bridge', 'brooklyn_queens', 'bureaucracy', 'business', 'business_owner', 'bustling', 'buzzcut', 'c', 'calligraphy', 'canton', 'carry', 'cater', 'cellphone', 'center', 'century', 'chamber_commerce', 'change', 'channel', 'character', 'chatham', 'chatham_square', 'cheng', 'chew', 'child', 'chin', 'china', 'chinatown', 'chinese', 'chinese_consolidated', 'chinese_immigrant', 'choose', 'chris', 'city', 'clapping', 'closure', 'co_-', 'college', 'colloquial', 'columbo', 'come', 'command', 'commercial', 'commission', 'commissioner', 'committee', 'common', 'communist', 'community', 'conduit', 'consider', 'construction', 'context', 'contribute', 'control', 'controversy', 'core', 'corpse', 'correspondence', 'country', 'countryman', 'court', 'courtesy', 'cover', 'covid', 'create', 'cui', 'cultural_center', 'culture', 'cumulative', 'd.o.t.', 'damage', 'datum', 'david', 'day', 'dead', 'deal', 'decade', 'decision', 'declare', 'decline', 'decrease', 'demand', 'demonstration', 'denise_lu', 'department', 'department_transportation', 'deputy', 'deputy_commissioner', 'design', 'dessert', 'destination', 'destroy', 'devices', 'dialect', 'diaspora', 'different', 'dim', 'disappear', 'discrimination', 'displacement', 'dispute', 'diverse', 'diversity', 'division', 'dot', 'double', 'draw', 'drive', 'dwindle', 'early', 'early_1970', 'early_version', 'eastern', 'easy', 'economy', 'edit', 'editing', 'editor', 'education', 'effect', 'effigy', 'effort', 'encompass', 'endorsement', 'english', 'english_language', 'era', 'estimate', 'ethnic', 'evolution', 'example', 'exercise', 'exodus', 'expand', 'experience', 'explain', 'extent', 'eye', 'face', 'facility', 'fact', 'fade', 'fail', 'family', 'famous', 'fast', 'feature', 'feel', 'figure', 'fill', 'final', 'find', 'flag', 'flood', 'florist', 'flutter', 'focus', 'follow', 'fong', 'foo', 'footprint', 'foreign', 'form', 'formal', 'found', 'fuel', 'fujianese', 'function', 'funeral', 'game', 'garment', 'gentrification', 'geographic', 'government', 'governmental', 'graphic', 'gray', 'grid', 'group', 'grow', 'grow_number', 'growth', 'guangzhou', 'gurin', 'half', 'hand', 'hang', 'hanlu', 'headquarters', 'heart', 'help', 'highways', 'hinderaker', 'historic', 'history', 'homage', 'home', 'horrendous', 'host', 'hurdle', 'idea', 'ignore', 'immense', 'immigrant', 'immigrate', 'immigration', 'include', 'increase', 'industry', 'influence', 'influx', 'informal', 'infrastructure', 'instagrammable', 'instal', 'install', 'instruction', 'intersection', 'interview_article', 'investment', 'involve', 'issue', 'italy', 'jail', 'jerry', 'jing', 'job_posting', 'joseph', 'journalist', 'june', 'kind', 'knock', 'know', 'knowledge', 'korea', 'koreatown', 'labor', 'laborer', 'landing', 'language', 'lao', 'laoban', 'large', 'late', 'late_1960', 'latin', 'laugh', 'laveglia', 'layer', 'lead', 'leader', 'leave', 'lecture', 'legal', 'legible', 'li', 'liaison', 'libo', 'life', 'line', 'ling', 'little', 'liu', 'live', 'local', 'local_resident', 'loisaida', 'longtime', 'look', 'lose', 'lot', 'louttit', 'low_manhattan', 'lower_east', 'lucy', 'main', 'maintain', 'majority', 'mandarin', 'mandarin-', 'manhattan', 'manhattan_chinatown', 'manual', 'man曼ha哈dun顿manhattan', 'map', 'mapmaker', 'mapping', 'margin', 'market', 'massive', 'match', 'mean', 'mee', 'meet', 'meghan', 'mian', 'migrate', 'million', 'mobile', 'month', 'morales', 'mott', 'mulberry', 'multimedia', 'museum', 'navigate', 'neighborhood', 'new', 'new_york', 'new_york_city', 'new_york_times', 'new_yorkers', 'newspaper', 'non_-', 'novel', 'number', 'office', 'official', 'old', 'open', 'order', 'organization', 'organizer', 'organizing', 'overhaul', 'pad', 'pandemic', 'paper', 'park', 'pass', 'passage', 'patrick', 'peak', 'pell', 'people', 'permanent', 'personal', 'petition', 'photo', 'photograph', 'piece', 'place', 'plaid', 'planner', 'plazas', 'police', 'police_officer', 'politician', 'population', 'portion', 'power', 'practice', 'precinct', 'present', 'president', 'press_secretary', 'pressure', 'print', 'priority', 'problem', 'proceeding', 'product', 'production', 'program', 'prominence', 'pronunciation', 'property_owner', 'protest', 'provide', 'proxy', 'public', 'public_library', 'public_transit', 'puerto_rican', 'pursue', 'push', 'pushback', 'quick', 'racial', 'racist', 'railroad', 'rapid_growth', 'reach', 'read', 'real_estate', 'realize', 'recent', 'recent_year', 'recognition', 'record', 'recording', 'recruit', 'reflect', 'region', 'reiss', 'relation', 'relegate', 'reliable', 'relief', 'rely', 'remain', 'remember', 'remove', 'rent', 'replace', 'report', 'represent', 'republic', 'research', 'researcher', 'resident', 'restaurant', 'result', 'revolution', 'rezoning', 'rhetoric', 'richard_nixon', 'rise', 'romanization', 'rong', 'row', 's.y.', 'scholar', 'segment', 'send', 'sense', 'sept._11', 'serve', 'service', 'set', 'settle', 'shape', 'share', 'shirt', 'shop', 'shrink', 'sign', 'simple', 'simplified', 'single', 'singular', 'size', 'slip', 'snarled', 'sound', 'southern_region', 'space', 'speak', 'speak_english', 'speculation', 'spike', 'spread', 'start', 'state', 'stop', 'street', 'street_sign', 'street_vendor', 'streets', 'struggle', 'study', 'stumped', 'submission', 'subsequent', 'subway', 'suggest', 'sum', 'supervisory', 'supply', 'survey', 'syam', 'system', 'taiwan', 'talk', 'tan', 'tell_story', 'teng', 'thawing', 'think', 'thousand', 'thrive', 'time', 'today', 'toisan', 'toisanese_cantonese', 'tourist', 'traditional', 'traffic', 'transcontinental', 'transit', 'translate', 'translation', 'transportation_department', 'treatment', 'try', 'u.s.', 'u.s.-chinese', 'umi', 'understandable', 'unexpected', 'unfair', 'uniform', 'union', 'unique', 'united_states', 'unofficial', 'urban', 'use', 'variety', 'vary', 'vast', 'vibrant', 'view', 'violence', 'visceral', 'visit', 'visualization', 'voice', 'voting', 'wane', 'want', 'wave', 'way', 'wayfinding', 'west', 'western', 'wide', 'window', 'wong', 'word', 'work', 'write', 'writer', 'wu', 'xiansheng', 'xu', 'ya', 'year', 'young', 'yu', 'yun', 'zhang', '伍翠玲', '余梦', '出租', '张涵露', '李立波', '王淸福', '鄧雅云', '鄭向元', '陳美美', '타운', '한국']"
6,1495188719002914822,38,22,134,https://nyti.ms/34Lt7ml,2022-02-19 19:09:04-05:00,"['$_1,000', '-', '1,500', '1,700', '11:59', '1500', '15_year_old', '1700', '18_year_old', '2019', '2022', '23andme', '27', '83', 'absence', 'additional', 'affect', 'american', 'announce', 'appear', 'appreciate', 'assistance', 'attach', 'attend', 'author', 'bag', 'beginning', 'behavior', 'birth', 'blind', 'blog', 'body', 'brain', 'break', 'capitol', 'catastrophe', 'challenge', 'change', 'character', 'circumstance', 'click', 'climate', 'code', 'college', 'college_student', 'college_university', 'compatible', 'compensate', 'complete', 'composite', 'connect', 'consider', 'constant', 'consultation', 'contest', 'current', 'decade', 'different', 'difficult', 'divorce', 'doc', 'duffel', 'early', 'edit', 'eligible', 'email', 'entry', 'entwine', 'essay', 'essaycontest@nytimes.com', 'et', 'event', 'ex', 'exception', 'expect', 'experience', 'extraordinary', 'face', 'family', 'feel', 'finalist', 'free', 'global', 'good', 'graduate', 'hear', 'help', 'honest', 'host', 'house', 'husband', 'include', 'incomplete', 'increase', 'injure', 'interested', 'invent', 'learn', 'leave', 'legal', 'life', 'line', 'look', 'love', 'march', 'masculine', 'maternity_ward', 'medium', 'meet', 'memory', 'microsoft', 'miss', 'modern', 'month', 'movement', 'narrative', 'new', 'news_website', 'number', 'official', 'open', 'opportunity', 'oppressive', 'p.m.', 'pandemic', 'parent', 'past', 'paste', 'personal', 'piece', 'place', 'possible', 'prize', 'pseudonym', 'publish', 'racial_justice', 'read', 'reader', 'realize', 'receive', 'remember', 'repository', 'resident', 'resubmit', 'riot', 'rule', 'scene', 'secret', 'send', 'sense', 'sex', 'share', 'shop', 'situation', 'social', 'sole', 'span', 'spread', 'story', 'stranger', 'student', 'study', 'subject', 'submission', 'submit', 'surprising', 'technology', 'tell', 'tell_story', 'text', 'time', 'timeless', 'timely', 'title', 'topic', 'true', 'twin', 'undergraduate', 'unexpected', 'united_states', 'unpublished', 'unravel', 'use', 'vary', 'way', 'winner', 'woman', 'word', 'work', 'world', 'writer', 'year', '\u200bi']"
7,1491336125117616135,20,9,172,https://nyti.ms/3rwQNTU,2022-02-09 04:00:14-05:00,"['.', '._1', '1044', '12', '1982', '20th_century', '3_d', '40_year', '6', '865,000', '88', 'abandonment', 'ability', 'able', 'absent', 'access', 'accustomed', 'ache', 'achieve', 'achievement', 'acquit', 'act', 'acting', 'action', 'actor', 'addiction', 'adherent', 'admit', 'affair', 'affront', 'afraid', 'age', 'ahumanity', 'airport', 'alien', 'alienation', 'align', 'altered', 'amend', 'american', 'americans', 'ancient', 'angela', 'anguish', 'animal', 'anjelica', 'anne', 'anonymity', 'answer', 'answerless', 'antagonist', 'anticipate', 'anytime', 'apparent', 'appear', 'applause', 'application', 'appreciation', 'approximate', 'approximation', 'april', 'apt', 'arch', 'arm', 'arouse', 'arrive', 'art', 'artist', 'ashen', 'ask', 'assertion', 'asthma', 'attach', 'attack', 'attend', 'attendance', 'attention', 'audience', 'aunt', 'auspiciousness', 'australia', 'australian_government', 'avatar', 'aversion', 'await', 'awkwardness', 'baby', 'balance', 'ban', 'bar', 'base', 'bassett', 'beat', 'beauty', 'bedroom', 'belfast', 'belie', 'believe', 'bench', 'bereavement', 'bespeak', 'big', 'biochemical', 'biochemist', 'bit', 'black_man', 'blake', 'bloc', 'blubber', 'body', 'boil', 'book', 'boy', 'breach', 'break', 'breathe', 'bring', 'broadcast', 'brooklyn', 'brother', 'brow', 'brown', 'bullet', 'bumper', 'byproduct', 'calendar', 'calm', 'cameron', 'campaign', 'cap', 'capacity', 'case', 'catch', 'cathedral', 'century', 'ceremony', 'certain', 'certify', 'certitude', 'change', 'character', 'charge', 'chasm', 'check', 'child', 'chinese', 'choose', 'choreography', 'circumstantial', 'civilian', 'claim', 'clarify', 'classmate', 'cleave', 'clocker', 'close', 'closing', 'cloth', 'clothe', 'clown', 'cold', 'collapse', 'college', 'color', 'come', 'comfort', 'commingling', 'communal', 'compel', 'competition', 'complete', 'compound', 'concern', 'concrete', 'conduct', 'confer', 'conference_room', 'conjure', 'consideration', 'construe', 'contempt', 'context', 'contrition', 'convulsive', 'countenance', 'counterfeit', 'country', 'courtroom', 'crack', 'cracked', 'creature', 'crier', 'crime', 'crisis', 'critic', 'crocodile', 'cross', 'crowd', 'crucial', 'cruise', 'cry', 'crying', 'culminate', 'culpable', 'cultivate', 'culture', 'curiosity', 'cynical', 'daily', 'dam', 'damnation', 'daniil', 'dark', 'darken', 'daunte', 'davis', 'dawn', 'day', 'dead', 'dead_body', 'dead_wound', 'deadening', 'deal', 'death', 'debate', 'decent', 'decision', 'decline', 'decorousness', 'decorum', 'defeat', 'defend', 'defendant', 'defy', 'degree', 'delegate', 'delete', 'delight', 'deny', 'denzel_washington', 'derail', 'derek_chauvin', 'desert', 'designation', 'desire', 'despair', 'detail', 'devastation', 'die', 'die_covid-19', 'difficulty', 'dignify', 'dignity', 'disastrous', 'disbelief', 'discharge', 'disconnection', 'dislike', 'dismissal', 'display', 'disquiet', 'dissonant', 'distinction', 'distinguish', 'distress', 'divine', 'djokovic', 'dominant', 'double', 'dr.', 'drag', 'draw', 'dress', 'droll', 'drop', 'drug', 'druther', 'duct', 'dude', 'e.t.', 'easy', 'elbow', 'elect_official', 'elliott', 'embarrassment', 'emotion', 'emotional', 'empathy', 'end', 'engine', 'ensure', 'entire', 'equip', 'estranged', 'ethic', 'evade', 'event', 'evoke', 'exaltation', 'excel', 'excess', 'excuse', 'executive', 'exemption', 'exhilarating', 'exist', 'exonerate', 'expand', 'experience', 'experiment', 'explanation', 'exploitation', 'expression', 'extent', 'extinction', 'eye', 'face', 'facial', 'fail', 'fairness', 'fake', 'fall', 'family', 'faucet', 'feat', 'feel', 'feeling', 'feminine', 'ferocious', 'fiction', 'fight', 'final', 'finality', 'find', 'find_guilty', 'fine', 'fitter', 'flock', 'floyd', 'fluid', 'fold', 'fool', 'force', 'foreign', 'forget', 'forgo', 'fortune', 'frame', 'free', 'freeze', 'frey', 'friend', 'fruity', 'frustrate', 'funeral', 'furious', 'futility', 'gain', 'galactic', 'garner', 'gasp', 'gathering', 'generation', 'geranium', 'geri', 'gesticulate', 'gibson', 'gin', 'glenn', 'glory', 'good', 'government', 'grace', 'grade', 'grand_slam', 'grander', 'grandmother', 'great', 'greeks', 'grief', 'grieving', 'grifters', 'grow', 'guide', 'guile', 'guilty', 'gun', 'gush', 'gwyneth', 'hail', 'half', 'hallway', 'happen', 'happy', 'harbor', 'hard', 'hardship', 'harm', 'harsh', 'hathaway', 'hazmat', 'hazy', 'hear', 'heart', 'heartbreak', 'heave', 'helplessness', 'high', 'hillary_clinton', 'hinge', 'history', 'hit', 'holder', 'holly', 'hollywood', 'home', 'honesty', 'honor', 'horror', 'hour', 'house', 'howl', 'howling', 'hulk', 'human', 'humanity', 'hunt', 'hunter', 'huppert', 'hurt', 'huston', 'hygiene', 'ice', 'ill', 'imagery', 'imagination', 'imagine', 'immense', 'impair', 'imperialist', 'implicate', 'imply', 'impossible', 'inappropriate', 'include', 'indicate', 'indistinguishable', 'industry', 'inevitability', 'infinity', 'inhabit', 'inhuman', 'inhumanity', 'inquiry', 'insensitivity', 'insincerity', 'insist', 'instal', 'instance', 'instrument', 'insult', 'interview', 'invasion', 'invite', 'isabelle', 'issue', 'item', 'jackson', 'jacob', 'jag', 'james', 'january', 'jeering', 'jessica', 'joe_biden', 'journalistic', 'judge', 'julia', 'julianne', 'junior', 'jury', 'kenneth_branagh', 'kenosha', 'kill', 'kim', 'kind', 'kit', 'knee', 'knit', 'know', 'korean', 'kyle', 'lachrymosity', 'lacrimal', 'lange', 'language', 'languid', 'law', 'lawyer', 'lead', 'leader', 'lean', 'learn', 'leave', 'lee', 'legal', 'legislation', 'legitimacy', 'lend', 'let', 'lick', 'lie', 'life', 'like', 'little', 'load', 'lone', 'long', 'long_time', 'look', 'lose', 'loser', 'loss', 'lot', 'loud', 'love', 'lure', 'mad', 'mahalia', 'maintain', 'major', 'man', 'manage', 'mandate', 'manipulative', 'manner', 'manslaughter', 'marcellus', 'marked', 'mass', 'massacred', 'meadow', 'mean', 'medium', 'medvedev', 'mekhi', 'mel', 'melt', 'member', 'memorial', 'menu', 'mercy', 'merit', 'meryl_streep', 'message', 'method', 'middle', 'mighty', 'million_people', 'mind', 'minneapolis', 'minute', 'miscast', 'misplace', 'miss', 'mistake', 'mix', 'mock', 'moment', 'monitor', 'month', 'moore', 'moral', 'moribund', 'mother', 'mourner', 'mourning', 'mouth', 'movie', 'movie_theater', 'moviegoe', 'moviegoing', 'mucus', 'murder', 'murder_george', 'murder_trial', 'murderer', 'muscle', 'mysterious', 'mystery', 'napalm', 'narcissism', 'national', 'natural', 'need', 'neighbor', 'new', 'news', 'news_conference', 'night', 'nose', 'nostril', 'novak_djokovic', 'november', 'numb', 'obligate', 'obvious', 'occasion', 'occur', 'offense', 'offer', 'ok', 'old', 'open', 'opening', 'opponent', 'opportunism', 'order', 'outplay', 'outpouring', 'overdose', 'overtake', 'pain', 'pair', 'paltrow', 'pandemic', 'pantomime', 'paralysis', 'parent', 'paroxysm', 'party', 'pass', 'pause', 'pay', 'peaceful', 'peculiar', 'penélope_cruz', 'people', 'performance', 'performer', 'person', 'personhood', 'persuasive', 'pestilent', 'phifer', 'phone_number', 'phony', 'photo', 'physical_emotional', 'picture', 'pity', 'plan', 'plastic', 'play', 'player', 'point', 'poise', 'police', 'policy', 'politic', 'pooh', 'poohe', 'pool', 'poor', 'possible', 'post_twitter', 'postpone', 'potential', 'potted', 'potter', 'poverty', 'power', 'precious', 'preparation', 'prepare', 'press', 'pressure', 'presume', 'pretend', 'pride', 'privacy', 'private', 'probable', 'procedure', 'proceed', 'production', 'professional', 'profound', 'proof', 'protest', 'provide', 'psychosis', 'public', 'puddle', 'pure', 'pursuit', 'quake', 'quaking', 'quaver', 'quentin', 'question', 'queue', 'racial', 'raisin', 'rare', 'rawness', 'read', 'readiness', 'ready', 'realism', 'realm', 'reassure', 'recall', 'receive', 'recess', 'recognition', 'red', 'redirect', 'reduce', 'reduction', 'refuse', 'regret', 'relative', 'release', 'relief', 'remain', 'remind', 'remorse', 'renewal', 'report', 'rescue', 'resemble', 'reside', 'resolve', 'restaurant', 'restore', 'result', 'retch', 'return', 'rictus', 'ridicule', 'ridiculous', 'right', 'ripsnorter', 'risk', 'rittenhouse', 'ritual', 'rivulet', 'roar', 'roberts', 'robust', 'rock', 'role', 'roost', 'rotten', 'rue', 'run', 'safe', 'safety', 'sail', 'salt', 'salute', 'sanction', 'scale', 'scarf', 'scene', 'scheme', 'schoolchildren', 'scrape', 'screen', 'season', 'secrete', 'seize', 'self', 'self_defense', 'self_inflict', 'sensation', 'sense', 'sentimentalist', 'separate', 'separation', 'settle', 'shame', 'shape', 'share', 'shed', 'shoot', 'shooting', 'shot', 'shout', 'shower', 'shrivel', 'sight', 'signal', 'single', 'sir', 'situation', 'skeptic', 'sky', 'slap', 'small', 'smart', 'smith', 'snot', 'sob', 'sobbing', 'son', 'sorrow', 'sort', 'soul', 'sound', 'soup', 'speak', 'speed', 'spend', 'spiegelman', 'spike', 'spotty', 'spring', 'sputter', 'spy', 'stage', 'stalk', 'stand', 'star', 'stare', 'state', 'stay', 'steven_spielberg', 'sticker', 'sting', 'stoical', 'stop', 'story', 'stranger', 'strategic', 'stress', 'strike', 'stroke', 'struggle', 'stun', 'stutter', 'style', 'sublingual', 'subway', 'succumb', 'sufferer', 'suit', 'summer_soul', 'support', 'surface', 'surrogate', 'suspicion', 'swear', 'swollen', 'sympathizer', 'sympathy', 'talk', 'tarantino', 'taser', 'tear', 'tears', 'teenager', 'television', 'tell', 'tender', 'tenderize', 'tennis', 'terry', 'testify', 'testimony', 'testiness', 'theater', 'therapeutic', 'therapy', 'think', 'throw', 'time', 'tinge', 'tiny', 'title', 'tolerate', 'tom', 'tomato', 'toni_morrison', 'tool', 'touch', 'tournament', 'towel', 'town', 'tragedy', 'train', 'transmit', 'travel', 'trial', 'triumph', 'true', 'trump', 'truth', 'try', 'tubing', 'turn', 'type', 'u.s.', 'unbidden', 'uncertainty', 'unconscious', 'undammed', 'understand', 'understanding', 'unfamiliar', 'ungathered', 'unhappy', 'unprepared', 'upset', 'use', 'usual', 'vaccine', 'vanity', 'vector', 'vibrant', 'victim', 'vigor', 'villainy', 'viola', 'violent', 'virus', 'vision', 'voice', 'vomitous', 'voyeurism', 'vulnerable', 'wail', 'wait', 'wander', 'want', 'warm', 'warrant', 'watch', 'watcher', 'waterwork', 'way', 'wear', 'week', 'weep', 'weeper', 'weepie', 'weeping', 'werewolf', 'west', 'west_story', 'whip', 'whisk', 'white', 'white_house', 'wife', 'wild', 'william', 'willingness', 'wilt', 'win', 'window', 'winning', 'wis.', 'wish', 'witness', 'wolf', 'woman', 'wonder', 'word', 'work', 'worry', 'worship', 'wound', 'wreck', 'wright', 'wring', 'wringer', 'yank', 'year', 'yes', 'young', 'zone', 'zoom', '’']"
8,1483771281636052995,55,18,268,https://nyti.ms/33LAdWU,2022-01-19 07:00:15-05:00,"['-', '10_percent', '145', '15,000', '152', '1941', '1943', '1945', '1948', '1950', '1960s', '1963', '2003', '2021', '40', '60', '75_percent', 'accusation', 'accuse', 'add', 'address', 'administration', 'administrative', 'advance', 'alert', 'american', 'amsterdam', 'analysis', 'anne', 'anne_frank', 'annex', 'anonymous', 'ans', 'anti_-', 'appeal', 'appoint', 'arendt', 'argument', 'arnold', 'arrest', 'arrive', 'artificial_intelligence', 'ask', 'assemble', 'assumption', 'attitude', 'audience', 'author', 'ban', 'barnouw', 'base', 'basis', 'beginning', 'bergh', 'betray', 'betrayal', 'betrayed', 'betrayer', 'big', 'big_difference', 'blaming', 'blessing', 'blitz', 'board', 'book', 'bother', 'british', 'build', 'canadian', 'cancer', 'card', 'careful', 'carry', 'case', 'chance', 'chapter', 'circumstantial', 'citizen', 'clue', 'cold', 'collaboration', 'collaborator', 'come', 'common_question', 'concern', 'conclusion', 'conduct_investigation', 'confirm', 'consider', 'constant', 'consult', 'context', 'contribute', 'control', 'convict', 'copy', 'council', 'court', 'crime', 'critical', 'criticism', 'culpability', 'culprit', 'cultural', 'daily', 'dara', 'dark', 'darkest', 'data', 'david', 'dead', 'deal', 'death', 'decade', 'den', 'deportation', 'destruction', 'detective', 'diarist', 'die', 'dijk', 'director', 'disband', 'discovery', 'dismiss', 'distress', 'dna', 'doubt', 'dozen', 'dread', 'dutch', 'eichmann', 'emile', 'employee', 'enormous', 'error', 'establish', 'evidence', 'executive_director', 'exist', 'existence', 'expect', 'expert', 'exploration', 'explore', 'f.b.i.', 'fact', 'family', 'family_member', 'famous', 'father', 'fear', 'feel', 'final', 'find', 'finding', 'fire', 'fit', 'force', 'forensic', 'forestall', 'form', 'frank', 'generate', 'genocidal', 'genocide', 'good', 'hand', 'hannah', 'happen', 'headline', 'hear', 'help', 'hide', 'hiding', 'high_tech', 'hire', 'historian', 'historical', 'history', 'holocaust', 'horn', 'house', 'identity', 'implement', 'implementation', 'include', 'inform', 'information', 'institute', 'intention', 'interview', 'inversion', 'investigate', 'investigation', 'investigator', 'issue', 'jerusalem', 'jew', 'jewish', 'jews', 'lack', 'laurien', 'lead', 'leader', 'leopold', 'likely', 'list', 'live', 'load', 'love', 'mail', 'mailonline', 'medium', 'mention', 'minimal', 'minutes', 'misconception', 'modern', 'monday', 'murder', 'museum', 'nazi', 'nazis', 'need', 'netherlands', 'new', 'news', 'news_organization', 'newspaper', 'niod', 'non_-', 'nondisclosure_agreement', 'notary', 'note', 'occupy', 'old', 'open', 'opening', 'organization', 'otto', 'painful', 'pankoke', 'passage', 'people', 'pick', 'pieter', 'play', 'play_role', 'police', 'population', 'possible', 'postwar', 'present', 'previous', 'problem', 'procedural', 'process', 'producer', 'program', 'project', 'provide', 'publication', 'publish', 'publisher', 'quarter', 'question', 'rabbi', 'real', 'reason', 'receive', 'reflection', 'reignite', 'remain', 'report', 'research', 'researcher', 'response', 'responsibility', 'result', 'retire', 'return', 'risky', 'role', 'ronald', 'rosemary', 'rule', 'rumor', 'run', 'schrijver', 'scrutiny', 'secret', 'segment', 'semitic', 'sentence', 'settle', 'share', 'sign', 'sit', 'snippet', 'solution', 'solve', 'sort', 'source', 'south_florida', 'special', 'squad', 'staff', 'stamp', 'start', 'story', 'strategy', 'studies', 'study', 'sullivan', 'sunday', 'sure', 'surface', 'survive', 'suspect', 'suspicion', 'talmud', 'target', 'teach', 'team', 'technology', 'teenage', 'television', 'term', 'testing', 'theory', 'thin', 'think', 'thinking', 'throat', 'thumb', 'tool', 'topic', 'total', 'trope', 'true', 'truth', 'tuesday', 'turn', 'twisk', 'understand', 'united_states', 'unreliable', 'use', 'value', 'van', 'vastenhout', 'victim', 'vince', 'visitor', 'voice', 'war', 'website', 'week', 'weight', 'work', 'world_war_ii', 'write', 'write_book', 'year', '’']"
9,1496166424372461573,43,15,314,https://nyti.ms/3p95nzf,2022-02-22 11:54:07-05:00,"['10', '12', '17_percent', '2005', '2019', '2020', '25', '30_year', '36', '52', '66', '911', 'a.j.', 'act', 'addition', 'address', 'african_americans', 'agreement', 'ahmaud', 'ahmaud_arbery', 'aid', 'allow', 'analyst', 'animus', 'anniversary', 'appeal', 'appoint', 'arbery', 'argue', 'arrest', 'ask', 'attempt', 'attitude', 'attorney_general_merrick_b.', 'authority', 'available', 'balbo', 'begin', 'belief', 'bernardino', 'bernstein', 'bigotry', 'black', 'black_man', 'bleed', 'blunt', 'bobbi', 'brandish', 'breath', 'brian', 'brunswick', 'brush', 'bryan', 'california', 'campaign', 'careful', 'case', 'chance', 'change', 'charge', 'chase', 'chase_arbery', 'check', 'chief_executive', 'cite', 'citizen', 'city', 'civil', 'civil_right', 'claim', 'clear', 'client', 'close', 'color', 'come', 'community', 'confront', 'conservative_liberal', 'consider', 'construction', 'continue', 'convict', 'conviction', 'cooper_jones', 'counseling', 'court', 'courtroom', 'crime', 'criminal', 'crude', 'cry', 'dangerous', 'day', 'dead', 'deadly', 'deal', 'death', 'decide', 'decision', 'declare', 'decline_comment', 'defendant', 'defense_lawyer', 'department', 'designation', 'determine', 'difficult', 'director_center', 'discharge', 'disposal', 'disturb', 'diverse', 'doubt', 'draw', 'effort', 'eligible', 'emotional', 'end', 'ensure', 'enter', 'epithet', 'essential', 'event', 'evidence', 'examination', 'expose', 'expression', 'extremism', 'face', 'fact', 'family', 'family_member', 'father', 'feb._23', 'federal', 'federal_government', 'federal_prosecutor', 'feel', 'final', 'find', 'firearm', 'force', 'foreman', 'ga.', 'garland', 'gasping', 'gauge', 'george_floyd', 'georgia', 'gesture', 'godbey', 'government', 'grapple', 'gregory', 'gregory_mcmichael', 'grief', 'guilty', 'guilty_count', 'gun', 'h.', 'hail', 'happen', 'harbor', 'harm', 'harsh', 'hate', 'hate_crime', 'head', 'heal', 'high_profile', 'hold_accountable', 'hour', 'house', 'hunt', 'image', 'impact', 'importance', 'important', 'incident', 'include', 'ingredient', 'insult', 'intimidation', 'j.', 'jog', 'judge', 'juror', 'jury', 'justice_department', 'kidnapping', 'killing', 'language', 'law', 'law_professor', 'lawmaker', 'lawyer', 'lead', 'leader', 'league', 'leave', 'legal', 'legislature', 'level', 'levin', 'life', 'life_sentence', 'line', 'lisa', 'local', 'local_authority', 'lower', 'lynching', 'man', 'marc', 'marcus', 'matter', 'mcmichael', 'mcmichaels', 'mean', 'meet', 'memorial', 'message', 'middle', 'modern', 'moment', 'month', 'morial', 'mother', 'motivate', 'murder', 'nation', 'national', 'nearby', 'neighbor', 'neighborhood', 'news_conference', 'number', 'numerous', 'official', 'optimistic', 'organization', 'outrage', 'overturn', 'pair', 'parent', 'parole', 'pass', 'pavement', 'peace', 'perpetrate', 'person', 'pete', 'plan', 'plea_agreement', 'plead_guilty', 'pledge', 'police', 'police_officer', 'potential', 'power', 'powerful', 'pray', 'present', 'president', 'priority', 'prison', 'proceeding', 'prompt', 'property', 'prosecute', 'prosecutor', 'protest', 'prove', 'public', 'pursue', 'race', 'racial', 'racial_justice', 'racism', 'racist', 'range', 'rash', 'rashad', 'reach', 'reach_verdict', 'read', 'receive', 'recent', 'recognition', 'reduce', 'reject', 'render', 'resolution', 'resource', 'respect', 'rest', 'revulsion', 'robinson', 'rug', 'run', 'san', 'sand', 'satisfaction', 'scared', 'sculpt', 'seat', 'second', 'security_camera', 'select', 'self', 'send', 'sense', 'sentence', 'serve', 'shake', 'shoot', 'shooting', 'shotgun', 'shroud', 'significant', 'small', 'social_justice', 'soul_search', 'sr_.', 'stand', 'start', 'state', 'state_legislator', 'state_university', 'steal', 'street', 'study', 'sunday', 'supper', 'suspect', 'system', 'tell', 'temper', 'tend', 'testimony', 'thank_god', 'theodocion', 'time', 'today', 'tolerate', 'toll', 'travis_mcmichael', 'trial', 'truck', 'try', 'tuesday', 'tuesday_morning', 'ugly', 'uncertain', 'underscore', 'unlawful', 'uprising', 'urban', 'use', 'verdict', 'verdict_read', 'victory', 'video', 'view', 'vigilante', 'violence', 'violent_crime', 'voluminous', 'waistband', 'wanda', 'way', 'weaken', 'wednesday', 'week', 'weep', 'white', 'william_bryan', 'wipe_tear', 'woman', 'wood', 'work', 'year', 'year_old', 'young', '’', '’_important']"
10,1508416124463034372,615,59,6058,https://nyti.ms/3tLq86I,2022-03-28 08:10:03-04:00,"['17', '1987', '[', 'able', 'academy', 'acceptance_speech', 'act', 'acting', 'actor', 'allow', 'amazing', 'american', 'apple', 'ariz.', 'arizona', 'award', 'beat', 'behave', 'belfast', 'believe', 'big', 'bomb', 'book', 'bridge', 'bring', 'brother', 'car_accident', 'career', 'cast', 'cast_crew', 'child', 'ciaran', 'co_-_star', 'coda', 'communicator', 'community', 'confidence', 'craft', 'create', 'credit', 'dad', 'daughter', 'deaf', 'dedicate', 'definition', 'deliver', 'develop', 'director', 'dirty', 'disabled', 'dozen', 'dr.', 'drop', 'easy', 'eat', 'exception', 'f', 'fact', 'family', 'fan', 'favorite', 'film', 'finley', 'fisherman', 'flourish', 'forget', 'fun', 'gloucester', 'god', 'gold', 'golden_globe', 'good', 'good_actress', 'group', 'grow', 'guest', 'hearing', 'heartstring', 'heder', 'help', 'hero', 'hey', 'hinds', 'history', 'hollywood', 'hometown', 'honor', 'important', 'indie', 'interview', 'invite', 'j.k.', 'jesse', 'jill', 'joe', 'journey', 'kodi_smit', 'kotsur', 'kyra', 'language', 'learn', 'lesser', 'look', 'love', 'man', 'manager', 'mandalorian', 'mark', 'marlee', 'mass.', 'matlin', 'mcphee', 'meet', 'member', 'mesa', 'mom_dad', 'moment', 'neck', 'opportunity', 'oscar', 'paralyzed', 'performance', 'person', 'plan', 'plate', 'plemons', 'police_officer', 'popeyes', 'power_dog', 'pre-“coda', 'president', 'producer', 'pursue', 'raiders', 'reach', 'read', 'reason', 'receive', 'recognize', 'relate', 'representation', 'ricardos', 'role', 'sian', 'sign', 'signer', 'similar', 'simmons', 'skilled', 'slight', 'smit_mcphee', 'son', 'speech', 'spinach', 'stage', 'statuette', 'step', 'steven_spielberg', 'struggle', 'sundance', 'sunday', 'support', 'teach', 'team', 'television', 'tell', 'thank', 'theater', 'today', 'tonight', 'tour', 'trophy', 'troy_kotsur', 'tug', 'tusken', 'tv_series', 'use', 'visit', 'voter', 'want', 'way', 'white_house', 'wife', 'win', 'win_oscar', 'wonderful', 'work', 'world', 'worry']"
11,1514498755835351043,149,80,605,https://nyti.ms/3vhC0gt,2022-04-14 03:00:16-04:00,"['16', '2008', '2015', '400', '600', 'accord', 'account', 'agency', 'air_defense', 'ammunition', 'analyze_satellite_image_photograph', 'anti_-', 'authenticate_report_social_medium', 'avoid_misinformation_warn_sign', 'berdiansk_russian', 'black_sea_fleet', 'border_guard', 'carry', 'cause', 'claim', 'coast', 'confirm', 'conflict', 'correct', 'corroborate_eyewitness_account_interview', 'crew', 'cruiser', 'damage', 'deploy', 'destroy', 'destruction', 'different', 'dig_deeper_understand_history', 'dozen_journalist_report_ground', 'early_1980', 'enter', 'evacuate', 'explode', 'february', 'fire', 'flagship', 'foot_long', 'force', 'formidable', 'georgia', 'government_business_step', 'head', 'hour', 'investigation', 'island', 'journalism_accessible_world', 'launcher', 'list_company_pull_country', 'look_retweet_information_war', 'march', 'marchenko', 'mark', 'maxim', 'mile', 'military', 'ministry_defense', 'misinformation_team_visual_journalist', 'missile', 'moskva', 'navy', 'neptune_missile', 'new_york_times', 'news_agency', 'notable', 'occupation', 'odesa', 'patrol', 'port', 'provide', 'punish_russia_sanction_adopt', 'range', 'read_reporting_effort_understand', 'relationship', 'report', 'result', 'review', 'russia', 'russian', 'sea', 'send', 'service', 'ship', 'snake', 'southern_ukraine', 'soviet', 'start', 'state', 'stay_update_receive_late', 'strike', 'syria', 'tass', 'telegram', 'tell', 'times_launch_telegram_channel', 'triumph', 'troop_movement_detail_monitor', 'ukraine', 'ukraine_cause_conflict', 'ukraine_cut_fog', 'ukrainian_force', 'ukrainian_military_official', 'ukrainian_troop', 'update_war_inbox_sign', 'verify', 'verify_reporting_times_deploy', 'vessel', 'video_photo', 'video_radio_transmission_confirm', 'vulkan', 'war', 'warship', 'warship_black', 'weapon_use_outside_pressure', 'wednesday']"
12,1493762074828283904,51,45,240,https://nyti.ms/34Kwfi7,2022-02-15 20:40:06-05:00,"['-_election', '14', '2020_election', '550', '6_attack', 'accept', 'accompany', 'accord', 'accord_person_familiar', 'act', 'activist', 'activity', 'add', 'advance', 'aide', 'ally', 'alternate', 'alternate_slate', 'alternative', 'ambiguity', 'american', 'americans', 'announcement', 'appear', 'appropriate', 'arizona', 'arizona_georgia', 'army', 'ask', 'attest', 'audacious', 'authority', 'award', 'aware', 'ballot', 'battleground_state', 'begin', 'believe', 'benefit', 'biden', 'block', 'bogus', 'book', 'brown', 'buy', 'campaign', 'candidate', 'capitol', 'capitol_police', 'cause', 'certain', 'certificate', 'certification', 'certify', 'certify_election', 'chairman', 'chairwoman', 'change', 'chesebro', 'chief_staff', 'choose', 'claim', 'clear', 'come', 'committee', 'committee_investigate', 'communication', 'congress', 'congressional', 'consider', 'contact', 'conversation', 'cooperate', 'coordinate', 'count', 'counting', 'cox', 'crime', 'criminal', 'culminate', 'day', 'deadline', 'dec._14', 'deliver', 'democracy', 'deposition', 'deputy_director', 'develop', 'dig', 'direct', 'direction', 'director', 'discussion', 'disregard', 'document', 'dominion', 'donald_j.', 'donation', 'douglas', 'early', 'effort', 'effort_overturn', 'election', 'election_result', 'elector', 'electoral_college', 'electoral_count', 'electoral_vote', 'employ', 'evidence', 'expansive', 'expect', 'explain', 'exploit', 'fake', 'false', 'favor', 'file_lawsuit', 'finchem', 'finish', 'follow', 'fraud', 'g.o.p.', 'gain_access', 'gambit', 'gary', 'giuliani', 'ground', 'guy', 'hand', 'happen', 'hear', 'heart', 'help', 'house_committee', 'idea', 'individual', 'information', 'instruct', 'intend', 'interference', 'investigate', 'investigate_jan.', 'investigator', 'involve', 'involvement', 'irregularity', 'issue', 'james', 'jan._6', 'jan._6_committee', 'john_eastman', 'joint', 'joseph_r._biden_jr.', 'justice_department', 'kelli', 'kenneth', 'key', 'know', 'late', 'laura', 'lawmaker', 'lawyer', 'leader', 'legal', 'legitimate', 'letter', 'level', 'line', 'link', 'log', 'lose', 'major', 'marc', 'march', 'mark', 'mastriano', 'matter', 'meaningless', 'meet', 'member', 'memo', 'michael', 'michael_a.', 'michigan', 'mississippi', 'month', 'movement', 'nbc', 'nevada', 'new_mexico', 'new_york_times', 'note', 'november', 'obtain', 'office', 'officer', 'official', 'operation', 'origin', 'outcome', 'p.r.', 'page', 'panel', 'parliamentarian', 'participate', 'partisanship', 'party', 'pence', 'pennsylvania', 'people', 'personal', 'phone', 'place', 'plan', 'police', 'political', 'post_video', 'postelection', 'postpone', 'preside', 'presidency', 'president', 'president_biden', 'presidential_election', 'pressure', 'pro_-_trump', 'produce', 'proposal', 'public', 'r.', 'raise_question', 'rally', 'random', 'rationale', 'real', 'receive', 'recent_day', 'reclaim', 'reek', 'reflect', 'regard', 'reject', 'report', 'representative_bennie', 'republican', 'republican_party', 'respect', 'respond_request_comment', 'result', 'roman', 'rudolph_w.', 'scheme', 'seek', 'seize_voting_machine', 'select_committee', 'send', 'send_message', 'serve', 'session', 'seven', 'short', 'sign', 'sit', 'slate', 'slate_elector', 'speak', 'staff', 'staffer', 'state', 'state_legislator', 'state_legislature', 'state_senator', 'statement', 'stay', 'step', 'stop', 'stop_steal', 'story', 'strategy', 'stunt', 'submit', 'subpoena', 'summon', 'support', 'systems', 'target', 'television_interview', 'tell', 'testify', 'theory', 'thompson', 'thompson_democrat', 'threat', 'throw', 'time', 'troupis', 'trump', 'trump_campaign', 'try', 'tuesday', 'undo', 'unsubstantiated', 'urge', 'use', 'v.', 'vice_president', 'violence', 'vote', 'voter', 'voting', 'w.', 'ward', 'warning', 'washington', 'week', 'white_house_aide', 'win', 'wisconsin', 'witness', 'work', 'write', 'year']"
13,1492679954701721604,24,22,127,https://nyti.ms/3rJlUeW,2022-02-12 21:00:08-05:00,"['1995', '2011', '2012', '2014', '2018', '40', '500', '5_percent', '6_year_old', 'able', 'abuse', 'abusive', 'academia', 'acknowledge', 'action', 'adhere', 'adoration', 'adult', 'affair', 'affect', 'agree', 'air', 'allegation_sexual', 'allison', 'alluring', 'ambulatory', 'america', 'animal', 'appear', 'appropriate', 'ask', 'aspect', 'attention', 'authority', 'awkward', 'bash', 'begin', 'beginning', 'behave', 'bemoaning', 'bit', 'book', 'boss', 'boundary', 'brilliant', 'bring', 'capable', 'certain', 'change', 'channel', 'characterize', 'charming', 'circa', 'cluster', 'cnn', 'coffee', 'colleague', 'come', 'commercial', 'company', 'compensate', 'confess', 'confine', 'connection', 'consensual', 'consideration', 'continue', 'conversation', 'core', 'correspondent', 'create', 'crime', 'cross', 'culture', 'cut', 'dana', 'date', 'deal', 'deep', 'defensive', 'demote', 'deny', 'design', 'desire', 'desk', 'develop', 'development', 'devote', 'differential', 'director', 'disclose', 'discrimination', 'divorced', 'donald_trump', 'drink', 'dynamic', 'editor_chief', 'editorial', 'effect', 'employee', 'employer', 'enable', 'end', 'equip', 'ero', 'erode', 'escape', 'evaluate', 'evil', 'evolution', 'expense', 'fail_disclose', 'fate', 'feel', 'feeling', 'figure', 'find', 'fire', 'fit', 'flirting', 'flouting', 'follow', 'force', 'formal', 'friend', 'gender', 'gesture', 'gollust', 'good', 'good_friend', 'graduate_student', 'grand', 'grateful', 'h.r.', 'handbook', 'happen', 'harass', 'harassment', 'hard', 'harmful', 'harvard', 'high', 'hold', 'hour', 'human', 'human_resource', 'husband', 'iconic', 'idea', 'imply', 'impulse', 'inappropriate', 'include', 'informal', 'information', 'intend', 'interaction', 'intertwine', 'jeff_zucker', 'jotham', 'judge', 'know', 'labor', 'late', 'laugh', 'law', 'lawsuit', 'leader', 'leave', 'life', 'line', 'little', 'look', 'lot', 'love', 'marry', 'matter', 'matthew', 'meet', 'meeting', 'mental_health', 'minimal', 'minimum', 'mistake', 'modern', 'modine', 'month', 'morning', 'mumble', 'nature', 'necessary', 'necessity', 'need', 'network', 'new_york', 'news', 'newspaper', 'observe', 'observer', 'obsess', 'occupy', 'offense', 'office', 'online', 'open', 'opinion', 'opportunity', 'override', 'owe', 'panic', 'parent', 'people', 'personal', 'pink', 'place', 'platform', 'point', 'point_view', 'popular', 'positive', 'possible', 'posture', 'power', 'precedent', 'president', 'professional', 'promote', 'protect', 'publication', 'punishment', 'question', 'reaction', 'read', 'real_estate', 'reason', 'reassure', 'recommendation', 'relationship', 'relieve', 'repercussion', 'report', 'reporting', 'resign', 'resignation', 'responsible', 'restraint', 'reverse', 'ridiculous', 'risk', 'romance', 'romantic', 'room', 'rule', 'rule_apply', 'run', 'sabotage', 'salmon', 'scenario', 'screen', 'second', 'secret', 'sederstrom', 'seductress', 'self', 'send_message', 'sense', 'sentiment', 'set', 'sex', 'sexual_harassment', 'shrug', 'sit', 'situation', 'smart', 'son', 'specie', 'squirm', 'star', 'stare', 'strike', 'strong', 'subject', 'subordinate', 'suppose', 'surprise', 'survey', 'sympathetic', 'talent', 'talk', 'team', 'tell', 'tend', 'territory', 'think', 'thought', 'tide', 'time', 'tolerate', 'trade', 'traditional', 'treat', 'turn', 'underlie', 'underscore', 'understand', 'unnatural', 'unprofessional', 'unusual', 'validation', 'vulnerable', 'wait', 'wake', 'walk', 'want', 'way', 'week', 'willing', 'work', 'workplace', 'worldwide', 'worth', 'year', 'yearslong', 'zucker', '’', '’_impossible']"
14,1505808435736109057,31,26,120,https://nyti.ms/3tsGJMN,2022-03-21 03:28:02-04:00,"['1.1_million', '100', '2014', '2020_presidential', '29', '50,000', '85', '95_percent', 'access', 'accord', 'account', 'accuse', 'action', 'administration', 'alan', 'alexandre', 'ally', 'amass', 'apologize', 'app', 'apple_google', 'appoint', 'approach', 'authority', 'avoid', 'ban', 'bid', 'block', 'blow', 'bolsonaro', 'brazil', 'brazilian', 'broadcast', 'censor', 'challenge', 'change', 'channel', 'chief_executive', 'classified_information', 'collaborate', 'combat', 'come', 'communication', 'company', 'competitor', 'complain', 'comply', 'congress', 'content', 'country', 'court', 'criticize', 'da_silva', 'data', 'day', 'de', 'delete', 'download', 'durov', 'effect', 'election', 'email', 'emerge', 'employee', 'excuse', 'executive', 'false', 'federal', 'firm', 'follower', 'friday', 'grow', 'hand', 'happen', 'ignore', 'important', 'inaccurate', 'include', 'information', 'installation', 'institute', 'internet', 'investigation', 'inácio', 'jair_bolsonaro', 'janeiro', 'judge', 'late_sunday', 'law', 'lawyer', 'lift', 'lose', 'luiz', 'lula', 'mainstream', 'maintain', 'major', 'mark', 'market', 'mean', 'messaging_app', 'million', 'misinformation', 'miss', 'misunderstanding', 'monitor', 'month', 'moraes', 'negligence', 'october', 'official', 'opponent', 'order', 'oversee', 'pavel', 'pedestrian', 'percent', 'police', 'popular', 'popularity', 'post', 'president', 'presidential_election', 'prominent', 'promote', 'provider', 'public', 'race', 'regard', 'remove', 'respond', 'response', 'reversal', 'right_wing', 'rio_de', 'satisfy', 'sensor', 'share', 'social_network', 'spread_misinformation', 'start', 'sunday_telegram', 'supporter', 'supreme_court', 'surge', 'swift', 'telegram', 'thomaz', 'time', 'tower', 'try', 'turn', 'unacceptable', 'user', 'verify', 'view', 'weekend', 'willing', 'wireless', 'work', 'worry', 'year']"
15,1511768207463432202,22,14,62,https://nyti.ms/37mgajM,2022-04-06 14:10:02-04:00,"['._1', '100', '100_mile', '10_p.m.', '110', '14', '40', '70', '71', '77', '83', 'access', 'accord', 'accuweather', 'active', 'add', 'afternoon', 'agency', 'ala.', 'alabama', 'area', 'atlanta', 'authority', 'average', 'aware', 'bathroom', 'believe', 'bibb', 'birmingham', 'blame', 'block', 'bring', 'bryan', 'building', 'car', 'case', 'center', 'central', 'chattanooga', 'chief', 'citizen', 'city', 'closet', 'come', 'confirm', 'continue', 'continue_push', 'contribute', 'coordination', 'coroner', 'county', 'create', 'cut', 'cycle', 'dallas', 'damage', 'damaging', 'dangerous', 'day', 'de', 'death', 'deep', 'degree', 'descend', 'devastating', 'dew', 'diameter', 'downburst', 'drive', 'dylan', 'emergency_management', 'enhance', 'escape', 'estimate', 'event', 'exceed', 'expect', 'extend', 'face', 'ferocious', 'flash', 'flood', 'flooded', 'flooding', 'forecaster', 'fuel', 'ga.', 'georgia', 'gov._brian', 'gulf', 'gulf_mexico', 'gust', 'hail', 'happen', 'heavy_rain', 'high', 'hit', 'home', 'hour', 'identify', 'impact', 'inch', 'include', 'ingredient', 'internet', 'issue', 'james', 'john', 'jonathan', 'kemp', 'kill', 'know', 'large', 'likely', 'line', 'local_news', 'lose', 'loss', 'lot', 'lusk', 'm.p.h', 'macon', 'man', 'march', 'mayor', 'measure', 'meteorologist', 'meteorologist_national', 'mile', 'million_people', 'mobile_home', 'mourning', 'mugginess', 'national_weather_service', 'news_conference', 'north_carolina', 'office', 'onslaught', 'outlet', 'p.', 'path', 'people', 'person', 'place', 'point', 'porter', 'possible', 'power', 'powerful', 'pray', 'produce', 'punch', 'range', 'reach', 'receive', 'record', 'region', 'report', 'result', 'rip', 'risk', 'risk_severe', 'road', 'roadway', 'room', 'safe', 'savannah', 'scatter', 'section', 'set', 'severe_thunderstorm', 'severe_weather', 'shelter', 'south', 'southeast', 'storm', 'storm_system', 'strike', 'survey', 'television', 'temperature', 'tenn.', 'tennessee', 'texas', 'thing', 'think', 'threat', 'thunderstorm', 'time', 'tip', 'tornado', 'tree', 'try', 'tuesday', 'turn', 'twitter', 'urge', 'usual', 'volatile', 'wansley', 'warn', 'warning', 'wash', 'watch', 'water', 'way', 'weather', 'weather_service', 'wednesday', 'wednesday_evening', 'whitehouse', 'wind', 'wind_gust', 'window', 'write_twitter', 'year', 'year_old']"
16,1482180754079690764,27,44,176,https://nyti.ms/3qu2rP1,2022-01-14 21:40:04-05:00,"['10_day', '22', '9', 'acknowledge', 'anxiety', 'appear', 'appreciate', 'article', 'ask', 'assume', 'authority', 'available', 'avoid', 'awful', 'babysitter', 'bad', 'boss', 'bout', 'boy', 'break', 'bunch', 'c.d.c.', 'calamity', 'calm', 'care', 'catch', 'child', 'child_care', 'christmas', 'complain', 'consider', 'contagious', 'contribute', 'control', 'coronavirus_test', 'couple', 'covid', 'cross', 'date', 'daughter', 'day', 'decide', 'decision', 'degree', 'deliver', 'desire', 'disastrous', 'discrete', 'dominate', 'dread', 'easy', 'effort', 'end', 'endure', 'evade', 'exert', 'expect', 'experience', 'expert_warn', 'extreme', 'face', 'family', 'fatigue', 'favor', 'feel', 'figure', 'find', 'fine', 'flailing', 'flexible', 'flu', 'forget', 'friend', 'futile', 'god', 'good', 'grim', 'grit', 'happen', 'health', 'health_care_system', 'healthy', 'hit', 'home', 'hope', 'house', 'husband', 'ill', 'impulse', 'incubate', 'indoor_dining', 'inevitable', 'infect', 'infected', 'infectiousness', 'insure', 'interregnum', 'isolate', 'job', 'kid', 'know', 'learn', 'let', 'life', 'limbo', 'line', 'little', 'live', 'long_covid', 'longing', 'low', 'mask', 'measure', 'mind', 'moment', 'monday', 'month', 'movie', 'need', 'negative', 'new_york_city', 'nurse', 'odd', 'omicron', 'pandemic', 'panicky', 'people', 'period', 'perpetual', 'pharmacy', 'picture', 'play', 'point', 'possibility', 'possible', 'precaution', 'preferable', 'pregnant', 'privilege', 'problem', 'protracted', 'quarantine', 'rapid_test', 'ready', 'red', 'remain', 'reminder', 'resign', 'responsible', 'rest', 'return', 'rolling', 'school', 'second', 'shock', 'sick', 'sickness', 'situation', 'slight', 'son', 'sore_throat', 'sort', 'squint', 'staggered', 'start', 'stick', 'strain', 'strange', 'struggle', 'suck', 'suppose', 'surprised', 'surrender', 'symptom', 'talk', 'tell', 'terrible', 'test_negative', 'test_positive', 'think', 'time', 'tooth', 'transmissible', 'treatment', 'try', 'tuesday_morning', 'uncontrollable', 'understand', 'unpleasant', 'untenable', 'vaccinate', 'vaccine', 'vary', 'vector', 'viral', 'virus', 'vulnerable', 'wait', 'wake', 'want', 'warm', 'wear_mask', 'week', 'weird', 'wife', 'willing', 'winter', 'work', 'worry', 'year', 'year_old_son', '’', '’_hard']"
17,1496853691864866817,1060,157,5065,https://nyti.ms/3pbWmWk,2022-02-24 09:25:04-05:00,"['access', 'add', 'anchor', 'anti_-', 'appear', 'bad', 'bar', 'bewildered', 'career', 'case', 'celebrity', 'center', 'chorus', 'condemn', 'control', 'cultural', 'deal', 'decision', 'director', 'express', 'feature', 'feeling', 'figure', 'filter', 'galkin', 'government', 'happen', 'hostility', 'instagram', 'join', 'journalist', 'justification', 'kovalskaya', 'ksenia', 'launch', 'main', 'maksim', 'meladze', 'meyerhold', 'military', 'military_action', 'moscow', 'murderer', 'negotiation', 'news', 'optimist', 'optimistic', 'participation', 'pessimist', 'plead', 'popular', 'popular_culture', 'possible', 'post', 'post_instagram', 'president_vladimir_v._putin', 'prime_time', 'protest', 'public', 'publish', 'putin', 'ramazanova', 'read', 'receive', 'refer', 'resentment', 'resign', 'risk', 'rock', 'run', 'russia', 'russian', 'russians', 'salary', 'scenario', 'segment', 'singer', 'sobchak', 'socialite', 'speak', 'specify', 'star', 'start', 'state', 'state_sponsor', 'statement', 'stay', 'stop', 'television', 'television_network', 'theater', 'thursday', 'thursday_morning', 'today', 'trust', 'ukraine', 'valery', 'vast', 'video', 'war', 'work', 'write', 'year', 'yelena', 'zemfira']"
18,1492091108368826369,59,144,276,https://nyti.ms/3JoGsQ7,2022-02-11 06:00:16-05:00,"['10_day', '11', '16', '21', '24', '400', '45', '70', 'abandon', 'accompany', 'activist', 'add', 'adjacent', 'affair', 'align', 'analyst', 'announce', 'anti_-', 'anti_-_vaccine', 'apartment', 'apartment_building', 'arrest', 'arrive', 'arson', 'art', 'attach', 'attempt', 'attract', 'bag', 'ban', 'barrel', 'beekeeper', 'bellowing', 'big', 'blast', 'block', 'bonfire', 'booming', 'border', 'boring', 'box', 'brave', 'bring', 'building', 'bureaucrat', 'cab', 'camp', 'canada', 'canadian', 'canadian_flag', 'canal', 'cape', 'capital', 'capture', 'carry', 'catholic_church', 'cause', 'celebration', 'charters', 'chase', 'cheer', 'chill', 'city', 'class_action', 'classic', 'clear', 'cleman', 'coffee', 'collective', 'come', 'common', 'community', 'commute', 'company', 'constitution', 'convert', 'convoy', 'cook', 'cord', 'core', 'country', 'crane', 'cross', 'cross_-', 'crowd', 'culture', 'damage', 'dance', 'dangerous', 'dare', 'dark', 'data', 'day', 'de', 'declare', 'declare_state_emergency', 'deco', 'deem', 'definite', 'demand', 'demonstrator', 'demoralize', 'den', 'descend', 'diesel_fuel', 'dig', 'disco', 'disrespectful', 'dissolve', 'dog', 'don', 'donation', 'downtown', 'dozen', 'drape', 'drink', 'ear', 'earplug', 'echo', 'edge', 'edward', 'ellie', 'encampment', 'end', 'endless', 'enforce', 'engine', 'england', 'enjoy', 'erect', 'errand', 'escort', 'esprit', 'esther', 'evidence', 'experience', 'family', 'fashion', 'feed', 'feel', 'feeling', 'festoon', 'find', 'firewood', 'firm', 'flag', 'flak', 'flank', 'flatbed', 'flinch', 'flutter', 'follow', 'follower', 'force', 'fray', 'freedom_convoy', 'frightened', 'fringe', 'frozen', 'fuel', 'fur', 'giant', 'giddy', 'gift_card', 'glass', 'glory', 'good', 'gothic', 'government', 'grant', 'grassy', 'grill', 'grocery', 'group', 'guest', 'guttural', 'hamburger', 'handmade', 'harass', 'heckle', 'help', 'heritage', 'hero', 'hill', 'hockey', 'hold', 'home', 'honk', 'hope', 'horn', 'hot', 'hour', 'hulk', 'hum', 'image', 'important', 'incessant', 'injunction', 'inscribe', 'intersection', 'intimidation', 'investigate', 'island', 'item', 'jacket', 'jerrycan', 'joseph', 'judge', 'justice', 'kent', 'knee', 'know', 'laden', 'laud', 'laugh', 'law', 'lawsuit', 'lawyer', 'leave', 'lemonade', 'level', 'li', 'line', 'little', 'little_girl', 'live', 'lobby', 'local', 'local_resident', 'lose', 'lot', 'loudspeaker', 'love', 'lumbering', 'machine', 'mail', 'makeshift', 'manage', 'mayor', 'median', 'meme', 'metal', 'middle', 'mile', 'mitten', 'monday', 'motherland', 'motive', 'nazi', 'nearby', 'neighborhood', 'neighborly', 'nerve', 'new', 'nice', 'night', 'noise', 'occupation', 'offer', 'office', 'officer', 'official', 'open', 'oppose', 'orange', 'order', 'organize', 'orient', 'ostensible', 'ottawa', 'paddle', 'park', 'parliament', 'party', 'peace', 'peaceful_protest', 'people', 'perceive', 'perception', 'permanent', 'permit', 'pile', 'place', 'placid', 'plan', 'plastic', 'plunk', 'police', 'popular', 'portrait', 'potential', 'pray', 'present', 'prevail', 'prime_minister_justin_trudeau', 'prince', 'program', 'protest', 'protester', 'pump', 'purpose', 'quaint', 'racist', 'reality', 'recount', 'red', 'refuel', 'refuse', 'regular', 'relax', 'relief', 'remove', 'renovate', 'repeat', 'reprieve', 'resident', 'retiree', 'richard', 'right', 'road', 'roadkill', 'robe', 'room', 'row', 'rule', 'safe', 'safety', 'sanitization', 'scarlet', 'scatter', 'scene', 'seat', 'send', 'sense', 'set', 'settle', 'shoulder_shoulder', 'shut', 'sign', 'silence', 'silent', 'silver_lining', 'simon', 'sister', 'sit', 'sizzle', 'skate', 'sledge', 'sleeping', 'snack', 'snatch', 'song', 'sound', 'spark', 'special_occasion', 'spread', 'stage', 'stand', 'start', 'stay', 'stick', 'stone', 'street', 'stretch', 'stroll', 'stuff', 'success', 'supply', 'supreme_court', 'swastika', 'sweater', 'table', 'tactic', 'tailgate', 'tall', 'tell', 'tent', 'terror', 'terrorist', 'thank', 'thing', 'thousand', 'tissue', 'toiletry', 'tower', 'toy', 'tractor', 'traffic_jam', 'trailer', 'trim', 'truck', 'trucker', 'trudeau', 'try', 'tuesday', 'type', 'uneventful', 'unruly', 'vaccine_mandate', 'vallée', 'vehicle', 'veritable', 'violent', 'volunteer', 'walk', 'wander', 'warm', 'wash', 'wear', 'wear_mask', 'week', 'weekend', 'white', 'white_supremacist', 'winter', 'wonder', 'work', 'world', 'year', 'year_old', 'zexi', 'zone']"
19,1491565447967293440,31,1,159,https://nyti.ms/3BiZYuw,2022-02-09 19:11:29-05:00,"['10_12', '113.97_point', '17th', '18_year_old', '2006', '2010', '2018', '2018_games', '20_minute', '22', '2_year_old', '3', 'able', 'absence', 'adam_rippon', 'advice', 'afford', 'alice', 'alice_chen', 'allow', 'american', 'appreciate', 'approach', 'arutyunyan', 'ask', 'athlete', 'bad', 'beijing', 'beijing_games', 'bell', 'big', 'billboard', 'blue', 'bounce', 'box', 'brain', 'brezina', 'brezinas', 'bring', 'bubble', 'build', 'bust', 'campus', 'car', 'cards', 'career', 'catch', 'chance', 'change', 'chen', 'child', 'china', 'clear', 'coach', 'come', 'compete_beijing', 'competition', 'confident', 'consider', 'consume', 'continue', 'conversation', 'cornflakes', 'course', 'crowd', 'crush', 'cry', 'cusp', 'czech_republic', 'danielle', 'daughter', 'day', 'deal', 'death', 'debut', 'decompress', 'define', 'demand', 'demise', 'describe', 'devastate', 'different', 'dinner', 'disappointment', 'discover', 'distract', 'dominant', 'dramatize', 'dread', 'drive', 'easy', 'eat', 'elite', 'emotion', 'emotional', 'empathize', 'end', 'enrolling', 'evan', 'event', 'expect', 'expectation', 'expensive', 'experience', 'explain', 'failure', 'falter', 'family', 'fan', 'favorite', 'feature', 'feel', 'field', 'fifth_place', 'figure_skate', 'figure_skater', 'figure_skating', 'find', 'finish', 'fixated', 'fly', 'focus', 'follow', 'forget', 'free', 'free_skate', 'friend', 'gain', 'game', 'games', 'gold_medal', 'good', 'gravitate', 'great', 'group', 'grow', 'happy', 'hard', 'help', 'hey', 'hit', 'hockey_team', 'hop', 'hope', 'hotel', 'hour', 'hourlong', 'house', 'human', 'humanity', 'ice', 'ice_rink', 'important', 'include', 'information', 'instrument', 'interesting', 'internalize', 'interview', 'introspective', 'invincible', 'ipad', 'jump', 'kid', 'know', 'korea', 'land', 'late_1980', 'late_night', 'laugh', 'learn', 'leave', 'lecture', 'lesson', 'let', 'life', 'light', 'listen', 'live', 'look', 'loom', 'los_angeles', 'lose', 'lot', 'love', 'lysacek', 'machine', 'man', 'mariah_bell', 'market', 'marvel', 'mature', 'meet', 'memory', 'michal_brezina', 'mind', 'mistake', 'mold', 'moment', 'month', 'morning', 'mother', 'nathan', 'nathan_chen', 'national_champion', 'naya', 'need', 'new', 'night', 'normal', 'notice', 'obsession', 'oftentime', 'oh', 'ok', 'olympian', 'olympic', 'olympic_champion', 'olympics', 'owe', 'pandemic', 'parent', 'past_year', 'pay', 'perfectionist', 'person', 'perspective', 'photo', 'piano', 'pictionary', 'plan', 'play_game', 'play_guitar', 'pressure', 'problem', 'process', 'program', 'pyeongchang', 'pyeongchang_south', 'quadruple_jump', 'rafael', 'reach', 'realize', 'reassuring', 'recall', 'record', 'regret', 'remember', 'reporter', 'rink', 'rippon', 'rise', 'rocket_launch', 'ruin', 'sacrifice', 'school', 'second', 'sense', 'series', 'share', 'short', 'short_program', 'single', 'sink', 'sister', 'sized', 'skate', 'skater', 'skating', 'sleep', 'speed', 'spend_time', 'sponsor', 'sport', 'stand', 'star', 'stars', 'start', 'step', 'student', 'study', 'suck', 'suit', 'support', 'surprise', 'switch', 'tab', 'talk', 'teach', 'team', 'team_event', 'telephone', 'tell', 'terrible', 'thing', 'think', 'threaten', 'thursday', 'time', 'time_olympian', 'times_square', 'tiny', 'today', 'tour', 'train', 'training', 'try', 'tuesday', 'tune', 'turn', 'type', 'ultimate_goal', 'united_states', 'university', 'uptight', 'velvet', 'video', 'virtuoso', 'wake', 'want', 'watch', 'way', 'wear', 'wednesday_night', 'week', 'weekend', 'wife', 'wild', 'willing', 'win', 'win_gold_medal', 'win_medal', 'win_olympic', 'winter_games', 'word', 'work', 'world', 'yale', 'yale_university', 'year', 'young', '’', '’_impossible']"
20,1494124456305909761,29,22,156,https://nyti.ms/3sH0ONE,2022-02-16 20:40:04-05:00,"['$', '-', '1,600', '10', '14,000', '1983', '2005', '2018', '2019', '2020', '2022', '21', '21,000', '3,050', '42,347', '5,100', '57', '9,500', 'abide', 'ability', 'able', 'academic', 'accept', 'accuse', 'administrator', 'admission', 'admit', 'affect', 'aggressive', 'agree', 'agreement', 'alameda', 'alleviate', 'announcement', 'anxiety', 'apartment', 'appeal', 'appellate_court', 'applicant', 'argue', 'ask', 'assurance', 'attend', 'august', 'avoid', 'bed', 'beginning', 'berkeley', 'berkley', 'bind', 'board', 'bokovoy', 'brad', 'build', 'building', 'bunch', 'calamitous', 'california', 'campus', 'car', 'case', 'catastrophic', 'chance', 'city', 'claim', 'community', 'concern', 'construct', 'continue', 'control', 'counsel', 'country', 'county', 'court', 'create', 'crisis', 'dan', 'decision', 'decline', 'decrease', 'delay', 'describe', 'determine', 'development', 'disadvantage', 'displace', 'downtown', 'effort', 'email', 'enroll', 'enrollment', 'environmental', 'exceed', 'expensive', 'explanation', 'faculty_member', 'fail', 'fair', 'fall', 'family', 'feb.', 'file', 'financial_aid', 'flagship', 'force', 'freeze', 'gain', 'graduate_student', 'group', 'grow', 'hard', 'harm', 'hearst', 'high', 'high_school', 'homelessness', 'hope', 'hotel', 'house', 'housing', 'idea', 'immediate', 'impact', 'incoming', 'increase', 'information', 'initiative', 'interview', 'ironic', 'irreparable_harm', 'judge', 'judgment', 'kristina', 'lawsuit', 'lawyer', 'lead', 'leader', 'leave', 'legal_battle', 'legislature', 'lengthy', 'level', 'live', 'los_angeles', 'lose', 'lot', 'low', 'low_income', 'lower', 'lower-', 'magnets', 'mandate', 'massive', 'mean', 'meet', 'middle_income', 'midst', 'million', 'mogulof', 'monday', 'month', 'nation', 'nature', 'need', 'neighborhood', 'neighborhoods', 'new', 'noise', 'note', 'notify', 'number', 'october', 'offer', 'official', 'order', 'organization', 'outcome', 'outweigh', 'pandemic', 'party', 'people', 'phil', 'piece', 'plan', 'postdoctoral', 'president', 'problem', 'proceed', 'project', 'projection', 'property', 'provide', 'public', 'rebuff', 'receive', 'reduction', 'refuse', 'regent', 'regents', 'rent', 'request', 'researcher', 'resident', 'restrict', 'result', 'rich', 'rule', 'sanchez', 'santa_barbara', 'save', 'scenario', 'school', 'seat', 'seek', 'selective', 'seligman', 'senior', 'sign', 'sit', 'sleep', 'slim', 'solution', 'space', 'spokesman', 'stand', 'state', 'statement', 'stay', 'stir', 'stop', 'student', 'stymie', 'sue', 'suffer', 'superior_court', 'support', 'supreme_court', 'system', 'talk', 'think', 'thousand', 'time', 'traffic', 'tragic', 'transfer', 'tremendous', 'try', 'tuition', 'u.c.', 'undergraduate', 'underrepresented', 'understand', 'university', 'university_california', 'university_california_berkeley', 'upper', 'wait', 'want', 'work', 'worry', 'year']"
21,1513100743061950470,17,18,98,https://nyti.ms/3upkRlG,2022-04-10 06:25:03-04:00,"['12', '13', '130', '14,5', '17', '18', '20', '2000', '2007', '2014', '2019', '26', '3', '34', '47', 'abarrotan', 'abecedario', 'acaba', 'acabaran', 'acelerada', 'acosado', 'activo', 'admiradore', 'adolescente', 'adulto', 'adversidade', 'afecta', 'agarrotados', 'agradable', 'agua', 'ah', 'ahora', 'al', 'al_día', 'al_menos', 'algo', 'algo_que', 'alrededor_de', 'altas', 'altura', 'amada', 'amerigo', 'amigo', 'amigos', 'ampliado', 'ancestro', 'ancianos', 'animar', 'anormal', 'ansiosos', 'antes_de', 'anticipaba', 'aparentemente', 'aparicione', 'apariencia', 'apenas', 'apergaminada', 'apetito', 'apoyar', 'aprendieran', 'aprendí', 'aproximadamente', 'arduas', 'arterias', 'articulaciones', 'artistas', 'así_como', 'atención', 'atraer', 'aumenta', 'aumente', 'aumento', 'aunque', 'autocompasión', 'autoridades', 'avanzada', 'avergonzado', 'ayuda', 'ayudar', 'año', 'años', 'aórtica', 'baja', 'bajos', 'balance', 'bar', 'basso', 'bebe', 'bebida', 'bebé', 'besa', 'besos', 'bien', 'biología', 'blanco', 'bloqueados', 'boston', 'brazos', 'brenta', 'broma', 'bromea', 'bromeó', 'buen', 'bueno', 'busca', 'caballero', 'cabeza', 'cada', 'cadera', 'calcificado', 'calle', 'cama', 'capaz', 'cara', 'cardiovascular', 'carreras', 'carreta', 'casa', 'casi', 'católico', 'celular', 'centímetros', 'cerdo', 'cerveza', 'chico', 'ciencia', 'ciencias', 'científico', 'cirugía', 'civilización', 'club', 'clínicas', 'clínicos', 'cofundadora', 'colega', 'colgando', 'como', 'como_un', 'complexión', 'comprender', 'comprendió', 'con', 'con_el', 'con_la', 'con_los', 'con_su', 'con_un', 'con_una', 'condena', 'condescendencia', 'condición', 'conoce', 'considerarse', 'consiguió', 'contra', 'contra_el', 'conversar', 'convertido', 'convertir', 'convertirse', 'corazón', 'coronavirus', 'corren', 'corriendo', 'costado', 'costo', 'crea', 'crecer', 'creen', 'creía', 'crisis', 'crítica', 'cuando', 'cubierta', 'cuenta', 'cuerpo', 'cura', 'curar', 'cuyo', 'cuán', 'células', 'cómo', 'da', 'dado', 'dame', 'darse', 'de', 'de_dólare', 'de_la', 'de_las', 'de_los', 'de_que', 'de_su', 'de_sus', 'de_una', 'debajo', 'debilita', 'defensores', 'deja', 'dejar', 'del', 'del_mundo', 'del_país', 'demasiado', 'demográfica', 'demás', 'deportivos', 'desalentadora', 'desconsolado', 'desde', 'después_de', 'devoto', 'dialecto', 'dice', 'diferencia', 'diferente', 'dignidad', 'dijeron', 'dijeron_que', 'dijo', 'dijo_que', 'dio', 'dios', 'disfrutaran', 'dislocación', 'divertido', 'dolorosa', 'doloroso', 'donde', 'dormitorio', 'dualidad', 'duele', 'duración', 'durante', 'décadas', 'día', 'e', 'económico', 'edad', 'edades', 'edición', 'efectos', 'ejemplo', 'el', 'el_poder', 'el_presidente', 'ella', 'ello', 'ellos', 'empujan', 'en', 'en_el', 'en_la', 'en_las', 'en_una', 'encabeza', 'encarna', 'encima', 'encuentros', 'enfermedad', 'enfermos', 'enfrentado', 'enfrentará', 'engulló', 'enorme', 'ensayo', 'ensayos', 'entender', 'entendiendo', 'entonce', 'entró', 'envejecen', 'envejecer', 'envejecimiento', 'equilibrar', 'era', 'es', 'es_el', 'es_un', 'esa', 'esbozó', 'esculpido', 'esfuerzo', 'eso', 'eso_es', 'esos', 'espacio', 'espalda', 'espera', 'esperanza', 'esta', 'estaba', 'estados_unidos', 'este', 'esto', 'estoy', 'estragos', 'estructura', 'estábamos', 'están', 'etapa', 'examen', 'exhibir', 'experiencia', 'experimental', 'experimentales', 'explosión', 'expresione', 'extensión', 'extraterrestre', 'extremadamente', 'facultad', 'faltó', 'familia', 'familiar', 'fatalmente', 'favorito', 'fe', 'feliz', 'fina', 'financiamiento', 'forma', 'formas', 'foto', 'fotos', 'francisco', 'frecuente', 'frágile', 'frío', 'fue', 'fuera', 'fueron', 'fundación', 'fábrica', 'fármaco', 'física', 'gafas', 'ganó', 'gastan', 'genes', 'genética', 'gilford', 'golpea', 'gordon', 'gota', 'grados', 'graduarse', 'gran', 'grasa', 'grave', 'griego', 'grupo_de', 'gustaría', 'gusto', 'ha', 'habitación', 'hablar', 'había', 'hace', 'hacer', 'hacerlo', 'hamburguesa', 'han', 'hasta', 'hay', 'hay_un', 'hecho', 'heredada', 'hicieron', 'hijo', 'hizo', 'hombre', 'hospital', 'huesos', 'huevo', 'humana', 'humano', 'hutchinson', 'identificada', 'igual', 'impidió', 'importante', 'importar', 'impresionante', 'incluido', 'independientemente', 'infancia', 'infantil', 'inglés', 'inmensa', 'innovador', 'insaciable', 'inspira', 'intentando', 'intentar', 'invasivas', 'investigaciones', 'investigación', 'investigador', 'investigadore', 'investigadores', 'investigar', 'ir', 'irrumpe', 'italia', 'italianos', 'joven', 'juguetes', 'jóvenes', 'kilos', 'la', 'la_casa', 'la_primera', 'la_vida', 'lado', 'las', 'laura', 'lavaba', 'le', 'le_dijo', 'les', 'leslie', 'libre', 'ligereza', 'limitaciones', 'lista', 'llamó', 'llegar', 'llegara', 'llena', 'llorando', 'lo', 'lo_más', 'lo_que', 'local', 'longevidad', 'los', 'los_investigadore', 'los_niños', 'los_últimos', 'lucchin', 'lucía', 'lugare', 'males', 'mamá', 'manteca', 'mantenido', 'maratones', 'marchito', 'matices', 'mayor', 'mayoría', 'medalla', 'medicamento', 'medicamentos', 'medicina', 'medicinas', 'medida', 'medio', 'mejor', 'mejore', 'menos', 'mensaje', 'mente', 'menuda', 'metro', 'mi', 'mientra', 'milagro', 'miles', 'millone_de', 'millones', 'molecular', 'momento', 'mortal', 'mostró', 'muchas', 'mucho', 'mucho_más', 'muchos', 'muestran', 'multitudes', 'mundial', 'mundo', 'murió', 'museo', 'mutación', 'muy', 'más', 'médicos', 'méxico', 'mí', 'nacimiento', 'nariz', 'natal', 'natalidad', 'natural', 'naturales', 'necesitan', 'neumonía', 'new', 'ni', 'nivele', 'niña', 'niño', 'nosotro', 'notablemente', 'notaron', 'novedosas', 'nuestros', 'nuevas', 'nuevo', 'nunca', 'o', 'obsesionada', 'obtener', 'ocupado', 'ocurre', 'ojos', 'operación', 'ordinario', 'organización', 'oso', 'otra', 'otros', 'ovni', 'oy', 'paciente', 'padecen', 'padre', 'papa', 'papel', 'para', 'para_el', 'para_las', 'pare', 'parece', 'parecía', 'parecían', 'parezco', 'participó', 'pasar', 'pasaría', 'paso', 'pasó', 'paíse', 'pediatra', 'pelo', 'peluche', 'pequeña', 'pequeño', 'pero', 'persona', 'personas', 'personas_que', 'perspectiva', 'peso', 'pidan', 'pie', 'piel', 'pista', 'plagada', 'plan', 'plane', 'plataforma', 'platos', 'poco', 'pocos', 'poderosa', 'podría', 'pone', 'poner', 'por', 'por_la', 'por_los', 'por_primera', 'por_un', 'porque', 'portavoz', 'posibilidades', 'posible', 'pospuso', 'prematuro', 'prestado', 'primer', 'primero', 'primeros', 'probablemente', 'probado', 'probarla', 'produce', 'progeria', 'progerina', 'promedio', 'prominente', 'propio', 'protagoniza', 'proteína', 'pruebas', 'puede', 'pueden_ser', 'puso', 'póster', 'que', 'que_es', 'que_están', 'que_había', 'que_la', 'que_las', 'que_le', 'que_los', 'que_se', 'que_su', 'querido', 'queso', 'quien', 'quién', 'radio', 'rara', 'rasca', 'rato', 'razón', 'reclutado', 'reconocidos', 'recordando', 'recuerda', 'recuerdos', 'reemplazar', 'refiriéndose', 'regalo', 'región', 'regresó', 'resistente', 'respetando', 'respondió', 'reunión', 'revela', 'revertir', 'riesgo_de', 'rostro', 'roswell', 'ruedas', 'runners', 'rápido', 'sabiduría', 'salir', 'salpica', 'salta', 'sam', 'sammy', 'se', 'se_ha', 'se_le', 'sea', 'sean', 'secundaria', 'sede', 'seguro', 'senilidad', 'sensibilización', 'ser', 'seré', 'si', 'siempre', 'siendo', 'siente', 'siga', 'significa', 'significan', 'sin', 'singular', 'sistema', 'sobre', 'sobre_la', 'sol', 'someterse', 'sometió', 'son', 'sonrisa', 'sonríe', 'soy', 'su', 'su_hijo', 'su_madre', 'suave', 'suavemente', 'suele', 'suficiente', 'sufrir', 'sufrió', 'sul', 'superar', 'superior', 'sus', 'suétere', 'sé', 'síndrome', 'talks', 'tamaño', 'también', 'tan', 'tasa', 'teatro', 'ted', 'televisión', 'tema', 'tenía', 'tezze', 'tiempo', 'tiene', 'tienes', 'tinto', 'tipo', 'todavía', 'todo', 'todo_el', 'todo_los', 'tomarse', 'trabajo', 'tradicional', 'tras', 'trastorno', 'trata', 'tratando', 'tre', 'trofeos', 'tus', 'típico', 'título', 'tóxicos', 'un', 'un_grupo', 'un_momento', 'un_poco', 'una', 'una_mujer', 'una_vez', 'universitario', 'uno_de', 'uno_de_los', 'urgente', 'vacunación', 'vacunarse', 'valiosa', 'valorando', 'varias', 'vaso', 'vece', 'vecino', 'veintitanto', 'vejez', 'veladoras', 'veneciano', 'ver', 'vertiginosa', 'vez', 'vez_que', 'vi', 'vida', 'viejo', 'viejos', 'vino', 'vio', 'visibilidad', 'visión', 'visto', 'vive', 'vivir', 'viviré', 'viví', 'vivían', 'vocero', 'voy', 'voz', 'vulnerables', 'válvula', 'véneto', 'washington', 'y', 'y_el', 'y_la', 'y_las', 'y_se', 'y_su', 'y_sus', 'ya', 'yidis', 'yoy', 'zapato', '¡', 'él', 'última', 'única', 'únicamente', 'útile']"
22,1509600710798856193,290,56,2646,https://nyti.ms/38b5lBj,2022-03-31 14:37:11-04:00,"[' ', '$', '$_3', '$_50', '-', '1', '10', '15', '15_percent', '16,000', '1800s', '1954', '1959', '1970', '2', '200', '2004', '2009', '2011', '2017', '2019', '21,000', '23_percent', '25', '28', '30', '32', '5', '50', '51,000', '6', '75', '8', '9', 'access', 'accompany', 'accord', 'accrue', 'achieve', 'action', 'address', 'adjust', 'age_65', 'amherst', 'amnesty', 'angela', 'announce', 'apologetic', 'ariel', 'arrive', 'ask', 'associate', 'barrier', 'believe', 'billy', 'block', 'book', 'boondock', 'borough', 'borrow', 'boston', 'box', 'branch', 'bronx', 'brooklyn', 'brooklyn_queens', 'budget', 'business', 'care', 'career', 'catholic', 'cent', 'change', 'charge', 'check', 'chicago', 'child', 'chips', 'circulate', 'city', 'clear', 'collect', 'collection', 'college', 'come', 'communication', 'conduct', 'contain', 'copy', 'couple', 'cover', 'crash', 'customer', 'dallas', 'day', 'decade', 'december', 'deem', 'depend', 'different', 'disability', 'discouraging', 'dollar', 'dominique', 'dongan', 'drop', 'dvd', 'effectiveness', 'eliminate', 'enclose', 'encouraging', 'end', 'english', 'erase', 'face', 'fall', 'family', 'february', 'fee', 'film', 'fine', 'flushing', 'follow', 'foundation', 'generate', 'goal', 'gomillion', 'good', 'goodbye', 'half', 'healthy', 'help', 'hills', 'hilton', 'hit', 'hollis', 'hour', 'house', 'ii', 'increase', 'insist', 'interview', 'irish', 'item', 'jamaica', 'james', 'join', 'judge', 'july', 'large', 'late', 'learn', 'leave', 'letter', 'librarian', 'libraries', 'library', 'like', 'limited', 'live', 'long_island', 'lose', 'low', 'mail', 'main', 'manhattan', 'marketing', 'marx', 'material', 'midtown', 'million', 'mission', 'montefinise', 'month', 'motherhood', 'nashville', 'need', 'new_york', 'new_york_city', 'news', 'niarchos', 'note', 'novelist', 'novella', 'oct.', 'october', 'old', 'opportunity', 'overdue', 'owe', 'package', 'pandemic', 'parent', 'parrott', 'patron', 'people', 'person', 'phone_interview', 'place', 'plaza', 'policy', 'president', 'program', 'proof', 'public', 'public_library', 'queens', 'rate', 'rating', 'read', 'ready', 'recall', 'receipt', 'receive', 'recent', 'reggie', 'replacement', 'research_center', 'resident', 'return', 'revenue', 'rotten', 'run', 'saints', 'san_francisco', 'sense', 'shame', 'shopping', 'single', 'smith', 'sorry', 'source', 'south', 'staten_island', 'stavros', 'stop', 'stress', 'study', 'substantial', 'sum', 'supervisor', 'support', 'suspend', 'system', 'teaching', 'tell', 'tienya', 'tomatoes', 'tony', 'try', 'unsigned', 'ups', 'vice_president', 'vigilante', 'visitor', 'wave', 'way', 'wife', 'work', 'write', 'year', 'year_old', 'year_old_daughter']"
23,1488563026517184513,44,22,414,https://nyti.ms/3udXYCd,2022-02-01 12:20:56-05:00,"['able', 'close_friend', 'impart', 'simple', 'thing', 'try', 'wake', 'wisdom']"
24,1496979520259252224,70,30,311,https://nyti.ms/3HjkAnN,2022-02-24 17:45:04-05:00,"['2000', '2016', 'able', 'absence', 'accretion', 'acid', 'acquisitive', 'acworth', 'add', 'admission', 'admit', 'advance', 'affluence', 'afternoon', 'age', 'aggression', 'aggressive', 'ahmaud_arbery', 'air', 'alan', 'alaska', 'albright', 'alert', 'alexis', 'alive', 'altruism', 'ambulatory', 'america', 'american', 'americans', 'americas', 'angry', 'animal', 'announce', 'anthes', 'antidote', 'aplenty', 'appear', 'appetite', 'appreciation', 'arc', 'arthur', 'article', 'articulating', 'aspect', 'attack', 'atwood', 'audacious', 'audience', 'aurora', 'awareness', 'bad', 'bag', 'ballot', 'bandanna', 'barbarism', 'bark', 'battery', 'battle', 'beautiful', 'beauty', 'begin', 'belief', 'believer', 'bellowing', 'bemoan', 'bernard', 'bernie', 'betsy', 'big', 'binturong', 'birmingham', 'bit', 'bitter', 'black_woman', 'blazer', 'blind', 'blood', 'blue', 'book', 'boomer', 'border', 'boundless', 'bowl', 'bret_stephens', 'bridge', 'broadway', 'brooks', 'brutal', 'buck', 'buckley', 'bully', 'buoy', 'burke', 'burn', 'calendar', 'capable', 'case', 'cast', 'casualty', 'cavalier', 'cent', 'center', 'centric', 'century', 'charlotte', 'chocolate', 'choose', 'christopher', 'citizen', 'city', 'class', 'clung', 'cluster', 'coati', 'cold_war', 'colleague', 'collection', 'collins', 'colo.', 'colorado', 'come', 'command', 'commence', 'communicate', 'compromise', 'concert', 'condemn', 'conduct', 'connection', 'connotation', 'conquest', 'conservatism', 'conservative', 'conservative_pundit', 'consider', 'console', 'conspiracy', 'constant', 'content', 'convey', 'cool', 'cooper_jones', 'copy', 'corner', 'coronavirus', 'corrosive', 'cosell', 'country', 'covid', 'cranky', 'creature', 'credit', 'creep', 'critic', 'cross', 'crowded', 'cult', 'cultural', 'culture', 'current', 'dad', 'daily', 'danger', 'david', 'day', 'deadly', 'death', 'deem', 'degree', 'democratic', 'depend', 'describe', 'description', 'desire', 'destructive', 'determine', 'devastated', 'devise', 'die', 'diet', 'different_kind', 'diminution', 'disappointment', 'disbelief', 'discover', 'discuss', 'disregard', 'dozen', 'drive', 'durham', 'dusk', 'dwight', 'educate', 'education', 'effort', 'elderly', 'elite', 'elizabeth', 'email', 'embarrassed', 'embarrassment', 'emily', 'emote', 'empathy', 'encounter', 'end', 'ender', 'enduring', 'energy', 'enlightened', 'enrage', 'envious', 'epiphany', 'epitomize', 'essay', 'eternal', 'europe', 'european_union', 'evanescence', 'evidence', 'evolution', 'evolve', 'excellent', 'excerpt', 'exemplar', 'expect', 'expend', 'experience', 'explosion', 'expose', 'extraordinary', 'extreme', 'eyesight', 'face', 'factionalism', 'failure', 'fairbanks', 'fairy_tale', 'falls', 'fashion', 'favorite', 'febreze', 'feel', 'fern', 'fiber', 'field', 'fight', 'fill', 'find', 'fitting', 'focus', 'folly', 'force', 'fox', 'fragility', 'fresh', 'funny', 'future', 'game', 'gap', 'garner', 'generational', 'genre', 'george', 'gerard', 'gift', 'gifted', 'givhan', 'glass', 'globe', 'god', 'good', 'grace', 'grandiosity', 'gratitude', 'great', 'greatness', 'grief', 'grow', 'guarantor', 'guest', 'halftime', 'hand', 'happen', 'harbinger', 'hard', 'hateful', 'headline', 'hear', 'help', 'high', 'hillary_clinton', 'history', 'hold', 'honeoye', 'hope', 'hospital', 'host', 'hour', 'hover', 'huddle', 'human', 'humor', 'humorlessness', 'ignatius', 'imbler', 'imperil', 'impression', 'include', 'inconstancy', 'infect', 'infiltrate', 'information', 'inhibited', 'innocent', 'intellectual', 'intent', 'internal', 'intolerance', 'invade', 'invasion', 'invite', 'james', 'jeff', 'join', 'jonathan', 'jonine', 'joy', 'keith', 'khakis', 'kind', 'kingdom', 'kirsch', 'know', 'knowledge', 'lacey', 'land', 'lead', 'learn', 'leave', 'legacy', 'leila', 'lemur', 'lesson', 'let', 'level', 'liberalism', 'lie', 'life', 'lifetime', 'limit', 'lion', 'little', 'lively', 'living', 'liz', 'look', 'love', 'luster', 'mad', 'madeleine', 'magadom', 'magnificent', 'man', 'manhattan', 'margaret', 'martha', 'martini', 'mary', 'marybeth', 'match', 'material', 'matter', 'max', 'mean', 'meaningful', 'means', 'meet', 'megalomania', 'melissa', 'mention', 'merchant', 'mercy', 'merkel', 'message', 'messy', 'miami', 'mich.', 'middle_east', 'midfield', 'mighty', 'mike', 'million_people', 'minded', 'mindful', 'misinformation', 'miss', 'mix', 'modern', 'moment', 'morning', 'mother', 'movement', 'movie', 'mundi', 'muscle', 'music', 'myrmidon', 'n.c.', 'n.h.', 'n.y.', 'nation', 'native', 'nature', 'need', 'negative', 'neighbor', 'new', 'nominate', 'nomination', 'nonsense', 'north_korean', 'nostalgia', 'note', 'notion', 'number', 'observe', 'olazabal', 'old', 'open', 'oprah', 'optimistic', 'order', 'original', 'overdue', 'o’rourke', 'p.j.', 'pace', 'pain', 'painstaking', 'pale', 'pandemic', 'parasite', 'particular', 'passage', 'past', 'path', 'pause', 'pawky', 'peace', 'pearisburg', 'peer', 'people', 'perform', 'peril', 'personal', 'personality', 'perspective', 'pettiness', 'petty', 'phrase', 'place', 'playlist', 'pleasing', 'pleasure', 'plenty', 'point', 'political', 'ponder', 'poniewozik', 'porcupine', 'portrait', 'potent', 'powerlessness', 'praise', 'prefer', 'preppy', 'presence', 'present', 'price', 'prickly', 'production', 'profound', 'progress', 'projection', 'promise', 'protect', 'protective', 'prove', 'psychology', 'publication', 'pulpit', 'puppy', 'pursue', 'putin', 'quality', 'question', 'questions', 'raccoon', 'rap', 'rapacious', 'reach', 'read', 'reader', 'reassurance', 'recent', 'recommend', 'reflect', 'refuse', 'remain', 'remark', 'remember', 'render', 'repeat', 'report', 'republicans', 'resemble', 'residence', 'resistance', 'resplendent', 'rest', 'restore', 'restraint', 'resume', 'review', 'revolutionary', 'right', 'risk', 'robin', 'romance', 'rothstein', 'row', 'rule', 'run', 'russia', 'russian', 'sabotage', 'sabrina', 'sadness', 'salvation', 'san_francisco', 'savagery', 'save', 'sawatzky', 'scale_invasion', 'science', 'sea', 'secretary_state', 'self', 'sense', 'sense_humor', 'sensitive', 'sentence', 'series', 'shape', 'share', 'sharp', 'sheer', 'shock', 'shulman', 'significant', 'sit', 'size', 'skepticism', 'small', 'smart', 'snider', 'snoop_dogg', 'society', 'solemnity', 'solipsistic', 'soloski', 'somersault', 'sophistication', 'soundtrack', 'southeast_asia', 'southfield', 'sovereign_nation', 'speak', 'special_military_operation', 'specie', 'spectrum', 'speech', 'spiers', 'spill', 'spray', 'spring', 'springs', 'squeeze', 'stage', 'stamm', 'steal', 'step', 'stew', 'stewart', 'stick', 'strain', 'strength', 'strike', 'strong', 'strongman', 'stubborn', 'stupidity', 'super_bowl', 'suppose', 'sure', 'surprised', 'surprising', 'surround', 'survive', 'susan', 'suspect', 'suspicious', 'sweeping', 'table', 'talk', 'tasty', 'teach', 'technology', 'television', 'tend', 'tendency', 'term', 'territorialism', 'thank', 'theater', 'thing', 'think', 'thousand', 'thrilling', 'tiger', 'time', 'times', 'tip', 'today', 'tool', 'toothed', 'trace', 'tracksuit', 'trait', 'transform', 'treadmill', 'tremble', 'tribalism', 'tribune', 'tribute', 'trip', 'trope', 'trump', 'try', 'tucker_carlson', 'tuesday', 'tuesday_night', 'tumble', 'turn_attention', 'u.s.', 'ugly', 'ukraine', 'ukrainian', 'ukrainians', 'unabated', 'understand', 'unflinche', 'united_states', 'use', 'usher', 'usual', 'va.', 'vaccine', 'vanity', 'venice', 'viciousness', 'virus', 'vladimir_putin', 'voice', 'vote', 'vulnerability', 'vulnerable', 'wall', 'wanda', 'want', 'war', 'warfare', 'wash.', 'washington_post', 'waterfall', 'wave', 'way', 'weakened', 'weakness', 'website', 'week', 'west', 'western', 'winfrey', 'wing', 'winkworth', 'wish', 'wit', 'witty', 'wondrous', 'word', 'wordsmith', 'wordsmithing', 'work', 'workout', 'workplace', 'world', 'world_war_ii', 'wow', 'write', 'writer', 'writing', 'year', 'yesterday', 'zenith', 'zoo', '’']"
25,1485545435301388288,60,31,294,https://nyti.ms/3fOxChE,2022-01-24 04:30:06-05:00,"['11', '2019', '2020', '24_hour', '6', '7', '9', 'able', 'accord', 'achieve', 'active', 'activity', 'additional', 'aerobic', 'affect', 'afternoon', 'aging', 'alter', 'ambitious', 'animal', 'arm', 'article', 'aspect', 'base', 'basic', 'bed', 'bedtime', 'begin', 'beginner', 'benefit', 'bike', 'biological', 'blood', 'blood_pressure', 'blood_sugar', 'body', 'brief', 'brisk', 'broad', 'brown', 'build', 'burning', 'cardiac', 'cell', 'center', 'challenging', 'chance', 'change', 'check', 'choose', 'chow', 'chronobiology', 'chronotype', 'circadian', 'clinical', 'clock', 'communicate', 'comparable', 'complete', 'complex', 'concentrate', 'consortium', 'contain', 'contribute', 'control', 'coordinate', 'copenhagen', 'core', 'count', 'cover', 'creature', 'cue', 'dark', 'day', 'decide', 'deep', 'depend', 'develop', 'diabetes', 'differ', 'difference', 'different', 'direct', 'discrepancy', 'disease', 'disparity', 'division', 'dr.', 'drive', 'drop', 'early', 'eat', 'echo', 'effect', 'emerge', 'endocrinology', 'energy', 'enumerate', 'equivalent', 'evening', 'examine', 'executive_director', 'exercise', 'expenditure', 'experiment', 'extend', 'fat', 'feature', 'female', 'finding', 'fitness', 'follow', 'foundation', 'fuel', 'fun', 'function', 'gene', 'gentle', 'goal', 'good', 'great', 'group', 'grow', 'habit', 'health', 'healthy', 'heart', 'heart_rate', 'help', 'help_explain', 'high_risk', 'hold', 'hormone', 'hour', 'hunger', 'hypothalamus', 'identify', 'impact', 'important', 'improve', 'inconsistent', 'increase', 'influence', 'inner', 'instance', 'institute', 'insulin', 'integrative', 'interesting', 'internal', 'international', 'interplay', 'intricate', 'involve', 'jog', 'join', 'juleen', 'karolinska', 'kind', 'know', 'lab', 'late', 'learn', 'leg', 'level', 'light', 'limit', 'limitation', 'lisa', 'live', 'liver', 'locked', 'look', 'lose_weight', 'loss', 'low', 'machinery', 'male', 'malleable', 'man', 'map', 'marker', 'matter', 'metabolic', 'metabolism', 'microscopic', 'minute', 'moderate', 'molecular', 'molecule', 'month', 'morning', 'mouse', 'multiple', 'muscle', 'new', 'nocturnal', 'nordisk', 'novo', 'number', 'occur', 'old', 'operation', 'opposite', 'orchestrated', 'organ', 'original', 'outcome', 'oversee', 'particular', 'past', 'pattern', 'people', 'pervasive', 'physical_activity', 'physiology', 'pick', 'play', 'potency', 'pound', 'predictable', 'prepare', 'process', 'professor', 'professor_medicine', 'profile', 'program', 'prove', 'quantifying', 'recalibrate', 'recent', 'relate', 'relaxation', 'relevance', 'reliance', 'remarkable', 'repeat', 'research', 'research_suggest', 'researcher', 'respond', 'rest', 'result', 'rhythm', 'ride', 'risk', 'rodent', 'routine', 'run', 'sample', 'schedule', 'scientist_study', 'scope', 'sedentary', 'sensitivity', 'serve', 'session', 'share', 'shed', 'short', 'signal', 'similar', 'single', 'sit', 'sleep', 'sleepiness', 'slow', 'small', 'sophisticated', 'specific', 'spike', 'stand', 'start', 'stave', 'stockholm', 'strengthen', 'strong', 'study', 'study_publish', 'suggest', 'surface', 'surge', 'suspect', 'sweden', 'swim', 'system', 'tabulate', 'teenager', 'tell', 'temperature', 'tend', 'term', 'test', 'thank', 'thing', 'time', 'timing', 'tiny', 'tissue', 'total', 'treadmill', 'true', 'try', 'tune', 'type_2', 'underscore', 'undesirable', 'unexpected', 'university', 'university_minnesota', 'usage', 'use', 'vampire', 'venture', 'version', 'wake', 'walk', 'want', 'week', 'weight', 'wheel', 'white', 'wonder', 'work', 'working', 'workout', 'yoga', 'zierath']"
26,1482200934897917952,69,210,365,https://nyti.ms/3nsmxqZ,2022-01-14 23:00:15-05:00,"['.', '10th', '14', '20', '2022', '21st', '21st_grand', '34', '90_percent', '9:30', 'a.m._local_time', 'accuse', 'acknowledge', 'actual', 'add', 'aleksandar', 'alex', 'alex_hawke', 'allow', 'ally', 'analyst', 'anti_-_vaccine', 'apologize', 'appeal', 'application', 'approach', 'argue', 'argument', 'arrival', 'arrive', 'ask', 'asylum_seeker', 'atp', 'attempt', 'attend', 'attorney_office', 'attribute', 'australia', 'australian', 'australian_government', 'australian_open', 'australians', 'authority', 'balance', 'ban', 'base', 'battle', 'begin', 'belgrade', 'border', 'broad', 'cancel_visa', 'carlo', 'case', 'cavalier', 'center', 'challenge', 'choice', 'clash', 'combat', 'come', 'community', 'compassion', 'compete', 'complete', 'concede', 'concern', 'consult', 'controversy', 'coronavirus', 'country', 'court', 'courtroom', 'crisis', 'criticize', 'david', 'day', 'de', 'dec._16', 'dec._18', 'december', 'decision', 'defend', 'deport', 'detain', 'detention', 'develop', 'development', 'devious', 'disease', 'dispute', 'disregard', 'disrespect', 'distinct', 'distraction', 'djokovic', 'djokovic_visa', 'document', 'drama', 'draw', 'earn', 'ease', 'effort', 'election', 'elite', 'emerge', 'end', 'endure', 'engender', 'enjoy', 'enter', 'enter_australia', 'error', 'example', 'exemption', 'expect', 'explain', 'express', 'express_concern', 'fail', 'fair', 'fake', 'false_statement', 'family', 'fatigue', 'favor', 'federal', 'feel', 'fellow', 'fight', 'flout', 'follow', 'force', 'foster', 'fourth_consecutive', 'friday', 'global', 'gojkovic', 'government', 'grand_slam', 'grant', 'grapple', 'great', 'ground', 'hall_fame', 'handler', 'handling', 'harm', 'hawke', 'health', 'hear', 'hearing', 'help', 'hero', 'high_profile', 'highlight', 'hit', 'hold', 'home', 'host', 'hotel', 'human', 'immigration', 'imminent', 'important', 'impossible', 'impression', 'inaccurate', 'incident', 'include', 'inflame', 'influential', 'inform', 'information', 'initial', 'intend', 'interest', 'interview', 'investigation', 'irregularity', 'jan._5', 'journalist', 'judge', 'judgment', 'justice', 'kekmanovic', 'lament', 'late', 'law', 'lawyer_argue', 'lay', 'lead', 'learn', 'leave', 'legal', 'legal_team', 'leverage', 'life', 'lift', 'limit', 'live', 'lockdown_restriction', 'long', 'look', 'lose', 'loser', 'lot', 'lucky', 'man', 'martina', 'matter', 'mean', 'medical_exemption', 'melbourne', 'melbourne_airport', 'member', 'minaur', 'minister', 'minority', 'miomir', 'mistreat', 'monday', 'monte', 'month', 'mood', 'movement', 'nation', 'national', 'navratilova', 'novak_djokovic', 'obtain', 'ok', 'ongoing', 'opportunity', 'order', 'ordinary', 'organization', 'organizer', 'outbreak', 'outrage', 'oversight', 'pandemic', 'panel', 'paper', 'party', 'people', 'photo', 'play', 'player', 'police', 'political', 'pose', 'position', 'positive_covid-19', 'positive_test', 'practice', 'precautionary', 'preferential', 'premise', 'prepare', 'presence', 'president', 'prevent', 'prime_minister_scott_morrison', 'procedural', 'produce', 'program', 'protect', 'qualifying', 'question', 'rafael_nadal', 'ramification', 'rank', 'receipt', 'receive', 'recent', 'record', 'refugee', 'refuse', 'remain', 'replace', 'report', 'representative', 'require', 'requirement', 'rescind', 'resolve', 'result', 'return', 'return_normal', 'reveal', 'revelation', 'revocation', 'revoke', 'right', 'role_model', 'round', 'rule', 'rule_law', 'ruling', 'saga', 'saturday', 'schedule', 'second', 'secret', 'seed', 'send', 'sentiment', 'serbia', 'serbian', 'set', 'shocking', 'shoot', 'showdown', 'similar', 'single', 'skeptic', 'slam', 'spain', 'sport', 'sporting', 'spread', 'spread_coronavirus', 'spread_virus', 'star', 'state', 'state_emergency', 'statement', 'status', 'stay', 'stunning', 'submit', 'sunday', 'sunrise', 'support', 'supporter', 'surge_coronavirus', 'swirl', 'symptom', 'target', 'team', 'television', 'tell', 'tennis', 'tennis_player', 'tennis_star', 'tension', 'test', 'test_positive', 'thing', 'think', 'threat', 'time', 'title', 'tough', 'tour', 'tournament', 'travel', 'treatment', 'trophy', 'turn', 'unfair', 'unfold', 'unorthodox', 'unscientific', 'unvaccinated', 'uphold', 'vaccinate', 'vaccinate_coronavirus', 'vaccinated', 'valid', 'video', 'view', 'violate', 'virus', 'visa', 'vucic', 'want', 'way', 'wednesday', 'week', 'win', 'withdraw', 'wonder', 'work', 'world', 'zoran']"
27,1498864447527567366,124,80,680,https://nyti.ms/3MfCony,2022-03-01 22:35:06-05:00,"['$', '$_1.8', '1,800', '13', '14', '1945', '2020', '2020_election', '23_percent', '37_percent', '3_percent', '44_percent', '47', '6.4', '60_million', '70_percent', '90_percent', 'a.p.', 'abc_news', 'abuse', 'accept', 'accord', 'action', 'add', 'affairs', 'agenda', 'aggression', 'agree', 'aid_package', 'airspace', 'aisle', 'alliance', 'allocation', 'allred', 'ambassador_united_states', 'ambitious', 'america', 'american', 'americans', 'angry', 'announce', 'annual', 'answer_defund', 'anticipate', 'apartment', 'appeal', 'appear', 'appear_intent', 'applaud', 'applause', 'apple', 'appoint_special', 'approach', 'approval_rating', 'arrive', 'assessment', 'associated_press', 'attack', 'audience', 'average', 'awful', 'backing', 'ban_russian', 'barrel_oil', 'beau', 'believe', 'bend', 'biden', 'biden_victory', 'big', 'bilk', 'billion', 'billion_dollar', 'bipartisan', 'bipartisan_group', 'birthday', 'black_caucus', 'black_woman', 'blame', 'blue_yellow', 'boebert', 'bogge', 'bolster', 'box', 'boy', 'brain', 'bring', 'broad', 'build', 'building', 'cancer', 'capital_kyiv', 'capitol', 'car', 'care', 'careful', 'case', 'castigate', 'cause', 'center', 'centrist', 'challenge', 'chamber', 'chant', 'chaos', 'chat', 'cheap', 'child_care', 'cite', 'city', 'climate_change', 'coffin', 'colin', 'colleague', 'color', 'colorado', 'combat', 'come', 'command', 'commander_chief', 'comment', 'complacency', 'complaint', 'complicated', 'concern', 'concrete', 'confidence', 'confirm', 'conflict', 'congress', 'congressional', 'consequential', 'consider', 'conspiracy', 'contain', 'continue', 'control', 'coronavirus_case', 'coronavirus_pandemic', 'corrupt', 'cost', 'counter', 'counterpart', 'counting', 'country', 'cover', 'covid', 'covid-19', 'crisis', 'criticize', 'crony', 'crowd', 'cumulative', 'curb', 'curtail', 'cut', 'daily', 'davis', 'day', 'death', 'declare', 'defeat', 'defection', 'defend', 'delaware', 'deliver', 'democratic_senator', 'demonstrate', 'diabetes', 'dictator', 'die', 'die_covid', 'difference', 'different', 'diplomacy', 'direction', 'discord', 'disease', 'dispute', 'divide', 'dividing_line', 'domestic', 'domestic_agenda', 'drape', 'drive', 'earn', 'economic', 'economic_sanction', 'economy', 'education', 'effort', 'egg', 'eld', 'elect', 'electoral_college', 'emergency', 'emphasize', 'encourage', 'endanger', 'enemy', 'energize', 'energy', 'enjoy', 'envision', 'erupt', 'europe', 'european_ally', 'european_leader', 'expand', 'explain', 'face', 'fade', 'fall', 'families', 'family', 'fanfare', 'feel_pain', 'fellow', 'fence', 'fight', 'find', 'flag', 'flee', 'follow', 'foot', 'force', 'foreign', 'foreign_policy', 'formal', 'fortune', 'fraction', 'fraud', 'fraught', 'free', 'fund', 'gallup', 'gasoline_price', 'generate', 'georgia', 'glum', 'god', 'good', 'gottheimer', 'gov.', 'great', 'gun', 'hail', 'happy', 'head', 'heroism', 'highlight', 'history', 'hit', 'hold', 'hollywood_studio', 'home', 'hopeful', 'hourlong', 'house_chamber', 'humanitarian_aid', 'imagine', 'immigration', 'impose', 'impose_sanction', 'impressive', 'include', 'increase', 'indicator', 'inflation', 'infrastructure', 'initiative', 'innovation', 'institution', 'insulin', 'intense', 'international', 'interrupt', 'introduce', 'invade_ukraine', 'investigate', 'invite', 'involve', 'iowa', 'iranian', 'iraq', 'jackson', 'january', 'jill', 'job', 'join', 'joint_session', 'josh', 'joshua', 'judge', 'kentucky_minority', 'ketanji_brown', 'kid', 'kill', 'kim', 'kind', 'know', 'labels', 'lady', 'land', 'landscape', 'large_scale', 'late', 'lauren_boebert', 'law_enforcement', 'lawmaker', 'lay', 'lay_siege', 'lead', 'leader', 'leapt', 'learn_lesson', 'leave', 'legislative', 'lens', 'let', 'lie', 'life', 'like_minded', 'limit', 'line', 'linger', 'little', 'live', 'living', 'loath', 'lock', 'logjamme', 'look', 'lose', 'low', 'lower', 'lower_cost', 'luxury', 'manufacturing', 'markarova', 'market', 'mask_optional', 'mcconnell', 'mcconnell_republican', 'mean', 'measure', 'meet', 'member', 'member_congress', 'menacing', 'michigan', 'midterm_election', 'military_spending', 'miscalculate', 'missile', 'mob', 'moderate', 'modern', 'mogul', 'moment', 'money', 'moneyed', 'month', 'moscow', 'movie', 'multinational', 'nation', 'national_guard', 'nato', 'nato_ally', 'need', 'negotiation', 'new', 'new_jersey', 'new_variant', 'news', 'nomination_judge', 'norc', 'number', 'occasion', 'office', 'official', 'oksana', 'oligarch', 'open', 'opportunity', 'opposition', 'order', 'ovation', 'overcome', 'overshadow', 'overwhelm', 'package', 'pandemic', 'pandemic_relief', 'paramount', 'partisan', 'party', 'passage', 'past_week', 'pay', 'pay_tribute', 'peak', 'pedigree', 'people', 'percent', 'persuade', 'pitch', 'place', 'plan', 'plane', 'point', 'polarization', 'police', 'politic', 'political', 'poll', 'power', 'practice', 'prekindergarten', 'premeditate', 'prepare', 'prescription_drug', 'present', 'presidency', 'president', 'president_donald_j._trump', 'president_vladimir_v._putin', 'press', 'price', 'pride', 'priority', 'private_company', 'private_jet', 'proceed', 'product', 'production', 'profit', 'program', 'progress', 'progressive', 'promise', 'promote', 'prompt', 'prop', 'prosecutor', 'protest', 'public', 'putin', 'quarrel', 'rain', 'rally', 'rare', 'rashida', 'reach', 'ready', 'reassure', 'rebirth', 'rebuild', 'recent_day', 'refer', 'reform', 'refuse_accept', 'regime', 'reject', 'rejuvenate', 'related', 'release', 'rely', 'remain', 'remind', 'repeat', 'report', 'representative', 'representative_marjorie', 'republican', 'republicans', 'require', 'research', 'reserve', 'reset', 'resist', 'resistance', 'respond', 'response', 'return', 'revitalization', 'reynolds', 'right', 'ring', 'rise', 'rite', 'roll', 'rostrum', 'rosy', 'russia', 'russia_invasion', 'russian', 'russian_aggression', 'russian_oligarch', 'sale', 'scene', 'school', 'seal', 'seat', 'second', 'security', 'seek', 'seize', 'semiconductor', 'senate', 'senator_mitch', 'send', 'separate', 'serve', 'service', 'shake_foundation', 'shaky', 'shout', 'sign', 'single', 'size', 'small', 'smile', 'snag', 'social_distancing', 'social_spending', 'solidarity', 'son', 'sound', 'sour', 'speak', 'speaker_nancy_pelosi', 'spectacle', 'speech', 'spell', 'spread', 'stage', 'stall', 'stand', 'standing', 'start', 'state', 'state_union_address', 'stem', 'step', 'stop', 'storm', 'strategic_petroleum', 'strength', 'strong', 'struggle', 'stumble', 'supply_chain', 'support', 'suppose', 'supreme_court', 'survey', 'suspend', 'talk', 'taylor_greene', 'team', 'tell_reporter', 'tenure', 'testing', 'texas', 'text', 'think', 'threat', 'threaten', 'time', 'tlaib', 'today', 'toll', 'tonight', 'total', 'tough', 'tradition', 'transformed', 'travail', 'trillion', 'troop', 'trouble', 'trump', 'try', 'tuesday', 'turn', 'ukraine', 'ukrainian', 'ukrainian_flag', 'ukrainian_resistance', 'unified', 'union', 'united', 'united_states', 'unity', 'universal', 'unprovoked', 'unpunished', 'unthinkable', 'unveil', 'upbeat', 'use', 'usual', 'vacant', 'vice_president_kamala_harris', 'view', 'violent', 'virginia', 'virus', 'vladimir_putin', 'voice', 'vote', 'voter', 'vow', 'wage', 'wall', 'war', 'warn', 'washington_post', 'washington_president_biden', 'watch', 'wave', 'way', 'weakness', 'wear', 'weigh', 'west', 'white_house', 'wish', 'withdrawal_afghanistan', 'woman', 'word', 'working', 'world', 'wrong', 'yacht', 'yahoo', 'year', 'yougov']"
28,1488171563845361668,45,14,144,https://www.nytimes.com/interactive/2022/01/31/world/europe/report-of-sue-gray-investigation-into-downing-street-lockdown-parties.html?smid=tw-nytimes&smtyp=cur,2022-01-31 10:25:24-05:00,"['2020', 'coronavirus', 'downing_street', 'england', 'gathering', 'hold', 'lockdown', 'report']"
29,1496799586236747782,669,122,2901,https://nyti.ms/3IxjXsh,2022-02-24 05:50:05-05:00,"['$_10_billion', '10', '10_12', '15_billion', '1_billion', '2021', '2030', '28', '34_percent', '40_percent', '50', '75_percent', '80_percent', 'accelerate', 'acceptable_buyer', 'achieve', 'additional', 'additional_15', 'address', 'affordable', 'agree', 'aim', 'ambitious_goal', 'american', 'announce', 'announcement', 'approval', 'approval_renewable', 'argue', 'atlantic', 'attempt_wean', 'ban_russian', 'bar', 'biden', 'biden_administration', 'big', 'billion_cubic', 'bind_asia', 'biological_nuclear', 'briefing_berlin', 'brussels', 'build', 'build_export', 'build_terminal', 'buildup_l.n.g.', 'buy', 'buyer', 'buyer_willing', 'capitalist', 'casting_savior', 'catch', 'center_liquefied', 'certain', 'chairman_tellurian', 'chancellor_olaf_scholz', 'charlie_riedl', 'chill_liquid', 'clean_hydrogen', 'climate', 'climate_change', 'climate_policy', 'coal', 'come', 'commit', 'commitment', 'complain', 'complete', 'conservative_liberal', 'contain', 'contract_terminate', 'cost_$', 'country', 'criticize', 'cubic_foot', 'cubic_meter', 'current_annual', 'customer', 'dangerous_pollution', 'day', 'deal', 'decade', 'decide', 'decision', 'decline', 'decrease_greenhouse', 'dedicate_reduce', 'deliver_imperative', 'dependence', 'dependence_russian', 'der_leyen', 'detail', 'dillen', 'direction', 'disastrous_step', 'displace_fossil', 'disruption', 'divert_shipment', 'dozen', 'e.u.', 'e.u._country', 'e.u._leader', 'earthjustice_environmental', 'easy', 'economy', 'effort', 'electric_car', 'encourage', 'energy', 'energy_efficiency', 'energy_import', 'energy_industry', 'energy_supplier', 'environmentalist_criticize', 'environmentalist_germany', 'escalation', 'europe', 'europe_asia', 'europe_dependency', 'europe_large', 'european', 'european_ally', 'european_commission', 'european_country', 'european_import', 'european_leader', 'european_official', 'european_union', 'europeans_diversify', 'executive', 'executive_accustomed', 'executive_director', 'executive_relish', 'exist', 'expedite_planning', 'expensive', 'expert', 'export', 'export_europe', 'export_terminal', 'exporter', 'extra', 'facility', 'family', 'fear', 'federal', 'fill', 'final_approval', 'financing', 'flow_gas', 'force', 'fossil_dependence', 'fossil_fuel', 'free', 'friday', 'friend', 'fuel', 'future', 'gas', 'gas_emission', 'gas_export', 'gas_import', 'gas_pipeline', 'gas_riedl', 'gas_storage', 'generous_subsidy', 'german', 'germany', 'giant_pivot', 'goal', 'government', 'great', 'grow', 'habeck', 'halve_import', 'heat_pump', 'heating', 'help', 'help_wean', 'high', 'high_price', 'hurt', 'import', 'import_crude', 'import_terminal', 'important', 'increase', 'infrastructure', 'infrastructure_diversified', 'initiative_deployment', 'insane_pace', 'invasion_ukraine', 'investment', 'l.n.g._export', 'l.n.g._infrastructure', 'lack', 'large_scale', 'law', 'lawmaker', 'lead_coalition', 'leader', 'leave', 'leyen', 'liberate', 'like', 'liquefy_natural', 'liquefy_natural_gas', 'little_choice', 'loan_guarantee', 'lock', 'meter', 'meter_l.n.g.', 'methane_gas', 'middle_2024', 'month', 'moscow', 'natural_gas', 'need', 'negotiate_table', 'net_exporter', 'netherlands_norway', 'new', 'nord_stream_2', 'november_buffer', 'nuclear_plant', 'obtain_permit', 'offer', 'offshore_wind', 'oil', 'oil_diesel', 'oil_gas', 'operation', 'order', 'organization', 'partner', 'patient', 'pay', 'people', 'percent', 'pillory_contribution', 'pipeline', 'pipeline_feed', 'pipeline_nord', 'plan', 'playbook', 'pledge_abigail', 'politician_exporter', 'port_capacity', 'positive', 'president', 'president_biden', 'president_european_commission', 'president_vladimir_v._putin', 'price', 'private_company', 'problem', 'producer', 'production', 'project', 'prospect_dismiss', 'provide', 'public_transportation', 'pump_oceangoing', 'punish', 'purchase', 'putin', 'putin_russia', 'ramp', 'receive', 'recent', 'recent_month', 'recognize', 'reduce', 'regulatory_approval', 'relax_export', 'release', 'reliable_von', 'reliant_energy', 'rely', 'remarkable_turnabout', 'replace_l.n.g.', 'require', 'resilient_clean', 'rest', 'restriction', 'revive', 'right', 'rip', 'rise_tension', 'robert_habeck', 'russia', 'russian', 'russian_gas', 'russian_oil', 'russian_oil_gas', 'sale', 'sanction', 'seek', 'sell_gas', 'send', 'send_additional', 'set', 'seven', 'shift', 'ship', 'shipment_natural', 'shortage', 'shut', 'sign', 'similar', 'sizable_chunk', 'slash_consumption', 'solar_power', 'souki_executive', 'souki_tellurian', 'specific', 'steady_supply', 'step', 'stop', 'store', 'stream_2', 'streamline_permit', 'struggle', 'supplier', 'supplier_trust', 'supply', 'sure', 'surprise', 'suspend', 'sustainable', 'system', 'tanker', 'target', 'task_force', 'technology', 'tell', 'terminal', 'terminal_build', 'terminal_louisiana', 'thing', 'thing_charif', 'think', 'time', 'timeline_outline', 'toll', 'total', 'trade_group', 'try', 'u.s.', 'u.s._export', 'u.s._export_terminal', 'u.s._l.n.g.', 'ukraine', 'underground', 'undermine', 'united_states', 'ursula_von_der_leyen', 'use', 'use_chemical', 'vice_chancellor', 'villain_idea', 'von_der', 'want', 'war', 'war_ukraine', 'warn', 'washington', 'way', 'weapon', 'win', 'winter', 'work', 'world', 'year', '’']"
30,1486730807855116290,23,17,85,https://nyti.ms/3r1mmVz,2022-01-27 11:00:21-05:00,"['$', '$_1', '2,500', '2019', '2020', '2021', '2024', '23_percent', '38', '38,680', '4_percent', '50', '6', '60', 'acceptable', 'accord', 'achieve', 'addition', 'address', 'administration', 'affect', 'aim', 'alcohol', 'alcohol-', 'align', 'approach', 'automatic', 'autonomy', 'begin', 'beginning_pandemic', 'benefit', 'bicyclist', 'big', 'bike', 'billion', 'black', 'blame', 'blast', 'brake', 'break', 'broad', 'build', 'bump', 'buttigieg', 'camera', 'care', 'carry', 'chilling_effect', 'climate', 'climate_crisis', 'color', 'come', 'commit', 'commitment', 'community', 'comparison', 'competitive', 'completion', 'complex', 'complicate', 'consequence', 'construct', 'control', 'cope', 'country', 'crash', 'create', 'critical', 'date', 'death', 'decentralized', 'decision', 'decrease', 'department', 'dependent', 'design', 'detect', 'develop', 'die', 'direct', 'disparate', 'distribute', 'driving', 'drug', 'embark', 'emergency', 'encourage', 'expectation', 'fatality', 'federal', 'federal_government', 'feel_safe', 'find', 'friendly', 'funding', 'goal', 'good', 'grant', 'greenhouse_gas', 'guidance', 'half', 'help', 'highway', 'historical', 'hold_accountable', 'idea', 'impair', 'implementation', 'improve', 'include', 'increase', 'inequity', 'infrastructure', 'initiate', 'initiative', 'instal', 'interview', 'issue', 'job', 'jump', 'jurisdiction', 'landscape', 'law', 'lead', 'level', 'lift', 'lighting', 'limit', 'live', 'local_government', 'locality', 'location', 'look', 'measure', 'medical_care', 'mentality', 'mode', 'motor', 'nation', 'national', 'need', 'network', 'new', 'number', 'objective', 'official', 'option', 'outcome', 'outline', 'oversee', 'package', 'page', 'pandemic_relate', 'passenger', 'past_decade', 'pedestrian', 'people', 'performance', 'period', 'pete', 'point', 'portion', 'possible', 'post_-', 'pot', 'prevent', 'priority', 'problem', 'program', 'progress', 'public_transit', 'public_transportation', 'purpose', 'racial_disparity', 'raise_question', 'range', 'redesign', 'reduce', 'reduction', 'release', 'report', 'require', 'research', 'resource', 'reverse', 'revise', 'rise', 'road', 'roadway', 'rulemake', 'safe', 'safety', 'sane', 'secretary', 'senior', 'signal', 'significant', 'soar', 'sole', 'speed', 'state', 'strategy', 'street', 'streets', 'stress', 'support', 'surge', 'system', 'tackle', 'target', 'technology', 'thing', 'thursday', 'time', 'traffic', 'transportation', 'transportation_department', 'trillion', 'underscore', 'unlock', 'use', 'user', 'vehicle', 'walk', 'washington', 'white', 'work', 'year', 'zero', '’']"
31,1501860426342178816,59,23,166,https://nyti.ms/3w0qhVL,2022-03-10 05:00:03-05:00,"['10', '2014', '50_mile', '734,000', 'accord', 'acknowledge', 'agency', 'aid', 'area', 'assure', 'attack', 'attention', 'begin', 'besiege', 'border_poland', 'bottled', 'buffet', 'caution', 'chapagain', 'city', 'come', 'community', 'conflict', 'consider', 'cope', 'country', 'crescent', 'crimea', 'cross_border', 'day', 'direct', 'displace', 'donbas', 'eastern', 'eastern_region', 'economy', 'effort', 'erode', 'escape', 'estimate', 'facility', 'feb._24', 'february', 'federation', 'fight', 'fighting', 'figure', 'flee', 'focus', 'frontline', 'group', 'head', 'help', 'hospitality', 'hub', 'human', 'humanitarian', 'imperative', 'important', 'increase', 'influx', 'intensify', 'international', 'invasion', 'jagan', 'large', 'lead', 'local', 'locate', 'lviv_western', 'medical', 'medicine', 'migrant', 'million', 'million_people', 'need', 'neighboring_country', 'network', 'notable', 'overwhelm', 'pay_attention', 'people', 'people_displace', 'place', 'polish_border', 'rage', 'receive', 'recent', 'red', 'red_cross', 'refugee', 'refugee_agency', 'resilience', 'resource', 'reverberate', 'russia_invasion', 'russia_invasion_ukraine', 'safe_haven', 'scatter', 'secessionist', 'secretary_general', 'seek', 'send', 'small', 'societies', 'soldier', 'solidarity', 'spare', 'start', 'strain', 'strand', 'sufficient', 'supply', 'supply_food', 'support', 'swath', 'think', 'thousand', 'time', 'toll', 'tough', 'transport', 'truck', 'u.n.', 'ukrainians', 'underscore', 'violence', 'wake', 'war', 'warn', 'water', 'wave', 'wednesday', 'western_ukraine', 'wide', 'world']"
32,1491439269025562625,41,41,215,https://nyti.ms/3GDarC1,2022-02-09 10:50:05-05:00,"['17,000', '200,000', 'accounting_firm', 'acknowledgment', 'adapt', 'add', 'americans', 'announce', 'approach', 'area', 'array', 'ask', 'baker', 'barbara', 'business', 'california', 'case', 'chafe', 'champion', 'charlie', 'chicago', 'city', 'come', 'complication', 'confusing', 'conservative', 'continue', 'coronavirus', 'country', 'county', 'covid', 'covid_restriction', 'day', 'death', 'decision', 'democrat', 'divide', 'downtown', 'eat', 'elect_official', 'eliminate', 'embrace', 'enact', 'end', 'engage', 'exercise', 'exhaust', 'expire', 'express_concern', 'face_covering', 'february', 'feel', 'feel_safe', 'ferrer', 'fire', 'gov.', 'gov._kathy_hochul', 'governor', 'grip', 'gym', 'hochul', 'hopeful', 'illinois', 'include', 'indicate', 'indoor', 'indoor_public', 'kid', 'koteles', 'leader', 'lean', 'let', 'lift', 'lift_mask', 'lifting', 'local_government', 'loosen', 'los_angeles', 'mandate', 'mask', 'masking', 'massachusetts', 'mean', 'movie_theater', 'natalie', 'new', 'new_york', 'new_york_city', 'number', 'official', 'omicron_variant', 'optional', 'pandemic', 'people', 'place', 'politician', 'polling', 'pragmatic', 'precaution', 'proof_vaccination', 'public_health', 'rapid', 'relief', 'report', 'republican', 'require', 'requirement', 'restaurant', 'restriction', 'rhode_island', 'risk', 'rule', 'school', 'school_district', 'seek', 'sense', 'sense_normalcy', 'shift', 'sign', 'space', 'stance', 'state', 'stomp', 'supersede', 'sweeping', 'thousand', 'time', 'vaccinate', 'virus', 'want', 'washington', 'watch', 'wave', 'wear', 'wear_mask', 'wednesday', 'week', 'welcome', 'winter', 'work', 'year']"
33,1496854966371237891,177,67,769,https://nyti.ms/3Ik5sHQ,2022-02-24 09:30:08-05:00,"['._1', '44_year', '60', 'able_bodied', 'accord_preliminary', 'address', 'advance_midmorning', 'advantage', 'age_18', 'aid', 'aim_decapitate', 'appear', 'appear_unshaven', 'attack', 'attack_1941', 'bar', 'battle', 'begin', 'bombardment', 'border', 'break_hanna', 'building', 'capital', 'central_kyiv', 'chaotic', 'city', 'city_2.8', 'city_mayor', 'civilian', 'civilian_kill', 'collapse_klitschko', 'come', 'conflict', 'country', 'day', 'debris_fall', 'declare_martial', 'defeat', 'defeat_evil', 'defend_absence', 'defense', 'destroy', 'device', 'difficult', 'early', 'eastern_ukraine', 'emergency_worker', 'enemy', 'enter', 'enter_obolon_district_mile', 'expect', 'explosion_vitali', 'facebook', 'feel', 'fight', 'film_fiery', 'fire', 'flee', 'force', 'foreign', 'foreign_minister_dmytro_kuleba', 'friday', 'friday_morning', 'general_mobilization', 'government', 'hand', 'head', 'heart', 'heavy_fighting', 'help', 'hit_residential', 'house', 'important', 'injure', 'intensify', 'join', 'klitschko', 'kyiv', 'kyiv_resident_prepare', 'land', 'large_explosion', 'large_scale', 'law', 'leave', 'malyar_deputy', 'military', 'million_people', 'minister', 'missile_strike', 'mobilization_man', 'molotov_cocktail_deter_occupier', 'moscow', 'nazi_germany', 'neighborhood', 'new_york_times', 'offensive', 'old', 'order', 'outside_world', 'outskirt_kyiv', 'people', 'president', 'president_volodymyr_zelensky', 'press', 'putin', 'ready', 'relative_safety', 'report', 'resident', 'residential_building', 'risk', 'road_rail', 'rocket_crash', 'rocket_fragment', 'russia', 'russian', 'russian_force', 'russian_invasion', 'russian_troop', 'sabotage_group', 'scene', 'second', 'seek', 'separatist_enclave', 'sign', 'sky_outskirt', 'southern', 'spirit_malyar', 'state', 'stay_indoor', 'stop', 'strong', 'surface_air_missile', 't_shirt', 'target', 'television', 'thursday_morning', 'tweet', 'ukraine', 'ukraine_defense_ministry', 'ukrainian_capital_kyiv', 'ukrainian_force', 'ukrainian_official', 'ukrainians', 'unfold_ministry', 'urge', 'video', 'videos_verify', 'warn', 'western_ukraine', 'witness', 'zelensky', 'zelensky_137']"
34,1498697599204970503,215,88,476,https://nyti.ms/3K5qcUd,2022-03-01 11:32:06-05:00,"[' ', 'air', 'announcement', 'apparent', 'area', 'attack', 'babyn_yar', 'broadcast', 'capital_kyiv', 'capture', 'city_center', 'communication', 'damage', 'explosion', 'follow', 'hardware', 'holocaust_memorial', 'immediate', 'information', 'interior_ministry', 'jews', 'kill', 'kyiv', 'lattice', 'main_radio', 'nazis', 'new_york_times', 'northwest', 'object', 'people', 'president_volodymyr_zelensky_ukraine', 'prevent', 'prisoner_war', 'projectile_hit', 'relate', 'roma', 'russia_defense_ministry', 'russian', 'shoot', 'site', 'stand', 'statement_facebook', 'strike', 'television_channel', 'television_tower', 'thousand', 'tower', 'ukraine', 'ukrainian', 'video', 'video_verify', 'world_war_ii']"
35,1511328069826625542,47,26,168,https://nyti.ms/35JoN7w,2022-04-05 09:01:05-04:00,"['10', '2008', '2010', '2011', '33_percent', '7', '811', 'absorb', 'action', 'addition', 'afghanistan', 'africa', 'aggressive', 'agricultural', 'agriculture', 'arab_spring', 'augment', 'bad', 'ban', 'battlefield', 'begin', 'bipartisan_support', 'boon', 'border', 'borrow', 'bread', 'cause', 'china', 'climate', 'climate_change', 'come', 'commodity', 'compound', 'comprehensive', 'condition', 'conflict', 'conscience', 'corn', 'cost', 'country', 'covid-19', 'create', 'crisis', 'currency_reserve', 'datum', 'debt', 'debt_relief', 'decade', 'development', 'difficult', 'difficulty', 'displace', 'distress', 'domestic', 'double', 'drawing', 'drive', 'driver', 'drought', 'early_2000s', 'eat', 'economy', 'egypt', 'emergency', 'enable', 'end', 'energy', 'era', 'establish', 'estimate', 'example', 'exist', 'expensive', 'export', 'exporter', 'face', 'fail', 'fall', 'farm', 'feed', 'fertilizer', 'fill_gap', 'financing', 'find', 'food', 'free', 'fund', 'future', 'geopolitical', 'global', 'government', 'group', 'grow', 'half', 'harvest', 'health', 'help', 'high', 'high_risk', 'history', 'human', 'humanitarian_disaster', 'hunger', 'implication', 'import', 'importer', 'increase', 'inequitable', 'initiative', 'innumerable', 'institution', 'instrument', 'interest_rate', 'international_monetary', 'invasion_ukraine', 'investment', 'key', 'kill', 'laden', 'large', 'late', 'lead', 'leave', 'leverage', 'likely', 'limit', 'limit_ability', 'livestock', 'long_term', 'low_income', 'major', 'mass', 'migration', 'million_people', 'million_ukrainians', 'modeling', 'money', 'month', 'mount', 'multilateral', 'nation', 'need', 'needless', 'new', 'nourish', 'number', 'official', 'oil_price', 'organization', 'overdue', 'pay', 'people', 'planting', 'point', 'poor', 'prevent', 'price', 'price_increase', 'process', 'produce', 'program', 'reallocation', 'regenerative', 'region', 'relief', 'remain', 'remind', 'researcher', 'reserve', 'resilient', 'resource', 'respond', 'response', 'right', 'rise', 'risk', 'round', 'run', 'russia', 'safety_net', 'save_life', 'science', 'scope', 'season', 'second', 'secure', 'sharp', 'shock', 'shortfall', 'similar', 'social', 'soybean', 'special', 'spring', 'stable', 'start', 'strategy', 'struggle', 'sudan', 'sunflower', 'supply', 'sustainable', 'system', 'thin', 'time', 'today', 'toll', 'track', 'trade', 'transform', 'transformation', 'turn', 'u.s.', 'ukraine', 'ukrainians', 'uncertainty', 'undermine', 'united_nations', 'unrest', 'upheaval', 'use', 'vulnerable', 'war', 'wealthy', 'wear', 'wheat', 'work', 'world', 'year', '’']"
36,1488854758869942274,118,91,568,https://nyti.ms/3s95hIE,2022-02-02 07:40:10-05:00,"[' ', '$', '$_1.4', '$_1.8', '$_150', '$_2_billion', '1.2_million', '10', '109.3', '11', '11_percent', '12.2', '12_percent', '13.9', '135', '15', '15_percent', '16.3', '16.7', '17', '171,000', '18', '2', '2.1', '200', '2012', '2019', '2020', '2021', '2025', '2027', '21', '22_percent', '23', '26.8', '28', '351.2', '375,000', '4.3_million', '400', '497.5', '5.9', '500.1', '550', '594.2', '6.2', '7.6', '8.8', '800,000', '9', 'account', 'acquire', 'acquisition', 'ad', 'add', 'addition', 'adjust', 'adult', 'advertising', 'affect', 'aficionado', 'aid', 'aim', 'amass', 'announce', 'app', 'apparent', 'apply', 'athletic', 'audio', 'audm', 'authorize', 'available', 'b', 'base', 'believe', 'billion', 'board', 'borrow', 'bring', 'brooklyn', 'bundle', 'buy', 'buyback', 'calm', 'cameron', 'cash', 'cent', 'chief_executive', 'class', 'close', 'companion', 'company', 'complete', 'content', 'continue', 'control', 'cooking', 'cooking_recipe', 'core', 'cost', 'cover', 'coverage', 'create', 'crossword', 'current', 'daily', 'deal', 'december', 'desire', 'digital', 'director', 'diversion', 'dividend', 'early', 'earning', 'end', 'english_language', 'enjoy', 'establish', 'europe', 'executive', 'expect', 'expert', 'family', 'final', 'finance', 'finish', 'fourth_quarter', 'free', 'gain', 'gambit', 'game', 'games', 'gift', 'goal', 'gold', 'grow', 'hand', 'improve', 'include', 'increase', 'internet', 'j.', 'journalism', 'journalist', 'know', 'kopit', 'levien', 'lewinsky', 'love', 'lucky', 'majority', 'market', 'mean', 'meredith', 'metric', 'million', 'money', 'monica', 'month', 'need', 'new', 'new_york_times', 'news', 'news_website', 'newspaper', 'obsession', 'ochs', 'offering', 'online', 'opening', 'operating', 'pandemic', 'partner', 'pay', 'percent', 'percent_increase', 'player', 'potential', 'president', 'print', 'produce', 'product', 'profit', 'public', 'puzzle', 'quarter', 'quarterly', 'raise', 'rate', 'reach', 'rebound', 'recipe', 'recommend', 'recommendation', 'reflect', 'remain', 'report', 'represent', 'repurchase', 'result', 'revenue', 'rise', 'satisfying', 'schedule', 'seasoned', 'sensation', 'seven', 'shade', 'share', 'shop', 'shopping_advice', 'site', 'skillful', 'smith', 'software_engineer', 'sound', 'spelling_bee', 'sport', 'start', 'statement', 'stock', 'stop', 'story', 'strategy', 'subscriber', 'subscription', 'successful', 'sulzberger', 'surpass', 'team', 'tell', 'text', 'time', 'times', 'tip', 'today', 'tricks', 'try', 'tuesday', 'united_states', 'version', 'viral', 'want', 'wednesday', 'week', 'weigh', 'willing_pay', 'wirecutter', 'word', 'wordle', 'wordlebot', 'wordler', 'world', 'worth_$', 'year']"
37,1489622030303604739,337,111,797,https://nyti.ms/3L2YicS,2022-02-04 10:29:02-05:00,"['$', '$_800,000', '10_minute', '10th', '12th', '17,000', '17th_century', '18', '1983', '20', '2004', '2009', '2010', '2011', '2014', '2015', '2016', '2017', '2018', '2019', '2020', '2020_election', '2020_election_result', '3,500', '30', '33', '36', '41', '45,000', '5:45', '6', '64', '6_committee', '7', '71_percent', '99', 'a.', 'a.m.', 'abc_news', 'ability', 'abu', 'accept', 'acceptance', 'access', 'accompany', 'accomplice', 'accord', 'accord_byrne', 'account', 'accuse', 'accustom', 'acknowledge', 'acquaint', 'acre', 'act', 'action', 'actionable', 'activist', 'activity', 'add', 'addition', 'adept', 'adjacent', 'administration', 'admiration', 'admire', 'admirer', 'advice', 'advise', 'adviser', 'afghan', 'afghanistan', 'afraid', 'afterlife', 'afternoon', 'agency', 'agent', 'agitate', 'agree', 'aide', 'aim', 'akin', 'alexandria_va.', 'allege', 'allow', 'allude', 'ally', 'alter', 'ambassador_united_states', 'ambiguous', 'amenable', 'amendment', 'amendment_praetorian', 'america', 'american', 'american_airlines', 'american_democracy', 'americans', 'analyst', 'anniversary', 'announce', 'annual', 'anti_-_vaccine', 'apocalyptic', 'app_telegram', 'appearance', 'approach', 'april', 'arc', 'area', 'argue', 'arizona', 'arizona_georgia', 'arlington', 'arlington_va.', 'army', 'arrive', 'art', 'article', 'ashamed', 'ask', 'aspen', 'assemble', 'assert', 'assist', 'assistance', 'associate', 'association', 'assure', 'attack', 'attempt', 'attend', 'attend_event', 'attention', 'attire', 'attorney', 'attorney_general', 'audacity', 'audience', 'audit', 'audits', 'aug.', 'authority', 'autograph', 'axios', 'badge', 'bafflement', 'ballot', 'baloney', 'ban', 'band', 'barr', 'base', 'bat', 'battle', 'battlefield', 'bear', 'beautiful', 'bedroom', 'begin', 'behalf', 'behest', 'belief', 'believe', 'belong', 'beltway', 'benefit', 'berate', 'beret', 'berks', 'betrayal', 'bewilder', 'biden', 'biden_administration', 'biden_victory', 'big', 'bijan', 'bikers', 'bill_gates', 'bit', 'bitter', 'bland', 'blazer', 'block', 'blue', 'bond', 'book', 'booth', 'border', 'boss', 'box', 'branch', 'break', 'brief', 'bring', 'broadcast', 'broadcasting', 'brother', 'building', 'bump', 'bunker', 'bureaucracy', 'burrow', 'bury', 'bushes', 'business', 'businessman', 'buy', 'byrne', 'byrne_powell', 'byrne_tell', 'c.i.a.', 'cadence', 'california', 'camp', 'campaign', 'cancel', 'candidate', 'canonize', 'capability', 'capacity', 'capitalistic', 'capitol', 'capitol_jan._6', 'capitol_police', 'capitol_riot', 'captain', 'career', 'carly', 'case', 'catch', 'catechism', 'cause', 'celebrate', 'celebrated', 'cellphone', 'central', 'centric', 'ceremony', 'certain', 'chain', 'challenge', 'change', 'channel', 'chant', 'chaotic', 'chapter', 'charge', 'charles', 'charlie', 'chemistry', 'chess', 'chessboard', 'chief', 'chief_executive', 'chief_justice', 'chief_staff', 'china', 'christmas', 'church', 'circle', 'circuit', 'city', 'civil_war', 'civilian', 'claim', 'clandestine', 'clapper', 'clark', 'classic', 'classified_information', 'clay', 'clear', 'clear_path', 'close', 'cnn', 'coalition', 'code', 'cog', 'cohen', 'cohort', 'cold_war', 'colleague', 'collectivist', 'colonel', 'colonial', 'colorado', 'combination', 'combine', 'come', 'command', 'commander', 'commissioner', 'committee', 'communicate', 'communication', 'communist', 'compare', 'comparison', 'compelling', 'complicate', 'complication', 'computer', 'concern', 'conference', 'conference_room', 'confide', 'confirm', 'confiscate', 'congress', 'congressional_committee', 'connection', 'conservative', 'conservative_activist', 'consider', 'consideration', 'conspiracism', 'conspiracism_flynn', 'conspiracy', 'conspiracy_theorist', 'conspiracy_theory', 'conspirator', 'conspire', 'constitute', 'consult', 'consulting', 'contact', 'contender', 'contest', 'continue', 'contortionist', 'contractor', 'contradict', 'control', 'convention', 'conventional', 'conversation_kislyak', 'convert', 'cooperate', 'corner', 'coronavirus', 'coronavirus_vaccine', 'cost', 'cotton', 'counsel', 'counting', 'country', 'county', 'coup', 'couple', 'course', 'court', 'courtroom', 'create', 'credibility', 'crisis', 'critical_race_theory', 'criticize', 'crowd', 'crucial', 'crusade', 'cuccinelli', 'cultlike', 'cyber', 'cybersecurity', 'd.c.', 'd.i.a.', 'dallas', 'dangerous', 'dare', 'date', 'datum', 'david', 'day', 'dead', 'dealing', 'death', 'debunk', 'dec._16', 'dec._17', 'dec._18', 'december', 'decide', 'decision', 'declaration', 'declare', 'decline', 'deep', 'deepen', 'defamation', 'defeat', 'defend', 'defense', 'defense_department', 'defense_intelligence', 'defiance', 'defy', 'deify', 'delay', 'delegates', 'demand', 'demimonde', 'democrat', 'democratic_presidential', 'democrats', 'demonstrate', 'demur', 'denounce', 'deny', 'department', 'department_homeland_security', 'departure', 'deploy', 'deputy_chief', 'deputy_secretary', 'descent', 'describe', 'design', 'desire', 'desk', 'despair', 'destroy', 'detailed', 'determination', 'develop', 'devin', 'devote', 'diabolical', 'dick_cheney', 'different', 'difficult', 'digest', 'diplomat', 'dire_warning', 'direct', 'director', 'director_national', 'director_national_intelligence', 'directorship', 'discernment', 'discover', 'discuss', 'discussion', 'dismiss', 'dismissal', 'disposal', 'disqualify', 'distinguish', 'distinguished', 'doctrinaire', 'donald_trump', 'doug', 'draft_executive', 'draw', 'draw_conclusion', 'draw_scrutiny', 'dream', 'dressing', 'drive', 'dutch', 'eager', 'eagle', 'early', 'eat', 'ecosystem', 'effort', 'effort_overturn', 'elaborate', 'elaine', 'eld', 'elect', 'elect_official', 'election', 'election_fraud', 'election_result', 'election_rig', 'election_steal', 'elector', 'electoral_college', 'element', 'email', 'embody', 'emphasize', 'employee', 'enact', 'encamp', 'encounter', 'encourage', 'end', 'endorse', 'enemy', 'enforce', 'engage', 'engagement', 'engineer', 'enlist', 'enslaved_people', 'enter', 'entertaining', 'entrepreneur', 'enumerate', 'envision', 'epitomize', 'eric', 'eric_trump', 'erosion', 'establish', 'establishment', 'estate', 'estrangement', 'evaporate', 'evasive', 'evening', 'event', 'event_jan.', 'event_jan._6', 'everett_stern', 'evidence', 'evidentiary', 'ex_-', 'executive', 'executive_order', 'exercise', 'exhausted', 'exist', 'expansive', 'experience', 'explain', 'explanation', 'expletive', 'exposure', 'express', 'extension', 'extensive', 'extremism', 'extremist', 'eye', 'eyed', 'ezra_cohen', 'f.b.i.', 'f.b.i._agent', 'face', 'fact', 'fail_disclose', 'failure', 'fair', 'faithful', 'fall', 'fall_silent', 'false_claim', 'family', 'family_member', 'famous', 'fashion', 'feature', 'featured', 'february', 'federal', 'federal_government', 'federal_investigator', 'federal_judge', 'fee', 'fellow', 'fervent', 'feverish', 'field', 'fight', 'figure', 'filing', 'fill', 'final', 'financial', 'find', 'fiorina', 'fire', 'firing', 'firm', 'fleeting', 'flight', 'float', 'flohr', 'florida', 'flung', 'fly', 'flynn', 'flynn_powell', 'follow', 'follower', 'foods', 'force', 'foreign_interference', 'foreign_policy', 'foremost', 'foreseeable_future', 'forget', 'form', 'fox_news', 'fraud', 'fraud_conspiracy', 'fray', 'fresh', 'friday_evening', 'friend', 'fuel_suspicion', 'function', 'furious', 'fuse', 'future', 'gala', 'gap', 'garb', 'garish', 'garner', 'garrett', 'gather', 'gathering', 'gen.', 'general', 'general_flynn', 'geoffrey', 'george_soros', 'georgia', 'ghraib', 'giuliani', 'global', 'gospel', 'government', 'governor', 'grace', 'grant', 'grass_root', 'graveyard', 'great', 'green', 'greet', 'greg', 'grenada', 'grifter', 'ground', 'group', 'grow', 'guest', 'guilty', 'guilty_plea', 'guy', 'gym', 'hagiographic', 'half', 'hall', 'hallowed', 'hallucinatory', 'hand', 'handful', 'hang', 'happen', 'hard', 'harvest', 'hawk', 'head', 'hear', 'hearing', 'heartbroken', 'heavy', 'help', 'help_explain', 'hero', 'herschmann', 'hide', 'high', 'hill', 'hillary_clinton', 'historic', 'history', 'hold', 'honor', 'hope', 'hopeful', 'horizontal', 'horrify', 'host', 'hotel', 'hour', 'house', 'house_representatives', 'human', 'hurry', 'hype', 'hypercaffeinated', 'idea', 'identify', 'idiot', 'ignore', 'immense', 'important', 'important_thing', 'include', 'incoming', 'independence', 'indicate', 'indict', 'indictment', 'individual', 'influence', 'inform', 'information', 'infowars', 'insist', 'instinct', 'institute', 'instruction', 'insubordination', 'integrity', 'intel', 'intelligence', 'intelligence_community', 'intelligence_officer', 'intelligence_official', 'intend', 'interconnect', 'interest', 'interesting', 'intermediary', 'international', 'interrogation', 'intervene', 'interview', 'invasion', 'investigation', 'invoke', 'involve', 'iphone', 'iranian', 'iraq', 'iraq_afghanistan', 'iraqi', 'islam', 'islamic', 'islamists', 'issue', 'issue_subpoena', 'italian', 'ivan_raiklin', 'j.d.', 'jail', 'james_clapper', 'jan._5', 'jan._6', 'jan._6_committee', 'january', 'jared_kushner', 'jaw', 'jean', 'jim_penrose', 'joan', 'job', 'joe', 'joe_biden', 'john', 'john_g.', 'joint', 'jonathan', 'jr.', 'judgment', 'juggle', 'june', 'justice', 'justice_department', 'justification', 'jut', 'karl', 'kelly', 'ken', 'keshel', 'key', 'kian', 'kind', 'kirk', 'know', 'knowledge', 'kushner', 'l.', 'label', 'lament', 'landslide', 'large', 'late', 'late_january', 'law', 'law_enforcement', 'lawyer', 'lead', 'leader', 'learn', 'leave', 'left', 'legal', 'legal_fee', 'legal_team', 'legislator', 'legislature', 'legitimate', 'let', 'level', 'lever', 'lewis', 'lie', 'lieutenant', 'life', 'likely', 'limousine', 'lin_wood', 'linchpin', 'lindell', 'line', 'link', 'linkedin', 'listen', 'little', 'livid', 'lobby', 'local', 'lock', 'lodging', 'logan', 'long', 'longtime', 'look', 'lose', 'loss', 'lot', 'lt_._gen.', 'luria', 'machination', 'machine', 'maddox', 'maga', 'mail_ballot', 'main', 'maintain', 'maltreatment', 'man', 'manage', 'management', 'manipulate', 'margin', 'mark_meadows', 'marrone', 'marshal', 'martial_law', 'martyr', 'martyrdom', 'maryland', 'mask', 'masterful', 'match', 'matter', 'mcchrystal', 'mean', 'media_outlet', 'medium', 'medium_outlet', 'meet', 'meeting', 'member', 'member_congress', 'membership', 'mentor', 'merchandise', 'meritless', 'method', 'michael', 'michael_t.', 'michigan', 'mid_-', 'middle', 'middle_east', 'midst', 'mike', 'militant', 'military', 'military_coup', 'military_intelligence', 'military_intervention', 'military_operation', 'military_veteran', 'million_dollar', 'million_people', 'minute', 'misgiving', 'miss', 'mission', 'mistake', 'mock', 'moderate_democrat', 'moment', 'month', 'moot', 'morale', 'morning', 'morning_jan.', 'moscow', 'motive', 'movement', 'mueller', 'multiple', 'muscular', 'muse', 'musing', 'musket', 'myanmar', 'mypillow', 'myth', 'mythology', 'n.s.c.', 'narrative', 'nascent', 'national_guard', 'national_security', 'national_security_adviser', 'nato', 'nature', 'navarro', 'navy', 'near', 'need', 'nefariousness', 'neighborhood', 'network', 'new', 'new_hampshire', 'new_jersey', 'news', 'news_medium', 'newsmax', 'night', 'ninjas', 'nomination', 'nondisclosure_agreement', 'nonpolitician', 'nonprofit_organization', 'normal', 'note', 'notice', 'nov._25', 'nov._3', 'november', 'nullify', 'nunes', 'nut', 'o.d.n.i.', 'obama', 'obama_administration', 'object', 'observe', 'obsessive', 'occasion', 'occur', 'offer', 'office', 'officer', 'official', 'oklahoma', 'old', 'omnivorous', 'ongoing', 'onstage', 'op_ed', 'open', 'operation', 'operational', 'operative', 'opine', 'option', 'orbit', 'order', 'organization', 'organize', 'organizer', 'organizing', 'original', 'originate', 'ostracize', 'outcome', 'outfit', 'outline', 'outright', 'oval_office', 'overlap', 'overlook', 'overstock', 'overtake', 'overturn_2020', 'overturn_election', 'overwhelmed', 'owner', 'pack_bag', 'packet', 'page', 'pain', 'pakistani', 'palm_tree', 'paper', 'parallel', 'paramilitary', 'pardon', 'pardon_flynn', 'participate', 'particular', 'partisan', 'partner', 'partnership', 'party', 'passenger_seat', 'passionate', 'passivity', 'past_year', 'patrick', 'patriot', 'patriotic', 'paul_vallely', 'pawn', 'pay', 'peak', 'pende', 'pennsylvania', 'penrose', 'pentagon', 'people', 'pep', 'perfect', 'period', 'permit', 'persecution', 'persistent', 'person', 'personal', 'personal_life', 'personality', 'persuade', 'peter', 'phil_waldron', 'phoenix', 'phone', 'phone_conversation', 'photograph', 'piece', 'place', 'plain', 'plan', 'plantation', 'plate', 'play', 'play_role', 'plea', 'plea_deal', 'plead_guilty', 'pledge', 'pledge_allegiance', 'podcast', 'podcaster', 'point', 'poison', 'police_officer', 'politic', 'political', 'poll', 'portrait', 'portrayal', 'possess', 'post', 'potomac', 'powell', 'powell_legal', 'power', 'precedent', 'predict', 'preoccupation', 'presence', 'present', 'president', 'president_barack_obama', 'president_donald_j._trump', 'president_loyalist', 'president_recep_tayyip_erdogan', 'president_vladimir', 'presidential', 'presidential_election', 'presidential_transition', 'press', 'pressure', 'pretend', 'previous', 'prey', 'print', 'printer', 'prison', 'private', 'private_jet', 'private_sector', 'privy', 'problematic', 'proceed', 'procession', 'professional', 'program', 'prohibit', 'project', 'pronouncement', 'propaganda', 'property', 'proposal', 'propose', 'prosecutor', 'prospect', 'protagonist', 'protocol', 'provide', 'public', 'publication', 'publish', 'publish_article', 'publish_book', 'pursue', 'purveyor', 'push', 'putin', 'qanon', 'quit', 'quitter', 'quitter_flynn', 'quote', 'rack', 'radical', 'radicalization', 'raiklin', 'raiklin_raiklin', 'rally', 'rank', 'rapid', 'ratcliffe', 'rate', 'reach', 'reach_comment', 'real', 'real_life', 'reappraise', 'reason', 'reawaken_america', 'recall', 'receive', 'reckless', 'recommendation', 'reconstitute', 'record', 'recruit', 'refer', 'reflect', 'refuse', 'refuse_wear', 'regard', 'register', 'regret', 'reject', 'relationship', 'release', 'religious', 'relitigate', 'rely', 'remain', 'remake', 'remark', 'remediation', 'remedie', 'remedy', 'remind', 'render', 'rent', 'replace', 'reply', 'report', 'reported', 'reporter', 'representative', 'reprimand', 'republic', 'republican', 'republican_candidate', 'republican_congressman', 'republican_lawmaker', 'republicans', 'request_comment', 'require', 'rerun_election', 'residence', 'resign', 'resignation', 'resist', 'resolve', 'respond', 'respond_request_comment', 'response', 'responsibility', 'restrictive', 'result', 'reticence', 'retire', 'retired', 'retirement', 'return', 'reveal', 'reverse', 'review', 'reviewing', 'revise', 'revival', 'revolutionary', 'rhode_island', 'rice', 'rid', 'rider', 'rig', 'right', 'right_wing', 'rinos', 'riot', 'riot_capitol', 'rioter', 'rise', 'river', 'road', 'robert', 'robert_mueller', 'roberts_jr.', 'robust', 'roger_stone', 'role', 'rolling_stone', 'room', 'round', 'rt', 'rucker', 'rudy_giuliani', 'ruin', 'rule', 'rumor', 'run', 'run_mate', 'russia', 'russian', 's.u.v.', 'safe', 'salad', 'sanction_russia', 'satan', 'scale', 'scandal', 'schedule', 'sci_fi', 'scott', 'scripture', 'seat', 'secluded', 'second', 'secretary', 'secretary_state', 'section', 'security', 'security_council', 'sedition', 'seek', 'seize', 'seize_voting_machine', 'self', 'seminar', 'senate', 'send', 'senior', 'senior_adviser', 'sense', 'sensitive', 'separate', 'sept._11', 'september', 'sergeant', 'sergey_kislyak', 'series', 'serve', 'service', 'set', 'set_motion', 'seth_keshel', 'shape', 'share', 'sharing', 'shave', 'sheriff', 'shift', 'shirt', 'shop', 'short', 'shot', 'shuffle', 'sidney_powell', 'sight', 'sign', 'signal', 'significant', 'similar', 'single', 'sink', 'sir', 'sit', 'situation', 'skeptical', 'sleep', 'slogan', 'slot', 'small', 'snippet', 'social_medium', 'socialist', 'society', 'soft', 'software', 'soldier', 'solicit', 'son', 'sort', 'source', 'south_carolina', 'soviet_union', 'speak', 'speak_phone', 'speaker', 'special_counsel', 'special_operations', 'speciale', 'specialist', 'spectacular', 'speech', 'spend', 'spotlight', 'spread', 'spread_misinformation', 'spring', 'staff', 'staff_member', 'stage', 'stake', 'stand', 'standing', 'stanley', 'star', 'start', 'state', 'state_legislature', 'statement', 'stature', 'steal', 'steal_election', 'step', 'stern', 'stop', 'storm_capitol', 'story', 'storybook', 'strange', 'street', 'stretch', 'strike', 'string', 'strong', 'structural', 'study', 'stunning', 'stupefied', 'stupidity', 'style', 'subordinate', 'subpoena', 'subterranean', 'succession', 'sue', 'sue_block', 'suggest', 'suggestion', 'suit', 'suited', 'summary', 'sunday', 'superior', 'superstar', 'supervisor', 'support', 'suppose', 'surprised', 'susan', 'susceptible', 'suspicious', 'swamp', 'sway_republican', 'system', 't_shirt', 'taboo', 'tactic', 'talk', 'task', 'tater', 'team', 'technique', 'telegram_account', 'television', 'tell', 'tell_truth', 'tenacity', 'tendency', 'tent', 'tenure', 'term', 'terrorist', 'testify', 'testimony', 'texas', 'text_message', 'texte', 'than-700', 'thanksgiving_flynn', 'theft', 'theory', 'thin', 'thing', 'think', 'thomas', 'thousand', 'threat', 'throng', 'throw', 'thwarted', 'tie', 'time', 'title', 'toil', 'tomorrow', 'tomotley', 'tot', 'total', 'touch', 'tough', 'tour', 'town', 'trade', 'tradition', 'transcript', 'transfigure', 'travel', 'trigger', 'troop', 'troublesome', 'true', 'true_extent', 'trump', 'trump_ally', 'trump_campaign', 'trump_organization', 'trump_presidency', 'trump_rally', 'trumpian', 'trumpworld', 'try', 'try_explain', 'tulsa', 'turkey', 'turkish', 'turn', 'turning_point', 'twitter', 'u.s.', 'u.s._intelligence', 'u.s._marshal', 'u.s._military', 'unbelievable', 'unclear', 'understand', 'understanding', 'undeterred', 'unflattering', 'unfold', 'uniform', 'uniformed', 'unique', 'unit', 'united_states', 'universe', 'unorthodox', 'unprecedented', 'unregistered', 'unusual', 'upend', 'urge', 'usa', 'use', 'useful', 'usual', 'v.i.p.', 'vaccine', 'value', 'velocity', 'venture', 'veteran', 'vets', 'vetting', 'vice_president', 'vice_president_mike_pence', 'vickers', 'victimization', 'victor', 'victory', 'video', 'video_footage', 'view', 'vilify', 'villain', 'violence', 'virginia', 'visit', 'voice', 'void', 'volunteer', 'vote', 'voter', 'voting_law', 'voting_machine', 'wake_morning', 'waldron', 'walk', 'walker', 'want', 'war', 'warn', 'warrington', 'washington', 'washington_d.c.', 'washington_examiner', 'washington_post', 'waste', 'watch', 'watnick', 'wave', 'way', 'weakness', 'wear', 'wear_t', 'weave', 'website', 'week', 'weekend', 'weigh', 'welcome', 'west', 'whereabouts', 'white_house', 'white_house_official', 'whiteboard', 'wield', 'wife', 'wild', 'willard', 'william_barr', 'willing', 'win', 'window', 'wisconsin', 'withdraw', 'withhold', 'wolf', 'wonder', 'wood', 'word', 'work', 'working', 'working_class', 'world', 'worldview', 'worshiper', 'wrap', 'write', 'wwg1wga', 'year', 'year_old', 'years', 'yell', 'yougov', 'young', 'ziegler', '’']"
38,1479808865294299144,49,11,348,https://nyti.ms/3q2UQXf,2022-01-08 08:35:01-05:00,"['$_700', '100', '10_day', '11', '110', '2015', '2016', '2019', '24_hour', '60', '68', '85', '89', '92', '95', '97', '97th', '98', 'abandon', 'able', 'abundant', 'accept', 'accessible', 'accomplishment', 'acknowledge', 'actor', 'add', 'affront', 'afterlife', 'age', 'aging', 'alas', 'album', 'ambulette', 'ambush', 'america', 'amorous', 'angel', 'answer', 'anticipation', 'anxiety', 'apartment', 'apply', 'appreciated', 'april', 'arrive', 'article', 'ask', 'ask_question', 'aspiration', 'assisted', 'assumption', 'atlantic', 'attend', 'attention', 'audm_iphone_android', 'autumn', 'available', 'balance', 'batter', 'bay', 'bean', 'bear', 'befit', 'begin', 'benefit', 'benn', 'billy', 'birthday', 'bless', 'blood_pressure', 'bodily', 'book', 'breathe', 'bring', 'broadcast', 'brochure', 'bronx', 'brood', 'brooklyn', 'build', 'building', 'business', 'busy', 'cactus', 'car_drive', 'care', 'case', 'centennial', 'ceremony', 'certain', 'challenge', 'change', 'child', 'child_grandchild', 'christmas', 'christmas_eve', 'church', 'circumstance', 'city', 'close', 'come', 'comfort', 'commitment', 'common', 'community', 'company', 'complete', 'compliment', 'concrete', 'condition', 'coney_island', 'congestive', 'consumer', 'continue', 'contradictory', 'control', 'correspondent', 'couch', 'count', 'country', 'couple', 'course', 'date', 'daughter', 'day', 'death', 'decade', 'december', 'decide', 'declaration', 'declare', 'decline', 'define', 'degree', 'dementia', 'depict', 'describe', 'deserve', 'detail', 'determined', 'die', 'different', 'difficult', 'dignity', 'disgust', 'doctor', 'door', 'dozen', 'drop', 'early_december', 'easy', 'eckstine', 'effort', 'elder', 'elicit', 'embarrassment', 'end', 'energy', 'enjoy', 'enlightening', 'envy', 'exception', 'exhibition', 'expect', 'experience', 'experienced', 'extraordinary', 'eye', 'eyelash', 'face', 'failure', 'fall', 'family', 'fear', 'feel', 'feisty', 'film', 'filmmaker', 'final', 'find', 'fine', 'finish', 'finite', 'flashy', 'flirting', 'floor', 'focus', 'follow', 'force', 'forget', 'fred', 'friday', 'friend', 'funeral', 'gap', 'gay_man', 'generous', 'glad', 'goal', 'good', 'good_friend', 'government', 'grandmother', 'great', 'ground', 'group', 'grow', 'grumble', 'hand', 'hang', 'happen', 'happy', 'hard', 'hear_audio_story_publication', 'heart', 'hebrew', 'helen', 'help', 'home', 'homebound', 'hope', 'hospice', 'hospital', 'hospital_bed', 'house', 'howie', 'identify', 'imagine', 'immediate', 'important', 'include', 'independence', 'infection', 'interest', 'isolation', 'january', 'jazz', 'jersey', 'jimmy_carter', 'john', 'jonas', 'jones', 'journalism', 'judy', 'june', 'kid', 'kiss', 'know', 'knowledge', 'lack', 'lady', 'lament', 'late', 'laugh', 'leader', 'leave', 'leaven', 'let', 'level', 'leverage', 'life', 'lift', 'light', 'light_bulb', 'like', 'limited', 'live', 'lively', 'living', 'lockdown', 'loneliness', 'long', 'long_range', 'long_time', 'look', 'lose', 'lose_weight', 'loss', 'lot', 'love', 'lunch', 'maintain', 'manage', 'manhattan', 'marry', 'matter', 'mean', 'meaningful', 'mekas', 'mention', 'metropolitan_opera', 'microbiologist', 'middle', 'midnight', 'mind', 'miss', 'mobile', 'mobility', 'model', 'mom', 'moment', 'money', 'month', 'moses', 'mother', 'mushy', 'need', 'negotiate', 'new', 'new_hampshire', 'new_york_times_download', 'noise', 'northover', 'nov.', 'novelist', 'november', 'nurse', 'nursing_home', 'obama_administration', 'october', 'odd', 'old', 'old_adult', 'open', 'ordinary', 'organize', 'pain', 'pandemic', 'partner', 'party', 'pass', 'penelope', 'people', 'period', 'phone', 'photo', 'physical', 'pick', 'picture', 'pillar', 'ping', 'place', 'plan', 'play', 'pleasure', 'pointer', 'possible', 'predictable', 'prepare', 'preserve', 'pride', 'prime', 'pro', 'problem', 'process', 'prove', 'public', 'question', 'rage', 'rare', 'ravage', 'reach', 'ready', 'reason', 'receive', 'recent', 'remain', 'remember', 'repeat', 'resist', 'resistance', 'result', 'resuscitate', 'retire', 'retirement', 'return', 'risk', 'riverdale', 'room', 'run', 'rush', 'ruth', 'satisfaction', 'saturday', 'second', 'self', 'semidark', 'sentiment', 'series', 'serve', 'set', 'setback', 'seven', 'shame', 'share', 'sheepshead', 'shore', 'short', 'simple', 'sing', 'singer', 'sleep', 'sleepless_night', 'smile', 'social_security', 'socialize', 'son', 'sorensen', 'span', 'speak', 'speech', 'spend', 'spend_hour', 'sport', 'spouse', 'stand', 'standing', 'start', 'stay', 'stop', 'story', 'struggle', 'stuff', 'summer', 'sunlight', 'sunny', 'support', 'surprise', 'surprising', 'surround', 'survive', 'survivor', 'sustain', 'talk', 'tell', 'tend', 'terrain', 'test_positive_coronavirus', 'thank', 'thanksgiving', 'thing', 'think', 'time', 'times', 'timing', 'title', 'tooth', 'tract', 'travel_dispatch', 'treatment', 'trend', 'try', 'turn', 'unable', 'undramatic', 'unsafe', 'uproot', 'upset', 'urge', 'urinary', 'useful', 'vacation', 'value', 'veteran', 'virtue', 'visit', 'voice', 'vow', 'wait', 'walk', 'want', 'wardrobe', 'warm', 'weak', 'weather', 'week', 'willig', 'win', 'wish', 'woe', 'woman', 'wong', 'word', 'work', 'world', 'world_war_ii', 'worry', 'worth', 'write', 'writer', 'wrong', 'year', 'yes', 'young', 'zeimer', '’']"
39,1487138455297613825,28,27,164,https://nyti.ms/34aLD6N,2022-01-28 14:00:12-05:00,"['-', '10', '10.7', '11,000', '12.5', '15th', '160', '16th_century', '1774', '1787', '1788', '1791', '1793', '1794', '17th_century', '1800', '1803', '1807', '1808', '1810', '1820', '1860', '1870', '1888', '18th_century', '1958', '1969', '1990s', '19th_century', '2,313', '200', '2008', '2019', '20_percent', '20_year', '27,000', '3.5', '35', '36,000', '389,000', '4,000', '40_year', '63,000', '85', '875,000', '95,000', 'ability', 'able', 'abolish', 'abstract', 'abstractable', 'abstraction', 'abysmal', 'academy', 'access', 'accomplishment', 'account', 'act', 'activism', 'ad', 'add', 'addition', 'additional', 'address', 'adopt', 'africa', 'african', 'african_american', 'africans', 'agree', 'alfred', 'alive', 'allow', 'almanac', 'america', 'american', 'americans', 'americas', 'analysis', 'anarchic', 'ancestor', 'animation', 'annual', 'answer', 'ante', 'antebellum', 'anticipate', 'antigua', 'antiquity', 'appeal', 'appear', 'appreciate', 'archival', 'archive', 'area', 'argentina', 'army', 'arrival', 'arrive', 'ask', 'aspect', 'assault', 'assess', 'assistant_professor', 'atlantic', 'atlantic_ocean', 'atrocity', 'audience', 'augment', 'august', 'author', 'authority', 'available', 'awareness', 'bahamas', 'balance_sheet', 'ban', 'banality', 'bancroft', 'barbados', 'bear', 'bear_brunt', 'beauty', 'begin', 'bellum', 'big', 'bill', 'bit', 'black', 'blank', 'bloody', 'board', 'boat', 'body', 'bois', 'bonaparte', 'bondage', 'book', 'booming', 'box', 'brazil', 'breakthrough', 'breathe', 'breed', 'bring', 'britain', 'british', 'business', 'buy', 'buy_sell', 'cache', 'capitalism', 'captain', 'captive', 'capture', 'card', 'care', 'cargo', 'caribbean', 'carlton', 'carry', 'cash', 'catch', 'cd', 'census', 'century', 'certain', 'chain', 'character', 'child', 'choice', 'civil_war', 'co_-', 'coast', 'coastal', 'coastwise', 'cold', 'colleague', 'collect', 'collect_datum', 'colony', 'color', 'column', 'commercial', 'commitment', 'commodification', 'compare', 'comparison', 'compelling', 'compile', 'complete', 'compound', 'comprehensible', 'compromise', 'computer', 'computerize', 'conceptual', 'concern', 'concerned', 'concession', 'concur', 'concurrent', 'condemn', 'condition', 'confederation', 'conflict', 'congress', 'congress_pass', 'connect', 'connection', 'conrad', 'consequence', 'consider', 'constitution', 'consume', 'contact', 'contain', 'contemporary', 'content', 'context', 'continent', 'continental', 'continue', 'control', 'convey', 'cost', 'cotton', 'count', 'countless', 'country', 'create', 'creation', 'creator', 'crime', 'crisis', 'crop', 'cruz', 'cry', 'cuba', 'cultivation', 'curse', 'curtin', 'dark', 'data', 'database', 'datum', 'david', 'day', 'deal', 'decade', 'decide', 'deduction', 'deep', 'defeat', 'dehumanize', 'delve', 'demand', 'demographic', 'demography', 'departure', 'descend', 'descendant', 'description', 'detail', 'detailed', 'die', 'different', 'different_kind', 'difficult', 'digital', 'discovery', 'discuss', 'disembark', 'disentangle', 'disposable', 'dispossessed', 'dissertation', 'disturb', 'doctoral_student', 'document', 'documentation', 'domestic', 'dominance', 'dot', 'double', 'drama', 'dramatic', 'draw', 'drive', 'drum', 'du', 'duration', 'dutch', 'early', 'east_west', 'eastern', 'economic', 'economics', 'economy', 'edition', 'editor', 'effective', 'effort', 'eldorado', 'eltis', 'embed', 'emeritus', 'emory', 'empathy', 'emperor', 'emphasize', 'enact', 'encode', 'encompass', 'encounter', 'end', 'endure', 'engage', 'england', 'english', 'enslave', 'enslaved', 'enslaved_people', 'enslaver', 'ensure', 'entire', 'entry', 'epistemic', 'errant', 'essential', 'estate', 'estimate', 'ethic', 'ethical', 'event', 'everydayness', 'evidence', 'evoke', 'exaggerate', 'example', 'excessive', 'exchange', 'exhibition', 'exist', 'expand', 'expansion', 'expedition', 'expensive', 'experience', 'explain', 'export', 'extent', 'extraordinary', 'face', 'facilitate', 'fact', 'family', 'father', 'federal', 'feel', 'field', 'file', 'fill', 'final', 'find', 'fire', 'flesh', 'forbid', 'force', 'forefront', 'foreign', 'form', 'formal', 'foundation', 'fraction', 'freedom', 'french', 'friend', 'fuel', 'fuentes', 'fugitive', 'fund', 'future', 'gender', 'genealogist', 'genealogy', 'general', 'george', 'gigantic', 'gin', 'good', 'grant', 'granular', 'graph', 'graunt', 'grave', 'great', 'groundbreaking', 'group', 'grow', 'growth', 'gulf_coast', 'h.', 'haiti', 'haitian', 'halt', 'hand', 'handle', 'happen', 'hard', 'harm', 'harrowing', 'harvard', 'head', 'heavy', 'hell', 'help', 'hemisphere', 'high', 'historian', 'historians', 'historical', 'history', 'houston', 'human', 'humanity', 'humanize', 'hypersexualize', 'ibm', 'identify', 'identity', 'illegal', 'image', 'imagination', 'imagine', 'imbalance', 'import', 'important', 'importation', 'include', 'increase', 'independent', 'indian', 'indies', 'indifference', 'indigo', 'individual', 'infographic', 'inform', 'information', 'ink', 'inquiry', 'institutionalize', 'insurrection', 'integrate', 'intention', 'interconnection', 'interested', 'interface', 'internal', 'international', 'interview', 'intimacy', 'intimate', 'intra', 'introduce', 'invention', 'inventory', 'involve', 'involvement', 'ireland', 'irish', 'j.', 'jamaica', 'jan._1', 'jennie', 'jennifer', 'jessica', 'john', 'johns_hopkins', 'johnson', 'journey', 'kind', 'kinfolk', 'kinship', 'know', 'knowledge', 'l.', 'labor', 'land', 'lapse', 'large', 'late_1960', 'law', 'lay', 'lean', 'learn', 'leave', 'ledger', 'legacy', 'legal', 'letter', 'lie', 'life', 'like', 'lineage', 'list', 'little', 'live', 'living', 'long', 'look', 'lose', 'lot', 'low', 'lower', 'lucrative', 'magazine', 'magnificent', 'mainframe', 'majority', 'man', 'man_woman', 'manifest', 'manner', 'map', 'marcus', 'marie', 'marisa', 'market', 'massive', 'material', 'mathematical', 'mathematician', 'mean', 'measure', 'medium', 'memory', 'menney', 'merger', 'metadata', 'method', 'methodology', 'metric', 'meyer', 'migration', 'million', 'million_people', 'mind', 'missouri', 'mobility', 'modern', 'moment', 'monstrous', 'moral', 'morality', 'morgan', 'mother', 'mount', 'movement', 'museum', 'myabecca', 'napoleon', 'nation', 'nature', 'need', 'negro', 'new', 'new_orleans', 'newfound', 'nightmare', 'noise', 'nonimportation', 'north_america', 'note', 'number', 'numbness', 'object', 'objectification', 'objectified', 'objectify', 'obscure', 'ocean', 'oceans', 'odd', 'official', 'oh', 'online', 'open', 'opportunity', 'origin', 'originate', 'overwhelming', 'owner', 'pacify', 'paddle', 'page', 'painstaking', 'paramount', 'participate', 'pass', 'passage', 'past', 'path', 'pathbreake', 'pay', 'pedestal', 'pen', 'people', 'percent', 'period', 'person', 'personal', 'petty', 'philip', 'physical', 'physicality', 'place', 'plaintive', 'planter', 'plot', 'point', 'policy', 'political', 'political_scientist', 'population', 'port', 'portrait', 'portuguese', 'possession', 'possible', 'postdoctoral', 'pound', 'power', 'powerful', 'precise', 'preserve', 'president', 'price', 'principal', 'problem', 'produce', 'production', 'professor', 'profit', 'prohibit', 'project', 'proportion', 'provide', 'public', 'publication', 'puerto_rico', 'purchase', 'purpose', 'quagmire', 'qualitative', 'quantification', 'quantify', 'quantitative', 'quarter', 'question', 'r.', 'rapid', 'rare', 'ratify', 'reach', 'real', 'reality', 'realm', 'reason', 'rebel', 'recapitulate', 'receive', 'reckon', 'recognize', 'reconstruction', 'record', 'rediker', 'reformation', 'regard', 'relate', 'relationship', 'relaunche', 'release', 'religious', 'rely', 'remain', 'repository', 'represent', 'reproduce', 'republic', 'repurpose', 'require', 'research', 'research_fellow', 'researcher', 'reshape', 'resource', 'respect', 'respond', 'response', 'rest', 'result', 'retain', 'revenue', 'revolution', 'revolutionary', 'revolutionize', 'rice', 'rise', 'rom', 'root', 'sale', 'santa', 'scale', 'schedule', 'scholar', 'scholarship', 'school', 'secession', 'second', 'sell', 'send', 'set', 'settlement', 'shape', 'share', 'shed_light', 'ship', 'shore', 'sign', 'significance', 'significant', 'silence', 'silicon_valley', 'simon', 'singing', 'single', 'site', 'size', 'slate', 'slave', 'slave_trade', 'slaveholde', 'slaveholder', 'slavery', 'slavevoyages', 'sleep_night', 'smell', 'smudge', 'society', 'sociopolitical', 'soil', 'solidify', 'sort', 'sound', 'source', 'south', 'southeast', 'southeastern', 'southwest', 'spanish', 'speak', 'specific', 'specificity', 'spectacular', 'spend', 'spend_time', 'spirit', 'spreadsheet', 'stand', 'standardize', 'start', 'starting_point', 'state', 'statecraft', 'statistical', 'statue', 'status', 'step', 'story', 'strange', 'stranglehold', 'stroke', 'strong', 'study', 'subject', 'suppress', 'sure', 'surplus', 'surround', 'survive', 'system', 'systematic', 'table', 'tangible', 'task', 'team', 'tell', 'tell_story', 'temporary', 'term', 'terrifying', 'territory', 'thank', 'thing', 'think', 'thomas_jefferson', 'thousand', 'thrive', 'throw', 'tie', 'time', 'tiny', 'title', 'tobacco', 'today', 'tool', 'total', 'touch', 'trace', 'trade', 'trader', 'trading', 'traffic', 'trafficking', 'tragedy', 'trans_-_atlantic', 'transaction', 'transfer', 'transform', 'transportation', 'truth', 'turn', 'twentyfold', 'underbeat', 'undermine', 'underscore', 'understand', 'understanding', 'unimaginable', 'unique', 'united_states', 'university_california', 'upheaval', 'upper', 'use', 'useful', 'valuable', 'version', 'vessel', 'vigorous', 'violate', 'violence', 'virginian', 'visual', 'vital', 'volume', 'voyage', 'w.e.b.', 'waft', 'wail', 'wake', 'walter', 'want', 'war', 'watch', 'water', 'way', 'wealth', 'website', 'west', 'western', 'white', 'wicked', 'wield', 'william', 'williams', 'wilson', 'woman', 'women', 'wonder', 'wood', 'word', 'work', 'world', 'worth', 'write', 'writer', 'writing', 'wrongness', 'year', 'young', 'young_man']"
40,1497310463251648519,594,197,3498,https://nyti.ms/3smud0P,2022-02-25 15:40:07-05:00,"[' ', '-', '11', '1989', '1999', '2000', '2012', '2013', '2017', '2019', '3', '51', '53', '6_-', 'accept', 'accomplishment', 'accord', 'accusation', 'accuse', 'achieve', 'action', 'add', 'adviser', 'alaska', 'allege', 'ally', 'alma_mater', 'america', 'americans', 'announce', 'announcement', 'appeal', 'appeal_court', 'appoint', 'appointment', 'approach', 'april', 'april_7', 'argue', 'ask', 'asset', 'associate', 'association_nomination', 'attempt', 'avoid', 'background', 'balance', 'baltimore', 'battle', 'bear', 'befit', 'begin', 'behalf', 'behavior', 'belief', 'believe', 'bench', 'bench_judge', 'benefit', 'biden', 'bind', 'black_voter', 'black_woman', 'block', 'blood', 'body', 'breyer', 'bring', 'brother', 'brown', 'bulk', 'california', 'campaign_promise', 'candidate', 'capitol_hill', 'career', 'cascade', 'cast_doubt', 'catch', 'change', 'character', 'characterize', 'chief_staff', 'childs', 'choice', 'choose', 'circle', 'clerk', 'clerk_justice', 'client', 'cocaine', 'college', 'commit_crime', 'commitment', 'commute', 'concern', 'conduct', 'confirm', 'confirmation', 'confirmation_ ', 'confirmation_hearing', 'confirmation_process', 'confirmation_vote', 'congress', 'congressional', 'conservative', 'conservative_lawmaker', 'constitution', 'continue', 'control', 'country', 'court', 'court_justice', 'credit', 'crime', 'criminal', 'criminal_justice', 'criticize', 'cultural_issue', 'current', 'curtail', 'cut', 'd.', 'dana', 'daughter', 'day', 'deadline', 'deadlock_final', 'decade', 'decide', 'decision', 'delegate', 'deliberate', 'deliver', 'democrat', 'democratic', 'democrats', 'democrats_republicans', 'deportation', 'deprive', 'destiny', 'detailed', 'detective', 'die', 'differ', 'different', 'distribute', 'district_columbia', 'district_columbia_circuit', 'district_court', 'divide', 'dominate_conservative', 'donald', 'dr.', 'drag', 'drug', 'early', 'earn', 'echo', 'effort', 'eleanor', 'elect', 'elevate', 'eligibility', 'emphasize', 'end', 'entitle', 'evening', 'exhaustive', 'expect', 'experience', 'express', 'extensive', 'f._mcgahn', 'faith', 'fall_realm', 'family', 'fast_track', 'favor', 'favorite', 'federal', 'federal_court', 'federal_district_court', 'feel', 'final', 'flank', 'follow', 'fortunate', 'found', 'friday', 'fulfil_campaign', 'future', 'g.', 'general', 'generation', 'georgetown_university', 'government', 'graduate', 'graham', 'grant', 'great', 'greatness', 'ground', 'group', 'grow', 'halt_rightward', 'harvard', 'harvard_black', 'harvard_law', 'hearing_republicans', 'heighten', 'help', 'high', 'hire', 'historic', 'historic_nomination', 'history', 'holmes', 'honor', 'hope', 'hospital', 'hot_button', 'house', 'idea', 'ideological', 'ii', 'incentivize', 'include', 'influential', 'inform', 'inspire', 'integrity', 'intellect', 'intent', 'interest', 'investigate', 'investigation', 'issue', 'ivy_league', 'j.', 'jackson', 'jackson_modern', 'jackson_supreme', 'job', 'join', 'judge', 'judge_childs', 'judge_jackson', 'judge_ketanji_brown_jackson', 'judicial', 'judiciary_committee', 'jurist', 'justice', 'justice_breyer', 'justice_polarized', 'kamala_harris', 'ketanji', 'ketanji_brown', 'king', 'klain', 'know', 'kruger', 'large', 'late_update', 'law', 'law_enforcement', 'law_students', 'lawmaker', 'lawyer', 'lean', 'learn', 'legal', 'leondra', 'liberal', 'liberal_minority', 'life', 'life_sentence', 'lifetime', 'like', 'likeli', 'lindsey_graham', 'lisa_murkowski', 'list', 'little', 'long', 'look', 'lot', 'love', 'loyalty', 'maine', 'majority', 'majority_opinion', 'man', 'marriage', 'married', 'mcconnell_kentucky', 'measure', 'medstar', 'meet', 'member', 'member_liberal', 'methodical', 'miami', 'michelle', 'minority_leader', 'moment', 'month', 'monthlong', 'nation', 'nominate', 'nominate_judge', 'nomination', 'nominee', 'nonviolent', 'nonvoting', 'norton', 'notable', 'november', 'obey', 'obstruct', 'october', 'offender', 'offer', 'opinion', 'opinion_suggest', 'oppose', 'pain', 'parent', 'partisan', 'past', 'patrick', 'paul', 'pave_way', 'pedigree', 'people_familiar', 'person', 'personal', 'personal_history', 'philosophy', 'place', 'plan', 'play', 'point', 'point_view', 'police', 'police_chief', 'politic', 'position', 'possess', 'possibility', 'possible', 'post', 'potential', 'power', 'powerful', 'praise', 'pregnancy', 'presidency', 'president', 'president_barack_obama', 'president_biden', 'president_donald_j._trump', 'presidential_candidate', 'presidential_transition', 'press', 'pressure', 'prevention', 'principle', 'prison', 'process', 'process_confirmation', 'produce', 'promise_nominate', 'prompt_democrats', 'propensity', 'protect', 'proving', 'public', 'public_defender', 'public_school', 'push', 'question', 'r.', 'rancor', 'read', 'receive', 'recent', 'recent_week', 'recess', 'record', 'recount', 'reflect', 'regard', 'relate', 'release', 'reliable_member', 'remain', 'remark', 'remus', 'replace', 'replace_justice', 'representative', 'republican', 'republican_senator', 'republicans', 'republicans_vote', 'response', 'retain', 'retire', 'review', 'review_judicial', 'right', 'rigor', 'rigorous', 'risk', 'ron', 'rule_law', 'ruling', 'run', 'runner', 'russia', 'russia_invasion_ukraine', 'ryan', 'sacred', 'sandwich', 'schedule', 'scheduled', 'school', 'scorch_earth', 'search', 'seek', 'select', 'self_impose', 'senate', 'senate_republicans', 'senator_mitch', 'senators', 'send', 'senior', 'sentence', 'sentence_life', 'serve', 'set', 'set_motion', 'sex', 'share', 'shield', 'short', 'sort', 'south_carolina', 'speaker', 'state', 'state_union_address', 'statement', 'stem', 'stephen_breyer', 'stephen_g.', 'sting', 'street', 'strike', 'subject', 'subpoena', 'substantial', 'successor', 'suggest', 'summer', 'support', 'supporter', 'supreme_court', 'supreme_court_justice', 'surgeon', 'susan_collins', 'swear', 'talent', 'teacher', 'teen', 'term', 'testify', 'testify_congress', 'testimony', 'thing', 'thomas', 'thursday', 'time', 'to-44', 'touch', 'track_record', 'trade', 'traditional', 'train', 'trajectory_woman', 'trial', 'true', 'trump', 'trump_administration', 'tuesday', 'turn', 'tweet', 'twin', 'twitter', 'u.s._court_appeals', 'unabated', 'uncle', 'undercover', 'understand', 'unequivocal', 'united_states', 'unusual', 'uphold', 'vacancy', 'vet', 'vice', 'vice_president', 'violent', 'vocal', 'vote', 'vote_nomination', 'vote_senate', 'wait', 'washington', 'washington_d.c.', 'washington_president_biden', 'wednesday_afternoon', 'week', 'white_house', 'white_house_counsel', 'white_house_official', 'win', 'wing', 'woman', 'word', 'work', 'worry', 'write', 'yale', 'year', 'young_brother']"
41,1490326656338345987,55,38,213,https://nyti.ms/3AZEa6M,2022-02-06 09:08:58-05:00,"['-', '1.3', '10', '100', '1989', '2009', '2022_winter', '2030', '4', '555', '5_year_old', '70_percent', 'account', 'accuse', 'act', 'action', 'admission', 'adopt', 'adoption', 'adrift', 'adult', 'affect', 'affirmative_action', 'agenda', 'ahmari', 'aim', 'air', 'air_conditioning', 'allende', 'ally', 'almond', 'alternative', 'ambitious_goal', 'american', 'animal', 'apologize', 'appear', 'argue', 'ashley_wu', 'assemble', 'author', 'backlash', 'base', 'battle', 'begin', 'beijing', 'belarus', 'believe', 'benefit', 'bennett', 'betray', 'better', 'biden', 'biden_administration', 'big', 'bill', 'billion', 'billion_ton', 'bit', 'blain', 'block', 'bombing', 'book', 'bouie', 'boy', 'break', 'breakthrough', 'bridge', 'brighten', 'broad', 'broken', 'build', 'business', 'busy', 'butterfly', 'buy', 'cake', 'capture', 'carbon', 'carbon_emission', 'care_system', 'case', 'cement', 'center', 'challenge', 'chancellor_olaf', 'charge', 'cheap', 'chloe_kim', 'chocolate', 'claire', 'classic', 'clean_energy', 'climate', 'climate_change', 'climate_policy', 'close', 'clue', 'cold_war', 'college', 'commit', 'communist', 'compete', 'conflict', 'confluence', 'congress', 'congressional', 'conservative', 'conspiracy_theory', 'consumer', 'contain', 'contradiction', 'contribute', 'core', 'country', 'cover', 'covid', 'criminal_justice', 'crisis', 'crossword', 'current', 'cut', 'daily', 'dangerous', 'day', 'deadlocke', 'deal', 'death', 'decade', 'decarbonize', 'defensive', 'democrats', 'deneen', 'deny', 'describe', 'die', 'difference', 'disaster', 'donald_trump', 'earn', 'easy', 'eat', 'eater', 'economic', 'editor', 'education', 'effect', 'effort', 'election', 'electric', 'electric_vehicle', 'email', 'enable', 'encourage', 'end', 'energy', 'energy_efficient', 'energy_source', 'engineer', 'episode', 'era', 'event', 'exceed', 'executive', 'existential', 'expansionist', 'expect', 'experience', 'expert', 'explore', 'extreme_weather', 'extrication', 'face', 'fail', 'fall', 'farming', 'federal', 'federal_government', 'fiction', 'fight', 'finance', 'find', 'flynn', 'follow', 'food_water', 'force', 'foreign_policy', 'forest', 'found', 'french', 'friendly', 'fund', 'future', 'game', 'gap', 'garamond', 'gaslighting', 'general', 'german', 'gladden', 'global_warming', 'goal', 'good_seller', 'grant', 'greenhouse_gas', 'grid', 'half', 'halve', 'hard', 'hardcover', 'hawk', 'headline', 'heat_pump', 'heating', 'help', 'history', 'hold', 'home', 'hospital', 'house', 'hunter', 'hurt', 'ian', 'idea', 'illustrate', 'impact', 'impossible', 'improve', 'inbox', 'include', 'indicate', 'industry', 'inequality', 'infrastructure', 'initiative', 'intensity', 'invade_ukraine', 'invasion_ukraine', 'investigation', 'investment', 'isabel', 'issue', 'jamelle', 'jan._6', 'jason', 'jenkins', 'jesse', 'jessica', 'job', 'joe_rogan', 'john', 'join', 'julia', 'kathryn', 'keisha', 'key', 'kid', 'kill', 'landscape', 'language', 'large', 'lawmaker', 'lead', 'leader', 'leah', 'legislation', 'legislative', 'lie', 'life', 'list', 'little', 'look', 'lose', 'loss', 'lot', 'love', 'low', 'luck', 'maintain_control', 'man', 'management', 'manchin', 'marino', 'mcwhorter', 'mean', 'measure', 'meat', 'medal', 'meet', 'memoir', 'michael', 'midterm_election', 'military', 'military_exercise', 'minute', 'misinformation', 'mobster', 'monday', 'money', 'month', 'mood', 'morning', 'moroccan', 'moses', 'msnbc', 'n.', 'narrow', 'nathan_chen', 'nation', 'national', 'nature', 'need', 'negotiation', 'new', 'new_york', 'new_york_city', 'news', 'novel', 'novelist', 'november', 'nuclear', 'odd', 'official', 'olympics', 'omicron_variant', 'open', 'oscar_nomination', 'overall', 'overturn_2020', 'pappin', 'party', 'pass', 'pass_legislation', 'passage', 'past', 'path', 'patrick', 'peak', 'pell', 'people', 'persuade', 'philbrick', 'pick', 'piersanti', 'plan', 'play', 'pledge', 'podcast', 'poem', 'policy', 'politic', 'pollute', 'pollution', 'poor', 'positive', 'potential', 'power', 'prasad', 'prediction', 'president_biden', 'pressure', 'pretext', 'previous', 'princeton_university', 'problem', 'program', 'promise', 'prompt', 'proposal', 'provide', 'provision', 'pseudo', 'psychology', 'public_health', 'push', 'question', 'quiz', 'race', 'racial', 'racism', 'racist', 'range', 'reach', 'read', 'realignment', 'recommendation', 'reduce', 'region', 'reluctant', 'replace', 'republican', 'requirement', 'rescuer', 'research_development', 'resource', 'reveal', 'review', 'reynolds', 'riff', 'right', 'right_wing', 'romania', 'rosy', 'russia', 'russian_troop', 'ruta', 'sanam_yar', 'santa_barbara', 'scale', 'scholz_germany', 'schulz', 'senate', 'senator_joe', 'sepetys', 'set', 'sex_trafficking', 'shaun_white', 'sign', 'sign_newsletter', 'slur', 'small', 'snowboarder', 'social_spending', 'sohrab', 'solar_wind', 'span', 'speak', 'spelling_bee', 'spend', 'spending', 'st._petersburg', 'stall', 'star', 'stark', 'state', 'station', 'stave', 'steel', 'steep', 'stokes', 'story', 'strike', 'student', 'stumble', 'subject', 'subsidy', 'subway', 'suggestion', 'summer', 'sunday', 'sundays', 'support', 'sweeping', 'swing', 'system', 'tara', 'target', 'tax_credit', 'team', 'technique', 'tell', 'terrorist', 'texas', 'thank', 'themorning@nytimes.com', 'therapy', 'think', 'thousand', 'thursday', 'tiger', 'time', 'times', 'today', 'tom_wright', 'total_$', 'toxic', 'traditional', 'trajectory', 'transfix', 'transform', 'transformative', 'try', 'tuesday', 'u.s.', 'uncertain', 'uninhabitable', 'united_states', 'university_california', 'unlikely', 'unveil', 'update', 'use', 'vehicle', 'view', 'violeta', 'vote', 'vox', 'warn', 'way', 'week', 'weekend', 'western_official', 'westover', 'white_house', 'willingness', 'win', 'window', 'winter', 'winter_olympics', 'woman', 'work', 'write', 'writer', 'yawning', 'year', 'young_adult', '’']"
42,1496877620608311305,5428,568,17757,https://nyti.ms/3t86lgk,2022-02-24 11:00:10-05:00,"['1', '1,000', '100', '10:30', '18', '1986', '20', '40', '50', 'able', 'accord', 'accord_sergey_nazarov_aide', 'advance', 'adviser', 'afternoon', 'age', 'airport', 'alarmed', 'american', 'american_official', 'anton', 'appear', 'arestovich', 'army', 'artillery_shell', 'artillery_strike', 'ask', 'assess', 'attack', 'battle', 'battle_radioactive', 'begin', 'belarus', 'believe', 'black_sea', 'blaze', 'border', 'broad', 'capital', 'capital_kyiv', 'capture', 'chernihiv', 'chernobyl_exclusion', 'citizen', 'city', 'close', 'commander_chief', 'commando_russian', 'condition', 'confirm', 'control', 'corridor', 'country', 'cover', 'crash', 'damage', 'damage_concrete_encase_nuclear', 'dangerous', 'day', 'decade', 'decapitation', 'declaration', 'defense', 'defense_minister', 'deliver', 'deny', 'direct', 'direction', 'dnieper_river', 'dozen', 'draw', 'dull', 'dust', 'early', 'early_morning', 'eastern', 'eastern_ukraine', 'emergency_service_agency', 'end', 'enemy', 'engage', 'enlist', 'equipment', 'europe', 'european_union', 'evening', 'explosion', 'explosion_hear', 'fall', 'fierce_battle', 'fierce_resistance', 'fight', 'fighter_aircraft', 'fighting', 'fill', 'firefighter', 'form', 'game', 'general', 'government', 'heavy', 'heed', 'helicopter', 'helicopter_fly', 'herashchenko', 'hit', 'hostomel', 'hostomel_airport', 'imminent', 'include', 'indestructible', 'indication', 'intelligence_community', 'intense', 'intention', 'interior_minister', 'jet', 'join', 'key', 'kharkiv_northeast', 'kill', 'kill_dozen', 'kramatorsk', 'kyiv', 'land', 'land_sea_air', 'leader', 'likely', 'line', 'maintain_control', 'major', 'major_city', 'man', 'marsh', 'military', 'military_installation', 'mode', 'month', 'mount', 'movement', 'mykhailo_podolyak', 'navy_come', 'nazarov', 'noon', 'north_belarus', 'northern', 'odessa', 'odessa_amphibious', 'odessa_mayor', 'office', 'official', 'oleksiy', 'outgunne', 'outman', 'outskirt', 'pack', 'people', 'personnel_carrier', 'place', 'plain', 'plan', 'plant_nuclear', 'play', 'port_city', 'power_plant', 'president', 'president_biden', 'president_vladimir_v._putin', 'president_volodymyr_zelensky', 'protective', 'puppet', 'push_outskirt', 'putin', 'radioactive', 'range', 'reactor_melt', 'recruitment', 'refuse', 'regime', 'release', 'remain', 'remain_unclear', 'remark', 'repel', 'replacement', 'rescue', 'resistance', 'reznikov', 'ring', 'route', 'russia', 'russian', 'russian_armored', 'russian_force', 'russian_military', 'russian_military_plunge', 'russian_troop', 'scurry', 'seize_chernobyl_site', 'send', 'senior', 'shchastya', 'shoot', 'site', 'slovyansk', 'soldier', 'special_force_airborne_troop', 'speech', 'square_mile', 'storage', 'storage_facility', 'subside', 'sunrise', 'sunset_russian', 'surround', 'terrifying', 'territorial_defense', 'territory', 'threaten', 'thud', 'thursday', 'thursday_morning', 'times', 'touch_pitch', 'town', 'toxic', 'tree', 'turn', 'ukraine', 'ukraine_armed_force', 'ukrainian', 'ukrainian_army', 'ukrainian_force', 'ukrainian_military_official', 'ukrainian_soldier', 'ukrainian_troop', 'ultimate_goal', 'unit', 'unknown', 'vicinity', 'video', 'video_verify', 'view', 'war', 'warn', 'warning', 'waste', 'white_house', 'world', 'wound', 'zelensky', 'zone', 'zone_risk']"
43,1494109379192369154,267,129,1286,https://nyti.ms/3JBUjlV,2022-02-16 19:40:09-05:00,"['$', '$_1.5', '1.2_million', '15', '200,000', '2013', '2017', '2018', '21', '220,000', '300,000', '31', '400', '50', '62', '70', '88,546', 'abdelaziz', 'accept', 'achieve', 'act', 'action', 'actress', 'actual', 'add', 'addition', 'admission', 'admit', 'aggrandizement', 'agree', 'america', 'appeal', 'applicant', 'argue', 'arrogance', 'ask', 'athlete', 'athletic', 'attend', 'average', 'award', 'bad', 'base', 'basketball', 'behave', 'behavior', 'blues', 'boston', 'brazen', 'bribery', 'business', 'case', 'casino', 'cause', 'chance', 'character', 'charge', 'charitable', 'charity', 'child', 'childhood', 'choose', 'claim', 'coach', 'college', 'college_admission', 'college_university', 'come', 'community', 'compelling', 'compete', 'competitive', 'complete', 'confidence', 'conspire', 'consultant', 'consulting', 'continue', 'convict', 'conviction', 'cooperate', 'corrupt', 'count', 'country', 'court', 'credential', 'crime', 'daughter', 'day', 'deduct', 'describe', 'different', 'difficult', 'disregard', 'district', 'division', 'donation', 'door', 'drive', 'education', 'edward', 'elite', 'engineer', 'enrich', 'ensure', 'establish', 'estate', 'excuse', 'executive', 'expense', 'fabricate', 'failure', 'fake', 'false', 'family', 'federal', 'federal_investigator', 'felicity', 'file', 'financial', 'fine', 'foundation', 'francisco', 'fraud', 'freshman', 'gamal', 'general', 'good', 'gorton', 'half', 'hand', 'harsh', 'harvard', 'harvard_university', 'high', 'home', 'hour', 'huffman', 'humiliation', 'hyannis', 'impact', 'improve', 'include', 'internal_revenue', 'investigation', 'investor', 'john', 'jr.', 'judge', 'jury', 'kennedy', 'kerry', 'key', 'know', 'las_vegas', 'lawyer', 'lawyer_argue', 'letter', 'level', 'long', 'lori', 'loughlin', 'lynnfield', 'm.', 'mass.', 'massachusetts', 'member', 'memorandum', 'million', 'money', 'month', 'motivate', 'nathaniel', 'nationwide', 'negative', 'neighbor', 'noel', 'october', 'operation', 'order', 'overcome', 'pain', 'parent', 'participate', 'pay', 'pay_$', 'payment', 'people', 'perfect', 'play', 'player', 'plead_guilty', 'polo', 'port', 'praise', 'prison', 'prison_term', 'private_equity', 'process', 'program', 'prosecutor', 'purport', 'qualified', 'qualify', 'range', 'reason', 'receive', 'recommend', 'recruit', 'regret', 'release', 'remain', 'reserve', 'resource', 'responsibility', 'restitution', 'school', 'score', 'secure', 'self', 'sentence', 'sentencing', 'september', 'serve', 'service', 'sham', 'singer', 'son', 'sorry', 'southern_california', 'stand', 'stanford', 'stanford_university', 'strident', 'student', 'success', 'supervised', 'supporter', 'swim', 'system', 'tax_return', 'team', 'time', 'today', 'tremendous', 'trial', 'trust', 'truth', 'twin', 'u.s._district_court', 'u.s.c.', 'university', 'use', 'varsity', 'want', 'water', 'wednesday', 'week', 'william', 'willing', 'wilson', 'worldwide', 'write', 'year']"
44,1491543709888008193,22,32,90,https://nyti.ms/3gEaZg9,2022-02-09 17:45:06-05:00,"['1990', '67', 'able', 'abnormality', 'ache', 'adrenaline', 'agree', 'aid', 'air', 'alta', 'ambulance', 'announce', 'answer', 'appear', 'arm', 'artery', 'bad', 'baked', 'base', 'beautiful', 'begin', 'believe', 'block', 'blockage', 'blood', 'blue', 'body', 'break', 'breath', 'bright', 'brokenhearted', 'brutal', 'building', 'bullet', 'buy', 'cardiac', 'cardiologist', 'cardiomyopathy', 'carry', 'case', 'catheter', 'catheterization', 'cause', 'change', 'charm', 'check', 'chest', 'chest_pain', 'chill', 'cinnamon', 'classic', 'clavicle', 'clear', 'coffee', 'cold', 'come', 'condition', 'contrast', 'cool', 'coronary', 'corridor', 'counter', 'crazy', 'cut', 'dad', 'dampness', 'dark', 'day', 'death', 'define', 'describe', 'diagnosis', 'die', 'different', 'discharge', 'disorder', 'distend', 'doctor', 'door_open', 'dr.', 'drench', 'driveway', 'drop', 'dry', 'duty', 'dye', 'e.m.t.s', 'early', 'east', 'edge', 'effect', 'ekg', 'elastic', 'elongate', 'end', 'enlarge', 'enter', 'exam', 'excite', 'exhaustion', 'explain', 'face', 'fact', 'father', 'fatigue', 'feed', 'feel', 'fight', 'figure', 'find', 'fire', 'fisherman', 'flight', 'fly', 'follow', 'fraction', 'function', 'grab', 'grade', 'greet', 'happen', 'head', 'heart', 'heart_attack', 'heartbeat', 'help', 'hold', 'home', 'hormone', 'hospital', 'hour', 'hungry', 'hurry', 'husband', 'immediate', 'inch', 'indicate', 'induce', 'infarction', 'inject', 'injure', 'injury', 'insistent', 'interested', 'intermediate', 'intermountain', 'introduce', 'japanese', 'jog', 'karaoke', 'kent', 'kind', 'know', 'lead', 'leave', 'left', 'leg', 'life_threaten', 'lift', 'light', 'likely', 'listen', 'little', 'live', 'lodge', 'look', 'man', 'mean', 'medical_center', 'medication', 'meredith', 'minute', 'miserable', 'moment', 'month', 'morning', 'mountain', 'muscle', 'muscular', 'myocardial', 'necked', 'need', 'new', 'new_jersey', 'new_york_city', 'normal', 'obstruction', 'occur', 'octopus', 'offer', 'ok', 'old', 'oncologist', 'open', 'ordinary', 'oxygen', 'pace', 'pain', 'pass', 'pastry', 'patient', 'patrol', 'pause', 'payload', 'phone', 'physical', 'picture', 'piece', 'place', 'plastic_chair', 'point', 'possibility', 'pot', 'pressure', 'procedure', 'protect', 'provide', 'psychological', 'public', 'pull', 'pump', 'rare', 'recover', 'relax', 'relayere', 'relief', 'reopen', 'replace', 'reply', 'report', 'resist', 'resort', 'rest', 'result', 'return', 'return_normal', 'reversible', 'right', 'rockie', 'rockies', 'run', 'salt_lake_city', 'saturate', 'scan', 'scent', 'screen', 'second', 'section', 'seep', 'send', 'shape', 'sharp', 'shirt', 'short', 'shut', 'singe', 'sit', 'ski', 'sky', 'slender', 'slope', 'soak', 'son', 'space', 'spasm', 'speak', 'spike', 'squeeze', 'stand', 'start', 'sticky', 'stop', 'story', 'strange', 'stress', 'stressor', 'stretch', 'strong', 'sudden', 'support', 'suppose', 'surge', 'surprised', 'sweat', 'sweating', 'symptom', 'syndrome', 'tab', 'table', 'takotsubo', 'tell', 'test', 'thin', 'think', 'thread', 'training', 'trap', 'trigger', 'trip', 'try', 'turtleneck', 'typical', 'ultrasound', 'unable', 'unchanged', 'undershirt', 'understand', 'use', 'usual', 'utah', 'ventricle', 'vessel', 'wait', 'wake', 'wall', 'want', 'warmth', 'way', 'weak', 'weaken', 'weakened', 'wear', 'week', 'widow', 'winter', 'woman', 'work', 'worried', 'worry', 'wrist', 'wrong', 'x_-_ray', 'year', 'year_old', 'young_man', 'young_woman', '’']"
45,1502701016348860422,267,88,967,https://nyti.ms/3pWo4qw,2022-03-12 12:40:15-05:00,"[' ', '-', '/', '100', '101', '11', '15,000', '155', '1840', '1869', '1883', '1960', '1960s', '1965', '1966', '1969', '1972', '1980', '1984', '1985', '200', '2001', '2020_census', '21st_century', '32nd', '40', '50', '60', '70,000', '700', '@denisedslu', '@erinreiss', 'aaron', 'accommodate', 'accord', 'act', 'advocacy', 'advocate', 'affordable_housing', 'aftermath', 'agree', 'aim', 'alana', 'allude', 'alphabet', 'america', 'american', 'americans', 'andrew', 'animus', 'anti_-', 'appear', 'archives', 'area', 'arrival', 'arrive', 'article_misstate', 'asian', 'asians', 'ask', 'assist', 'association', 'attack', 'attempt', 'attend', 'attention', 'authority', 'avenue', 'aware', 'balloon', 'base', 'begin', 'benevolent_association', 'bilingual', 'bilingual_sign', 'bilingual_street', 'block', 'blow', 'board', 'body', 'boli', 'boom', 'boundary', 'bowery', 'box', 'bridge', 'brooklyn_queens', 'bureaucracy', 'business', 'business_owner', 'bustling', 'buzzcut', 'c', 'calligraphy', 'canton', 'carry', 'cater', 'cellphone', 'center', 'century', 'chamber_commerce', 'change', 'channel', 'character', 'chatham', 'chatham_square', 'cheng', 'chew', 'child', 'chin', 'china', 'chinatown', 'chinese', 'chinese_consolidated', 'chinese_immigrant', 'choose', 'chris', 'city', 'clapping', 'closure', 'co_-', 'college', 'colloquial', 'columbo', 'come', 'command', 'commercial', 'commission', 'commissioner', 'committee', 'common', 'communist', 'community', 'conduit', 'consider', 'construction', 'context', 'contribute', 'control', 'controversy', 'core', 'corpse', 'correspondence', 'country', 'countryman', 'court', 'courtesy', 'cover', 'covid', 'create', 'cui', 'cultural_center', 'culture', 'cumulative', 'd.o.t.', 'damage', 'datum', 'david', 'day', 'dead', 'deal', 'decade', 'decision', 'declare', 'decline', 'decrease', 'demand', 'demonstration', 'denise_lu', 'department', 'department_transportation', 'deputy', 'deputy_commissioner', 'design', 'dessert', 'destination', 'destroy', 'devices', 'dialect', 'diaspora', 'different', 'dim', 'disappear', 'discrimination', 'displacement', 'dispute', 'diverse', 'diversity', 'division', 'dot', 'double', 'draw', 'drive', 'dwindle', 'early', 'early_1970', 'early_version', 'eastern', 'easy', 'economy', 'edit', 'editing', 'editor', 'education', 'effect', 'effigy', 'effort', 'encompass', 'endorsement', 'english', 'english_language', 'era', 'estimate', 'ethnic', 'evolution', 'example', 'exercise', 'exodus', 'expand', 'experience', 'explain', 'extent', 'eye', 'face', 'facility', 'fact', 'fade', 'fail', 'family', 'famous', 'fast', 'feature', 'feel', 'figure', 'fill', 'final', 'find', 'flag', 'flood', 'florist', 'flutter', 'focus', 'follow', 'fong', 'foo', 'footprint', 'foreign', 'form', 'formal', 'found', 'fuel', 'fujianese', 'function', 'funeral', 'game', 'garment', 'gentrification', 'geographic', 'government', 'governmental', 'graphic', 'gray', 'grid', 'group', 'grow', 'grow_number', 'growth', 'guangzhou', 'gurin', 'half', 'hand', 'hang', 'hanlu', 'headquarters', 'heart', 'help', 'highways', 'hinderaker', 'historic', 'history', 'homage', 'home', 'horrendous', 'host', 'hurdle', 'idea', 'ignore', 'immense', 'immigrant', 'immigrate', 'immigration', 'include', 'increase', 'industry', 'influence', 'influx', 'informal', 'infrastructure', 'instagrammable', 'instal', 'install', 'instruction', 'intersection', 'interview_article', 'investment', 'involve', 'issue', 'italy', 'jail', 'jerry', 'jing', 'job_posting', 'joseph', 'journalist', 'june', 'kind', 'knock', 'know', 'knowledge', 'korea', 'koreatown', 'labor', 'laborer', 'landing', 'language', 'lao', 'laoban', 'large', 'late', 'late_1960', 'latin', 'laugh', 'laveglia', 'layer', 'lead', 'leader', 'leave', 'lecture', 'legal', 'legible', 'li', 'liaison', 'libo', 'life', 'line', 'ling', 'little', 'liu', 'live', 'local', 'local_resident', 'loisaida', 'longtime', 'look', 'lose', 'lot', 'louttit', 'low_manhattan', 'lower_east', 'lucy', 'main', 'maintain', 'majority', 'mandarin', 'mandarin-', 'manhattan', 'manhattan_chinatown', 'manual', 'man曼ha哈dun顿manhattan', 'map', 'mapmaker', 'mapping', 'margin', 'market', 'massive', 'match', 'mean', 'mee', 'meet', 'meghan', 'mian', 'migrate', 'million', 'mobile', 'month', 'morales', 'mott', 'mulberry', 'multimedia', 'museum', 'navigate', 'neighborhood', 'new', 'new_york', 'new_york_city', 'new_york_times', 'new_yorkers', 'newspaper', 'non_-', 'novel', 'number', 'office', 'official', 'old', 'open', 'order', 'organization', 'organizer', 'organizing', 'overhaul', 'pad', 'pandemic', 'paper', 'park', 'pass', 'passage', 'patrick', 'peak', 'pell', 'people', 'permanent', 'personal', 'petition', 'photo', 'photograph', 'piece', 'place', 'plaid', 'planner', 'plazas', 'police', 'police_officer', 'politician', 'population', 'portion', 'power', 'practice', 'precinct', 'present', 'president', 'press_secretary', 'pressure', 'print', 'priority', 'problem', 'proceeding', 'product', 'production', 'program', 'prominence', 'pronunciation', 'property_owner', 'protest', 'provide', 'proxy', 'public', 'public_library', 'public_transit', 'puerto_rican', 'pursue', 'push', 'pushback', 'quick', 'racial', 'racist', 'railroad', 'rapid_growth', 'reach', 'read', 'real_estate', 'realize', 'recent', 'recent_year', 'recognition', 'record', 'recording', 'recruit', 'reflect', 'region', 'reiss', 'relation', 'relegate', 'reliable', 'relief', 'rely', 'remain', 'remember', 'remove', 'rent', 'replace', 'report', 'represent', 'republic', 'research', 'researcher', 'resident', 'restaurant', 'result', 'revolution', 'rezoning', 'rhetoric', 'richard_nixon', 'rise', 'romanization', 'rong', 'row', 's.y.', 'scholar', 'segment', 'send', 'sense', 'sept._11', 'serve', 'service', 'set', 'settle', 'shape', 'share', 'shirt', 'shop', 'shrink', 'sign', 'simple', 'simplified', 'single', 'singular', 'size', 'slip', 'snarled', 'sound', 'southern_region', 'space', 'speak', 'speak_english', 'speculation', 'spike', 'spread', 'start', 'state', 'stop', 'street', 'street_sign', 'street_vendor', 'streets', 'struggle', 'study', 'stumped', 'submission', 'subsequent', 'subway', 'suggest', 'sum', 'supervisory', 'supply', 'survey', 'syam', 'system', 'taiwan', 'talk', 'tan', 'tell_story', 'teng', 'thawing', 'think', 'thousand', 'thrive', 'time', 'today', 'toisan', 'toisanese_cantonese', 'tourist', 'traditional', 'traffic', 'transcontinental', 'transit', 'translate', 'translation', 'transportation_department', 'treatment', 'try', 'u.s.', 'u.s.-chinese', 'umi', 'understandable', 'unexpected', 'unfair', 'uniform', 'union', 'unique', 'united_states', 'unofficial', 'urban', 'use', 'variety', 'vary', 'vast', 'vibrant', 'view', 'violence', 'visceral', 'visit', 'visualization', 'voice', 'voting', 'wane', 'want', 'wave', 'way', 'wayfinding', 'west', 'western', 'wide', 'window', 'wong', 'word', 'work', 'write', 'writer', 'wu', 'xiansheng', 'xu', 'ya', 'year', 'young', 'yu', 'yun', 'zhang', '伍翠玲', '余梦', '出租', '张涵露', '李立波', '王淸福', '鄧雅云', '鄭向元', '陳美美', '타운', '한국']"
46,1503691487321772038,296,90,1539,https://nyti.ms/3CN14PY,2022-03-15 07:16:02-04:00,"['advance_stall_multiple', 'appal', 'appeal', 'assault', 'broadcast', 'burst', 'chance', 'choose', 'citizen', 'close', 'communicate', 'communication', 'country', 'courage', 'dignity', 'diplomatic_solution', 'ease', 'employee', 'evidence', 'fight', 'fighting_continue', 'grow', 'intelligence', 'know', 'kremlin', 'large', 'life', 'listen', 'little', 'live', 'lose', 'misgiving', 'monday', 'narrow', 'negotiator', 'news', 'north_korea', 'path', 'praise', 'present', 'president_volodymyr_zelensky_ukraine', 'pressure', 'promise', 'protest', 'resumption', 'russia', 'russian', 'russian_soldier', 'russians', 'seek', 'sign', 'soldier', 'state_television', 'step', 'surrender', 'talk', 'tell', 'treat', 'tuesday', 'turn', 'ukraine', 'ukrainian', 'war', 'war_ukraine', 'watch', 'world', 'zelensky']"
47,1507343068466491400,80,54,248,https://nyti.ms/3Lf7nPb,2022-03-25 09:06:07-04:00,"['2014', 'aim', 'area', 'begin', 'besiege_city', 'change', 'control', 'corridor', 'counterattack', 'crimea', 'crimean_peninsula', 'face', 'ferocious', 'fighting', 'friday', 'key', 'land', 'launch', 'mariupol', 'month', 'moscow', 'occupy', 'online', 'partial', 'public', 'remain', 'represent', 'resistance', 'route', 'russia', 'russia_annex', 'russian_force', 'secure', 'southern_eastern', 'spirited', 'statement', 'strategic', 'successful', 'supply', 'territory', 'troop', 'ukraine', 'ukraine_defense_ministry', 'ukrainian', 'ukrainian_force_continue', 'unclear', 'war', 'widespread']"
48,1492608223781822470,113,95,274,https://nyti.ms/3JiE6Sw,2022-02-12 16:15:06-05:00,"[' ', '160', '20', 'acceleration', 'accord', 'accuse', 'acknowledge', 'acknowledgment', 'add', 'address', 'admit', 'afghanistan', 'aide', 'airline', 'ally', 'american', 'american_citizen', 'americans', 'announce', 'antagonize', 'appear', 'arrive', 'assault', 'attack', 'august', 'authorize_speak', 'avoid', 'begin', 'beijing', 'biden', 'biden_administration', 'brief', 'britain', 'british', 'build', 'businesslike', 'calm', 'capable', 'cause', 'certain', 'change', 'chaotic', 'cite', 'citizen', 'colleague', 'come', 'concern', 'condition_anonymity', 'consider', 'continue', 'core', 'cost', 'country', 'critical', 'date', 'day', 'defend', 'defense_secretary', 'demand', 'denmark', 'deployment', 'describe', 'diminish', 'diplomat', 'diplomatic', 'diplomatic_option', 'discuss', 'disinformation', 'dissuade', 'draw_conclusion', 'dutch', 'dynamic', 'eager', 'eastern_europe', 'effort', 'embassy', 'emphasize', 'employee', 'end', 'escalation', 'evacuate', 'evacuation', 'fall', 'fear', 'feb.', 'fly', 'force', 'foreign_ministry', 'foreign_policy', 'friday', 'fundamental', 'germany', 'government', 'grow', 'hour', 'human_suffering', 'hysteria', 'ignore', 'imminent', 'include', 'increase', 'incursion', 'indicate', 'information', 'initiate', 'intelligence', 'intention', 'invade', 'invade_ukraine', 'invasion_begin', 'issue_urgent', 'jake_sullivan', 'japan', 'jinping_china', 'kabul', 'key', 'klm', 'know', 'kremlin', 'kyiv', 'latvia', 'launch', 'leader', 'leave', 'main', 'major', 'mention', 'military', 'military_action', 'military_buildup', 'military_presence', 'mirror', 'moment', 'month', 'moscow', 'mount', 'narrow', 'national_security', 'national_security_adviser', 'nato', 'nato_member', 'neighbor', 'netherlands', 'new', 'offensive', 'official', 'olympics', 'order', 'overshadow', 'particular', 'path', 'pentagon', 'personnel', 'persuade', 'pick', 'place', 'point', 'polish_border', 'possibility', 'possible', 'prepare', 'prepared', 'president', 'president_biden', 'president_volodymyr_zelensky', 'president_xi', 'press', 'promise', 'proposal', 'pull', 'push', 'putin', 'putin_russia', 'range', 'recent', 'recent_day', 'reflect', 'remain', 'remain_unclear', 'repeat', 'reporter', 'resolution', 'respond', 'result', 'route', 'rule', 'russia', 'russian', 'russian_invasion_ukraine', 'russians', 'saturday', 'schedule_end', 'security', 'security_concern', 'send_troop', 'senior', 'senior_administration_official', 'sign', 'situation', 'small', 'sow', 'speak', 'spread_misinformation', 'staff', 'standing', 'standoff', 'start', 'state_department', 'statement', 'stop', 'sullivan', 'surround', 'swift_severe', 'taliban', 'target', 'team', 'telephone', 'tell_reporter', 'think', 'timeline', 'trainer', 'troop', 'u.s.', 'u.s._embassy', 'u.s._intelligence', 'u.s._military', 'u.s._official', 'ukraine', 'ukrainian', 'ukrainian_border', 'ukrainian_troop', 'unclear', 'underscore', 'unfold', 'united_states', 'unnecessary', 'urge', 'urgent', 'ushakov', 'vladimir_v.', 'wait', 'warn', 'washington', 'way', 'wednesday', 'week', 'western', 'western_official', 'white_house', 'white_house_official', 'widespread', 'winter_olympics', 'work', 'writing', 'yuri']"
49,1483549776000045066,90,220,371,https://nyti.ms/3tB0wKn,2022-01-18 16:20:04-05:00,"[' ', '2020', 'advise', 'affect', 'airborne', 'authority', 'bay', 'beijing', 'board', 'border', 'briefing', 'canada', 'cardboard', 'care', 'case', 'center', 'centers_disease_control_prevention', 'china', 'city', 'claim', 'close_contact', 'come', 'contaminate', 'contract_coronavirus', 'coronavirus', 'coronavirus_case', 'country', 'deliver', 'delta_variant', 'deputy_director', 'detect', 'disease_control', 'disposable', 'district', 'droplet', 'eastern', 'emerge', 'event', 'expert', 'extra', 'fear', 'feb._4', 'find', 'food', 'frozen', 'games', 'glove', 'haidian', 'handle', 'hong_kong', 'include', 'infect', 'involve', 'issue_warning', 'item', 'late', 'little', 'lock', 'lockdown', 'low', 'mail', 'major_city', 'manage', 'mass_testing', 'measure', 'monday', 'month', 'neighborhood', 'new', 'object', 'official', 'olympic', 'omicron', 'omicron_variant', 'opening_ceremony', 'outbreak', 'overseas', 'packaging', 'pang', 'paper', 'park', 'people', 'person', 'piece', 'place', 'port_city', 'positive', 'precaution', 'press', 'prevention', 'province', 'qingdao', 'raise', 'report', 'resident', 'response', 'risk', 'shandong', 'shanghai', 'shenzhen', 'small', 'spike', 'spread', 'start', 'strategy', 'strict', 'surface', 'test', 'tianjin', 'time', 'train', 'tuesday', 'u.s.', 'united_states', 'urge', 'virus_spread', 'warn', 'way', 'wear_mask', 'week', 'weekend', 'weihai', 'winter_olympics', 'xian', 'xinghuo', 'zero_covid']"
50,1491562604602478601,32,11,286,https://nyti.ms/3HEOKTb,2022-02-09 19:00:11-05:00,"['13', '17', '2018_olympics', '2022', '21', '22', '94', 'able', 'admit', 'age', 'amazing', 'america', 'arrive', 'attend', 'attention', 'award', 'bad', 'bag', 'bit', 'boundary', 'bower', 'buy', 'castellet', 'charge', 'chase', 'chloe_kim', 'circle', 'circuit', 'cloister', 'close', 'coach', 'college', 'come', 'comeback', 'compete', 'competition', 'complicated', 'confine', 'contemplate', 'contest', 'coronation', 'crowd', 'cycle', 'day', 'degree', 'different', 'difficulty', 'discount', 'dispute', 'doable', 'earn', 'easy', 'embrace', 'emotion', 'enter', 'expectation', 'fall', 'fame', 'family', 'feel', 'fight', 'final', 'fly', 'free', 'good', 'grow', 'guard', 'halfpipe', 'hand', 'happen', 'head', 'hope', 'house', 'independent', 'instant', 'japan', 'journey', 'joy', 'kim', 'knee', 'know', 'land', 'laugh', 'leery', 'like', 'linger', 'little', 'longtime', 'lot', 'love', 'matter', 'mix', 'month', 'nastiness', 'nerve', 'olympic', 'olympic_gold_medal', 'open', 'outburst', 'overflow', 'pandemic', 'people', 'perfect', 'performance', 'personal', 'pipe', 'possibility', 'prepared', 'pressure', 'primary', 'princeton', 'professional', 'prove', 'queralt', 'question', 'ratchet', 'realm', 'relationship', 'relief', 'reluctant', 'retirement', 'return', 'rick', 'rider', 'routine', 'run', 'rush', 'rusty', 'safety', 'scoot', 'score', 'sena', 'shock', 'showcase', 'silver_medal', 'slide', 'smile', 'snowboard', 'snowboarder', 'snowboarding', 'soar', 'sort', 'south_korean', 'space', 'spain', 'spend', 'spend_time', 'sport', 'stardom', 'start', 'strap', 'struggle', 'sweetheart', 'teenage', 'therapist', 'think', 'threaten', 'thursday', 'time', 'tomita', 'toss', 'trick', 'try', 'turn', 'understand', 'untouchable', 'victory', 'want', 'warm', 'way', 'weird', 'win', 'win_bronze', 'win_gold_medal', 'world', 'year']"
51,1501554669847461896,162,48,362,https://nyti.ms/3KzW3Nn,2022-03-09 08:45:05-05:00,"['$_700', '10', '14', '14,000', '17_year_old', '20', '2008', '2011', '2013', '2019', '215.1', '46_percent', '5.4', '9,600', 'a.c.s.', 'abuse', 'accord', 'accountability', 'add', 'address', 'adjustment', 'administration', 'adult', 'agencies', 'agency', 'agree', 'albany', 'alert', 'alienate', 'allegation', 'allow', 'andrew', 'anomaly', 'apartment', 'apartment_building', 'appear', 'applicant', 'arrest', 'arrest_charge', 'ask', 'assault', 'assemblyman', 'attorney_office', 'audits', 'authority', 'avenue', 'background_check', 'banging', 'bar', 'base', 'behalf', 'belonging', 'bend', 'blind', 'block', 'boastful', 'boy', 'break', 'bronx', 'bryant', 'budget', 'california', 'candidate', 'caption', 'careful', 'caring', 'carrión', 'case', 'caseload', 'caseworker', 'chairman', 'charge', 'check', 'child', 'child_welfare', 'children', 'city', 'clothe', 'color', 'come', 'commissioner', 'committee', 'complain', 'compliant', 'comptroller', 'concern', 'conduct', 'confidential', 'contact', 'contract', 'contribute', 'conviction', 'cost', 'cost_living', 'council', 'couple', 'court', 'criminal', 'crisis', 'criticize', 'crosscheck', 'current', 'daughter', 'deceive', 'december_2020', 'decline_comment', 'delicate', 'demonstrate', 'department', 'dessables', 'detail', 'difficult', 'director', 'discover', 'disqualify', 'door', 'drive', 'ease', 'effort', 'email', 'engage', 'examine', 'executive', 'executive_director', 'exercise', 'exist', 'experience', 'fact', 'fail', 'failure', 'fall', 'families', 'family', 'fear', 'federal', 'file', 'find', 'firm', 'flower', 'force', 'foster', 'foster_care', 'freedman', 'frequent', 'fund', 'funding', 'gain_access', 'girl', 'gladys', 'gov._kathy_hochul', 'government', 'half', 'handling', 'happen', 'hear', 'help', 'hevesi', 'hide', 'high', 'high_stake', 'highlight', 'home', 'hotel', 'household', 'human', 'human_services', 'hunts', 'husband', 'illinois', 'incident', 'include', 'increase', 'information', 'interest', 'interview', 'intrusive', 'involve', 'jane', 'january', 'job', 'kareem', 'karen', 'know', 'lack', 'law', 'law_enforcement_official', 'lawsuit', 'lawyer', 'lawyers', 'legal', 'licensing', 'lie', 'list', 'little', 'live', 'look', 'lose', 'lot_money', 'man', 'mandate', 'mandatory', 'manhattan_district', 'march', 'mary', 'matter', 'mean', 'meet', 'million', 'miss', 'mitchell', 'mitchells', 'moderate', 'monitor', 'monitoring', 'month', 'mother', 'multiple', 'nearby', 'neighbor', 'network', 'new_york', 'new_york_city', 'night', 'nonprofit', 'number', 'occur', 'offender', 'office', 'officer', 'official', 'old', 'organization', 'oversee', 'oversight', 'pack', 'paperwork', 'parent', 'payment', 'peddle', 'people', 'percent', 'pervasive', 'phone', 'picture', 'pipeline', 'place', 'placement', 'point', 'police', 'police_department', 'post_photo', 'potential', 'practice', 'pressure', 'previous', 'prison', 'problem', 'prosecutor', 'prostitution', 'provide', 'provider', 'public_relation', 'qualified', 'raise', 'rate', 'record', 'recruit', 'refuse', 'register', 'registered', 'registration', 'registry', 'reimbursement', 'reject', 'relationship', 'release', 'relieve', 'remain', 'reoffende', 'report', 'represent', 'representative', 'require', 'requirement', 'research', 'residence', 'respond', 'responsible', 'return', 'reveal', 'review', 'risk', 'safe', 'safeguard', 'safety', 'secret', 'sentence', 'separate', 'serve', 'service', 'services', 'settlement', 'sex', 'sex_offender', 'sex_trafficking', 'sharice', 'shortfall', 'shrink', 'sign', 'small', 'social', 'social_medium_account', 'specific', 'spend', 'spot', 'start', 'state', 'statement', 'statute', 'stay', 'stop', 'strain', 'succeed', 'supervision', 'suppose', 'sure', 'surprised', 'survey', 'system', 'systemic', 'target', 'tell', 'term', 'text_message', 'think', 'times', 'total_$', 'track', 'traffic', 'trafficked', 'trafficker', 'training', 'transport', 'troubled', 'trust', 'try', 'turnover', 'umbrella', 'unaware', 'uncover', 'underfunding', 'unit', 'use', 'vet', 'violent', 'visit', 'vulnerable', 'want', 'way', 'weekend', 'wife', 'withhold', 'woman', 'work', 'worker', 'wrong', 'year', 'young', 'young_adult', 'young_woman', 'youth', '’']"
52,1511498949978382340,36,20,88,https://nyti.ms/3JkdGje,2022-04-05 20:20:06-04:00,"['16', '17', '19', '2017', '2018', '31', '39', '54', '63', '7', '79', '85', 'accident', 'accord', 'acquire', 'act', 'affirmative', 'alan', 'allow', 'answer_question', 'appreciate', 'approach', 'appropriate', 'argue', 'attorney', 'attorney_general_office', 'avoid', 'b.', 'bad_weather', 'baltzell', 'bath', 'batter', 'blankenship', 'board', 'boat', 'branson', 'bring', 'calm', 'captain', 'case', 'charge', 'charles', 'check', 'child', 'chris', 'circuit_court', 'circumstance', 'comment', 'commit', 'company', 'condition', 'connection', 'continue', 'cooperate_investigation', 'count', 'county', 'court', 'criminal', 'criminal_charge', 'current', 'curtis', 'day', 'deadly', 'december_2020', 'decision', 'defendant', 'device', 'die', 'disappointed', 'dismiss', 'duck', 'ducks', 'duty', 'earth', 'employee', 'endangerment', 'entertainment', 'evidence', 'evident', 'experience', 'family', 'federal_judge', 'felony', 'file', 'find', 'flotation', 'foot', 'general_manager', 'hear', 'hearing', 'heavy_rain', 'high', 'hindsight', 'history', 'hobbs', 'hope', 'impression', 'information', 'intent', 'investigation', 'involuntary', 'involve', 'j.r.', 'johnston', 'judge', 'july', 'justin', 'keller', 'kenneth', 'kill', 'lake', 'lanham', 'lawyer', 'lightning', 'local', 'manager', 'manslaughter', 'marilyn', 'matt', 'mckee', 'mean', 'misconduct', 'missouri', 'national', 'neglect', 'networks', 'nuelle', 'offense', 'office', 'online', 'onlooker', 'passenger', 'people', 'pick', 'powerful', 'prejudice', 'preliminary', 'prosecute', 'prosecutor', 'prove', 'provide', 'pursue', 'refile', 'region', 'rely', 'require', 'respect', 'ride', 'ripley', 'rock', 'rule', 'ruling', 'scott', 'scream', 'selby', 'sink', 'sky', 'spokesman', 'state', 'statement_tuesday', 'step', 'stone', 'storm', 'stretch', 'strike', 'strong_wind', 'sufficient', 'support', 'surging', 'swamp', 'table', 'terrible', 'think', 'thomas', 'threat', 'thunderstorm', 'tool', 'total', 'tour', 'tragedy', 'transportation_safety', 'tricia', 'try', 'tuesday', 'u.s.', 'underwater', 'use', 'view', 'watch', 'water', 'wave', 'wear', 'weather', 'wind', 'write', 'year']"
53,1507326523061293087,88,74,236,https://nyti.ms/3tFVlIO,2022-03-25 08:00:22-04:00,"['afghanistan', 'aid', 'assistance', 'condition', 'control', 'country', 'daily', 'education', 'face', 'force', 'future', 'garrison', 'girl', 'great', 'home', 'international', 'job', 'kind', 'life', 'lynsea', 'official', 'open', 'producer', 'promise', 'renege', 'reversal', 'rule', 'school', 'stella', 'taliban', 'talk', 'tan', 'thousand', 'threaten', 'woman', 'year']"
54,1491897282337378313,117,17,763,https://nyti.ms/34NEvOa,2022-02-10 17:10:04-05:00,"['$_1_billion', '1', '1,460', '10,308', '14', '150', '16,986', '17', '19', '1967', '1970', '2,086', '200', '2000', '2001', '2005', '2015', '2018', '2020', '21,920', '21st', '27', '34', '35,513', '43.5', '59,192', '70', '747', '87', '9,904', 'abide', 'absolute', 'accord', 'add', 'address', 'adult', 'affair', 'age', 'announce', 'announcement', 'apostolate', 'applied', 'associate', 'attorney_office', 'august', 'average', 'begin', 'berkeley', 'bona_fide', 'boom', 'break', 'candidate', 'career', 'category', 'catholic', 'catholic_church', 'center', 'challenge', 'chant', 'chief_staff', 'choice', 'christian', 'cincinnati', 'clara', 'clergy', 'clinic', 'colleen', 'college_university', 'commitment', 'community', 'conduct', 'connection', 'consider', 'country', 'critical', 'curiosity', 'current', 'daniel', 'decade', 'decision', 'decline', 'deep', 'demand', 'demographic', 'describe', 'die', 'dilute', 'director', 'domestic_violence', 'dominicans', 'drop', 'east_coast', 'eastern_district', 'easy', 'education', 'embrace', 'emerge', 'emphasize', 'employee', 'endowment', 'engage', 'enrollment', 'enter', 'entity', 'exist', 'face', 'faith', 'fall', 'family', 'father', 'federal_prosecutor', 'financial', 'find', 'fire', 'fordham', 'franciscans', 'g.', 'gain', 'generation', 'georgetown_university', 'gina', 'god', 'graduate_student', 'great', 'gregorian', 'grim', 'group', 'growth', 'hanycz', 'harsh', 'head', 'helm', 'high_school', 'history', 'identity', 'ignatian', 'inaugurate', 'include', 'inform', 'initiative', 'instal', 'instill', 'institution', 'instructor', 'intellectual', 'international', 'intertwine', 'introduce', 'investigation', 'issue', 'jesuit', 'jesuits', 'jesus', 'joseph', 'joy', 'july', 'know', 'known', 'lahart', 'language', 'large', 'law', 'law_professor', 'lay', 'laypeople', 'layperson', 'laywoman', 'lead', 'leadership', 'learn', 'leave', 'legal', 'length', 'lie', 'long', 'lose', 'louisiana', 'loyola', 'm.', 'maintain', 'man', 'marina', 'matter', 'mcshane', 'meet', 'member', 'message', 'mission', 'modern', 'new', 'new_orleans', 'new_york', 'nonprofit', 'number', 'occupy', 'office', 'old', 'operation', 'opportunity', 'order', 'o’keefe', 'parent', 'pass', 'pedagogy', 'pennsylvania', 'percent', 'period', 'personal', 'pool', 'position', 'preside', 'president', 'priest', 'priesthood', 'product', 'professor', 'prominent', 'provost', 'publish', 'pursuit', 'quadrupling', 'qualified', 'reality', 'reason', 'recent', 'reflect', 'regis', 'relate', 'religious', 'remark', 'remind', 'reminder', 'replace', 'replacement', 'research', 'rest', 'retire', 'rev.', 'rise', 'rome', 'run', 'santa', 'school', 'science', 'scranton', 'search', 'secretariat', 'senior_vice_president', 'sense', 'serve', 'sexual_misconduct', 'sharp', 'significant', 'sing', 'sixth', 'sleep', 'small', 'social', 'society', 'speak', 'spend', 'spirituality', 'spokesman', 'spokeswoman', 'start', 'statement', 'statistic', 'steam', 'step', 'student', 'talbot', 'tania', 'teach', 'tetlow', 'theology', 'thing', 'thursday', 'time', 'today', 'tradition', 'training', 'transition', 'trend', 'tulane', 'uncle', 'undergraduate', 'understand', 'united_states', 'university', 'unveil', 'vergel', 'video', 'visceral', 'wane', 'washington_d.c.', 'way', 'woman', 'work', 'writer', 'xavier', 'year', 'young_man']"
55,1502698485048655874,342,154,972,https://nyti.ms/3tO7PNj,2022-03-12 12:30:12-05:00,"['$_200_million', '1,300', '1,582', '10_day', '12', '2.5_million', '25', '30,000', '59th', '90_minute', 'accept', 'accord', 'accord_ukrainian_official', 'accord_witness', 'account', 'accuse', 'achieve', 'act', 'address', 'advance', 'agreement', 'aid', 'aim', 'air', 'allied', 'ambush', 'american', 'annihilation', 'announce', 'announcement', 'apartment_building', 'appear', 'area', 'arm', 'armored_column', 'arrest', 'artillery_fire', 'ask', 'assault', 'attain', 'attempt', 'audio_recording', 'authority', 'awake', 'bad', 'battle', 'battle_saturday', 'battleground', 'begin', 'belonging', 'berdyansk', 'besiege_city', 'black_sea', 'blow', 'bomb', 'bomb_shelter', 'bombardment', 'break', 'bridge', 'brigade', 'bring', 'brutal', 'buh', 'building', 'bury', 'bus', 'campaign', 'cancer', 'capital', 'capture', 'carnage', 'cease_fire', 'center', 'central', 'chancellor_olaf', 'change', 'city', 'city_center', 'city_mykolaiv', 'city_town', 'civilian', 'civilian_area', 'civilian_target', 'clear', 'col_.', 'cold_weather', 'colonel', 'combat', 'come', 'commandeer', 'concentrate', 'conduct', 'conflict', 'continue', 'continue_shell', 'control', 'convoy', 'cooperate', 'counterattack', 'country', 'cross', 'damage', 'day', 'day_invasion', 'dead', 'defend', 'defense', 'defiant', 'defy', 'demand', 'demonstrate', 'demonstrator', 'denounce', 'deploy', 'describe', 'destroy', 'detain', 'determined', 'devastating', 'die', 'difficult', 'discuss', 'dispatch', 'doctor_borders', 'dozen', 'draft', 'drag', 'drill', 'drinking_water', 'drive', 'early_morning', 'effort', 'eliminate', 'encircle', 'encouragement', 'enter', 'episode', 'equipment', 'escalate', 'escalatory', 'estimate', 'europe', 'exercise', 'experience', 'expose', 'face', 'facebook', 'factory', 'fail', 'fierce', 'fierce_battle', 'fight', 'fighting', 'fire', 'flee_country', 'flow', 'fluid', 'food_medicine', 'force', 'forces', 'foreign_minister_dmytro_kuleba', 'france', 'frank', 'free', 'french', 'friday', 'fyodorov', 'gas_station', 'gather', 'government', 'governor', 'great', 'head', 'hear', 'help', 'highway', 'home', 'hometown', 'hood', 'hospital', 'host', 'hour', 'humanitarian_catastrophe', 'illustrate', 'immediate', 'inability', 'include', 'increase', 'incursion', 'indication', 'indiscriminate', 'intensify', 'intimidation', 'invader', 'irpin', 'island', 'ivan', 'join', 'kherson', 'kidnapping', 'kill', 'kim', 'know', 'kremlin', 'kyiv', 'kyiv_capital_russian_force', 'lack', 'land', 'land_sea', 'lead', 'leafy', 'legitimate', 'legitimate_target', 'likely', 'limit', 'line', 'link', 'little', 'live', 'local', 'lodge', 'lot', 'low', 'lviv_ukraine', 'major', 'man', 'manage', 'mariupol', 'market', 'mass_grave', 'matter', 'mayor', 'measure', 'medication', 'meet', 'melitopol', 'mile_kyiv', 'military', 'military_exercise', 'mini_-', 'missile', 'month', 'moscow', 'mount', 'mykolaiv', 'nation', 'nato', 'natural', 'new', 'non_-', 'north', 'north_america', 'norway', 'number', 'objective', 'occupy', 'odessa', 'offer', 'organization', 'organize_protest', 'outraged', 'overnight', 'pattern', 'people', 'personnel', 'place', 'plan', 'planet', 'pock', 'popular', 'population', 'port', 'position', 'pour', 'president_emmanuel_macron_france', 'president_vladimir_v._putin', 'president_volodymyr_zelensky_ukraine', 'pressure', 'preventive', 'prime', 'problem', 'prompt', 'proportionate', 'protect', 'protester', 'public', 'publish', 'pummel_city', 'push', 'putin', 'quick', 'quiet', 'rage', 'reason', 'recent_day', 'refuse_cooperate', 'region', 'reinforce', 'relate', 'release', 'relief', 'remain', 'renew', 'representative', 'repression', 'resident', 'resident_flee', 'resistance', 'respond', 'responsibility', 'return', 'revolt', 'river', 'road', 'rocket', 'rule', 'rumble', 'russia', 'russia_invasion_ukraine', 'russian', 'russian_armored', 'russian_army', 'russian_force', 'russian_military', 'russian_siege', 'russian_soldier', 'russian_troop', 'russians', 'saturday', 'saturday_morning', 'scholz_germany', 'school', 'security', 'seek', 'seize', 'send', 'send_additional', 'shell', 'shell_hit', 'shelling', 'shoot', 'shopping_center', 'shout', 'shut', 'significance', 'similar', 'situation', 'slow', 'soldier', 'soldier_kill', 'sound', 'south_east', 'southern', 'specify', 'spot', 'staff_member', 'stage', 'stand', 'station', 'step', 'stetsenko', 'stop', 'strategic', 'street', 'street_protest', 'struggle', 'submission', 'suburb', 'suburb_kyiv', 'suburban', 'suffering', 'summary', 'surrender', 'surround', 'survive', 'sviatoslav', 'tactic', 'takeover', 'talk', 'tank', 'tap', 'territorial_defense', 'terror', 'terrorize', 'thoughtless', 'time', 'torture', 'town', 'training', 'transfer', 'troop', 'try', 'try_escape', 'turn', 'ukraine', 'ukrainian', 'ukrainian_army', 'ukrainian_flag', 'ukrainian_official', 'ukrainian_soldier', 'ukrainian_troop', 'unable', 'unity', 'university', 'unlikely', 'unrest', 'urge', 'use', 'vehicle', 'victory', 'video', 'village', 'violence', 'vitaliy', 'vitaly', 'volunteer', 'vow', 'war', 'warn', 'warplane', 'wave', 'way', 'weapon', 'week', 'weekend', 'weep', 'west', 'western_edge', 'white_house', 'willingness', 'window', 'woman', 'work', 'zelensky']"
56,1512817644252147712,64,55,244,https://nyti.ms/3jnGNaI,2022-04-09 11:40:07-04:00,"['!', '-_election', '16', '1958', '2002', '2015', '2017', '2018', '2021', '2022', '2050', '22_percent', '24', '2495', '27', '2_percent', '30', '46', '60_percent', '78', 'abandon', 'abolition', 'absorb', 'abstention', 'accord', 'accordance', 'account', 'act', 'administration', 'adopt', 'advocacy_group', 'agency', 'aggravate', 'agreement', 'align', 'alleged', 'allow', 'allowance', 'ambitious_plan', 'announce', 'appeal', 'appear', 'approach', 'april', 'ask', 'assume', 'asylum_seeker', 'attack', 'attempt', 'attuned', 'authoritarianism', 'avoid', 'bail', 'banker', 'bear', 'beginning', 'benefit', 'bill', 'blow', 'border', 'bridge', 'bring', 'britain', 'burnish', 'calais', 'camp', 'campaign', 'candidate', 'capital', 'carbon', 'cause', 'center', 'challenge', 'change', 'channel', 'charge', 'chirac', 'choose', 'circumstance', 'citizens', 'civil_liberty', 'claim', 'class', 'clear', 'climate', 'climate_change', 'close', 'combination', 'come', 'common', 'company', 'comply', 'compose', 'confront', 'conservative', 'constituency', 'continue', 'contribution', 'control', 'convene', 'convention', 'copy', 'course', 'covid-19', 'criticize', 'curtailment', 'cut', 'damage', 'dangerous', 'daughter', 'day', 'decide', 'decision', 'declare', 'decline', 'deem', 'deepen', 'deliver', 'democracy', 'democratic', 'denounce', 'detail', 'difference', 'different', 'diminish', 'diminution', 'disquieting', 'disregard', 'dissolve', 'division', 'domain', 'dominate', 'double', 'drift', 'drowning', 'dynamic', 'elect', 'election', 'elective', 'electorate', 'embezzlement', 'emergency', 'emmanuel_macron', 'employer', 'en', 'enact', 'end', 'english', 'enhance', 'environment', 'europe', 'european', 'european_country', 'european_union', 'exile', 'expand', 'expectation', 'expense', 'experience', 'explicit', 'extreme', 'eye', 'face', 'fall_short', 'far_right', 'fifth', 'fillon', 'flat', 'follow', 'france', 'françois', 'french', 'frontex', 'game', 'germany', 'global_warming', 'government', 'group', 'gun', 'hand', 'hard_line', 'health', 'helpful', 'high_risk', 'hollande', 'hollow', 'housing', 'hulot', 'human_right', 'image', 'immigration', 'income', 'incoming', 'increase', 'inequality', 'informal', 'initiative', 'insoumise', 'integrate', 'interlocutor', 'international', 'islam', 'islamophobic', 'italy', 'jacques', 'january', 'jean', 'judiciary', 'jungle', 'la', 'labor', 'labor_union', 'landscape', 'law', 'layoff', 'le_pen', 'lead', 'leader', 'leave', 'left', 'legacy', 'legitimate', 'limit', 'line', 'little', 'lockdown', 'look', 'lose', 'luc', 'lucky', 'macron', 'majority', 'march', 'marche', 'marie', 'marine', 'marine_le_pen', 'massive', 'mean', 'measure', 'member', 'meteor', 'mid_-', 'middle-', 'migrant', 'minister_environment', 'mistrust', 'mitigate', 'month', 'movement', 'muslims', 'mélenchon', 'national', 'nationalist', 'neoliberalism', 'neutrality', 'nicolas', 'nongovernmental_organization', 'note', 'november', 'objective', 'offer', 'office', 'old', 'opinion_poll', 'opponent', 'optimistic', 'order', 'organization', 'orient', 'original', 'pandemic', 'parallel', 'paris', 'parliament', 'parliamentary', 'party', 'past', 'past_year', 'pension', 'people', 'permission', 'place', 'planet', 'platform', 'play', 'plummet', 'point', 'police', 'policing', 'policy', 'politic', 'political', 'politician', 'poll', 'polling', 'poor', 'popular', 'population', 'power', 'practice', 'prediction', 'prefer', 'prerogative', 'present', 'president', 'president_emmanuel_macron', 'presidential_campaign', 'presidential_election', 'priority', 'prisoner', 'program', 'prohibit', 'projection', 'promise', 'proposal', 'protest', 'protester', 'provide', 'purchase', 'pursue', 'pécresse', 'raise', 'rampart', 'rank', 'rassemblement', 'rate', 'reach', 'recent_month', 'reconquête', 'record', 'reduction', 'reform', 'refugee_border', 'regional', 'regulation', 'reinforce', 'religion', 'religious', 'remake', 'renovator', 'representative', 'repression', 'republic', 'republican', 'resign', 'restrict', 'result', 'retiree', 'reveal', 'revealing', 'rich', 'right', 'right_wing', 'risk', 'round', 'round_voting', 'rule_law', 'runner', 'runoff', 'russian_invasion_ukraine', 'républicains', 'république', 'salvage', 'search', 'search_warrant', 'second', 'second_round', 'secularism', 'seduce', 'seek', 'separatism', 'shock', 'shrink', 'sign', 'significant', 'similar', 'skewed', 'slogan', 'social_security', 'south', 'speak', 'star', 'state', 'state_emergency', 'status', 'statute', 'stick', 'stiffening', 'stop', 'sublethal', 'sunday', 'surprise', 'survey', 'system', 'tax', 'taxis', 'tend', 'term', 'terrorist_attack', 'theme', 'threat', 'time', 'today', 'traditional', 'true', 'try', 'unacceptable', 'unemployment_benefit', 'unique', 'unprecedented', 'unsuccessful', 'update', 'upper', 'use', 'value', 'valérie', 'victory', 'view', 'violence', 'vladimir_putin', 'vote', 'voter', 'warn', 'water', 'weaken', 'wealth_tax', 'wealthy', 'weapon', 'weary', 'welfare', 'widen', 'win', 'worker', 'worrying', 'wound', 'wrong', 'xenophobic', 'year', 'yellow_vest', 'youth', 'éric_zemmour']"
57,1514006724797153285,151,62,368,https://nyti.ms/3riFePO,2022-04-12 18:25:06-04:00,"[' ', '  ', '10', '13', '36th_street', '36th_street_station', '8:30', 'abandon', 'address_philadelphia', 'ammunition_magazine', 'appear', 'approach', 'asia', 'bad', 'begin', 'believe', 'belong', 'belonging', 'black', 'black_woman', 'blame', 'block', 'blood', 'capture', 'car', 'chaos', 'chief_detective', 'chief_essig', 'city', 'citywide', 'clog', 'collection', 'come', 'commuter', 'connection', 'construction', 'construction_vest', 'cope', 'crime', 'crowded', 'crowded_subway', 'dark_skinned', 'day', 'determine', 'disorder', 'don', 'door', 'dozen', 'endeavor', 'event', 'evidence', 'fact', 'fall', 'fearful', 'fill', 'find', 'fire', 'fire_department', 'flash_light', 'flee', 'floor', 'frank_r.', 'gas', 'gasoline', 'genocidal', 'glock_9', 'gun', 'gunfire', 'gunman', 'gunshot_victim', 'hamper', 'hatchet_firework', 'heavyset', 'helicopter_fly', 'helmet', 'help', 'history', 'hit', 'hurry', 'identify', 'immigrant', 'include', 'increase', 'injure', 'injury', 'interest', 'james', 'james_62', 'james_essig', 'key', 'king_highway', 'large', 'late', 'latin_america', 'life_threaten', 'liquid_believe', 'locate', 'lockdown', 'long', 'man', 'mask', 'mass_shooting', 'mayor_eric_adams', 'mile', 'millimeter_handgun', 'morning', 'n_train', 'neighborhood', 'new_york', 'new_york_city', 'news', 'news_conference', 'open', 'operate', 'pandemic', 'panic', 'panic_attack', 'park_neighborhood', 'people', 'person', 'platform', 'plummet', 'point', 'police', 'police_department', 'police_headquarters', 'post', 'r_train', 'rant', 'relate', 'remain', 'rent', 'return', 'rider', 'ridership', 'riff', 'rise', 'rush', 'russia_invasion_ukraine', 'scare', 'scene', 'school', 'search_gunman', 'seat', 'security_camera', 'send', 'set', 'shooting', 'shooting_unfold', 'shot', 'sit', 'smoke_billow', 'smoke_grenade', 'smoke_inhalation', 'snake', 'station', 'station_sunset', 'streak', 'street', 'struggle', 'subway', 'subway_shooting', 'subway_station', 'suffer', 'surround', 'thirty', 'toss', 'train', 'train_brooklyn', 'train_station', 'transit_system', 'tuesday_afternoon', 'tuesday_evening', 'u_haul', 'van', 'van_philadelphia', 'vehicle', 'vicinity', 'victim', 'video_youtube', 'violence', 'vitriolic', 'white', 'wisconsin', 'working_class', 'wound']"
58,1514706353113243654,252,181,1127,https://nyti.ms/3OgedpN,2022-04-14 16:45:11-04:00,"['$_10_billion', '12,000', '190', '1983', '24', '500', 'abandon', 'able', 'absorb', 'accidental', 'account', 'acknowledge', 'add', 'adm.', 'admiral', 'adopt', 'air', 'air_missile', 'alliance', 'allow', 'ally', 'alternative', 'american', 'american_official', 'ammunition', 'amphibious', 'announce', 'answer_question', 'anti_-', 'antimissile', 'appear', 'april', 'area', 'arm', 'arrange', 'atlanta', 'atrocity', 'backlash', 'baltics', 'ban', 'ban_import', 'bar', 'basic', 'battle', 'battlefield', 'befall', 'begin_feb.', 'big', 'billion_dollar', 'bind', 'black_sea', 'black_sea_fleet', 'blast', 'bloc', 'blockade', 'blow', 'blowback', 'board', 'boost', 'brace', 'brief', 'bring', 'brussels', 'brutality', 'burns', 'c.i.a._director', 'calculation', 'capability', 'capacity', 'capture_capital', 'casualty', 'catastrophic', 'cause', 'caution', 'change', 'channel', 'city', 'civilian', 'claim', 'coal', 'coast', 'coastal', 'coastal_city', 'combat', 'come', 'commander', 'commercial', 'commission', 'compel', 'complacency', 'complete', 'concern', 'confirm', 'consequence', 'consider', 'continue', 'control', 'cost', 'country', 'credence', 'crew_member', 'criminalize', 'cruelest', 'cruiser', 'current', 'cut', 'damaging', 'debacle', 'debate', 'decision', 'deep', 'deepening', 'defender', 'defense', 'demonstrate', 'dependency', 'deploy', 'desperation', 'destroy', 'destruction', 'devastation', 'dire_warning', 'discuss', 'displace', 'dispute', 'disrupt', 'disruption', 'distant', 'dmitri_a.', 'donbas', 'drive', 'e.u.', 'early', 'eastern_donbas_region', 'economy', 'effective', 'effort', 'electricity', 'embargo', 'embarrassing', 'employ', 'endure', 'energy', 'energy_export', 'equipment', 'europe', 'european', 'european_diplomat', 'european_leader', 'european_union', 'event', 'evidence', 'executive', 'exist', 'exodus', 'expansion', 'explosion', 'export', 'expose', 'express', 'face', 'failure', 'falter', 'final', 'finland', 'finnish', 'fire', 'flagship', 'fleet', 'foggo', 'force', 'fossil_fuel', 'france', 'free', 'fuel', 'fuel_price', 'g.', 'gas_pipeline', 'generation', 'germany', 'government', 'ground_force', 'grow', 'guide', 'hapless', 'happen', 'head', 'heavy_loss', 'hit', 'hold', 'homegrown', 'hope', 'host', 'hour', 'huge', 'hurt', 'iii', 'illusion', 'impact', 'import', 'impunity', 'incendiary', 'incident', 'include', 'increase', 'independent', 'indication', 'indicative', 'industry', 'influential', 'information', 'infrastructure', 'integrated', 'intend', 'international', 'investigation', 'isolation', 'james', 'john_f.', 'join_nato', 'kirby', 'kremlin', 'kremlin_propaganda', 'kyiv', 'lack', 'landing', 'lead', 'leadership', 'leave', 'lend', 'length', 'lift', 'likely', 'logistic', 'long_term', 'loss', 'low', 'machinery', 'major', 'man', 'manage', 'margarita', 'marine_le_pen', 'mariupol', 'market', 'mass', 'medvedev', 'mile', 'military', 'million_people', 'missile', 'missile_attack', 'missile_strike', 'modern', 'month', 'morale', 'moscow', 'moscow_focus', 'moskva', 'mount', 'nato', 'naval', 'navy', 'near_term', 'need', 'neptune', 'neptune_missile', 'neutral', 'news_organization', 'news_outlet', 'nonaligne', 'nord_stream_2', 'nuclear', 'nuclear_armed', 'nuclear_weapon', 'offensive', 'offer', 'official', 'oil_embargo', 'oil_gas', 'oil_import', 'operate', 'operation', 'opponent', 'overcome', 'pair', 'payment', 'pende', 'pentagon_official', 'pentagon_spokesman', 'phase', 'picture', 'pocket', 'political', 'port', 'possibility', 'possible', 'potential', 'power', 'practical', 'praise', 'presence', 'president', 'president_emmanuel_macron', 'president_vladimir_v._putin', 'presidential', 'pressure', 'price', 'prime_minister', 'product', 'prolonged', 'prominent', 'prompt', 'proof', 'prospect', 'provide', 'provoke', 'putin', 'rain', 'raise', 'range', 'react', 'readiness', 'rear', 'reduce', 'refer', 'refuse', 'region', 'reluctant', 'remain', 'remain_unclear', 'report', 'represent', 'resist', 'resistance', 'resort', 'response', 'restrict', 'resume', 'reveal', 'revenue', 'right_wing', 'rise', 'rt', 'ruin', 'runoff', 'russia', 'russia-1', 'russia_defense_ministry', 'russia_invasion_ukraine', 'russian', 'russian_force', 'russian_military', 'russian_navy', 'russian_oil', 'russian_siege', 'sailor', 'sanction_impose', 'scandinavian', 'security', 'send', 'senior', 'sense', 'service', 'setback', 'severe', 'shake', 'shift', 'ship', 'ship_sink', 'shipping', 'shocking', 'shore', 'shoreline', 'shortage', 'shrink', 'shut', 'simonyan', 'sink', 'sixth', 'skepticism', 'solovyov', 'south', 'southern_port', 'southwestern', 'spark', 'speech', 'squeeze', 'stance', 'state', 'state_medium', 'statement', 'steep', 'step', 'storm', 'strengthen', 'stress', 'strike', 'subsequent', 'succeed', 'successful', 'suffer', 'suffering', 'supply', 'support', 'suppose', 'sure', 'sweden', 'swedish', 'tactical', 'tactical_nuclear', 'talk', 'technological', 'television', 'terrorist', 'thousand', 'threat_pose', 'threaten', 'thursday', 'thursday_morning', 'time', 'ton', 'tow', 'u.s.', 'ukraine', 'ukrainian', 'unclear', 'unintended', 'united_states', 'united_states_ally', 'unlikely', 'unprecedented', 'untold', 'use', 'utility', 'vaunted', 'vessel', 'videoconference', 'vladimir', 'voice', 'wage', 'wait', 'war', 'war_crime', 'war_ukraine', 'warn', 'warship', 'way', 'weakness', 'weapon', 'wednesday', 'wednesday_night', 'week', 'western', 'white_house', 'widespread', 'william_j.', 'win', 'word', 'work', 'yield']"
59,1510896966632419328,62,74,244,https://nyti.ms/3u1nMkp,2022-04-04 04:28:02-04:00,"['1947', '69', '90', 'accusation', 'accuse', 'act', 'adjourn', 'ahmed', 'aisle', 'ally', 'ambassador_united_states', 'american_diplomat', 'american_official', 'announce', 'anticipate', 'appear', 'appointment', 'ask', 'ata', 'attorney', 'avoid', 'bandial', 'bench', 'bid', 'bin', 'block', 'book', 'bring', 'campaign', 'capital', 'caretaker', 'chairman_senate', 'challenge', 'chief', 'chief_justice', 'claim', 'coalition', 'come', 'concert', 'confidence_vote', 'constitution', 'constitutional', 'corruption', 'country', 'court', 'courtroom', 'cram', 'cricket', 'crisis', 'day', 'democracy', 'deny', 'determine', 'dissolve', 'drag', 'early', 'election', 'eradicate', 'establish', 'exchange', 'expect', 'expert', 'fall', 'farooq', 'favor', 'fear', 'february', 'fill', 'fundamental', 'general_election', 'government', 'gulzar', 'h.', 'hatch', 'hear', 'hearing', 'hit', 'hold', 'hour', 'immediate', 'implication', 'imran_khan', 'include', 'independence', 'inflation', 'instability', 'intelligence_agency', 'interim', 'involvement', 'islamabad', 'issue', 'journalist', 'judge', 'justice', 'khan', 'large', 'law', 'lawmaker', 'lawyer', 'lawyer_represent', 'lead', 'leader', 'letter', 'line', 'long', 'maneuvering', 'marble', 'military', 'mission', 'monday', 'monday_afternoon', 'monday_evening', 'naek', 'national_assembly', 'nationalist', 'new', 'nuclear_power', 'office', 'opposition', 'opposition_leader', 'opposition_party', 'oust', 'pack', 'pakistan', 'parliament', 'party', 'place', 'plan', 'plastic', 'platform', 'pledge', 'political', 'popularity', 'populist', 'portrait', 'power', 'powerful', 'president', 'prime_minister', 'profess', 'propose', 'prospect', 'protest', 'public', 'push', 'reach', 'recent_month', 'recourse', 'refuse', 'relationship', 'remain', 'remove', 'resume', 'retire', 'revive', 'rule', 'ruling', 'run', 'sea', 'seat', 'seek', 'send_letter', 'serve', 'session', 'settle', 'sharif', 'shehbaz', 'shoulder_shoulder', 'sour', 'spill', 'star', 'state', 'step', 'suggest', 'suitcase', 'support', 'supreme_court', 'surge', 'table', 'tackle', 'tense', 'term', 'test', 'thick', 'threat', 'time', 'tone', 'try', 'tuesday', 'tv', 'umar', 'unconstitutional', 'united_states', 'verdict', 'view', 'wall', 'warn', 'weaken', 'whip', 'year', 'yellowed']"
60,1491211511431409666,94,31,525,https://nyti.ms/3Ja61Ek,2022-02-08 19:45:04-05:00,"['apple_tv+', 'boat', 'bugs', 'bunny', 'commander', 'early_version', 'elvis', 'interview', 'limited_series', 'play', 'pretend', 'refer', 'scene', 'series', 'severance', 'u']"
61,1483333363528347648,31,16,237,https://nyti.ms/32bgZcU,2022-01-18 02:00:07-05:00,"['10', '10_minute', '12', '14_year', '16', '163', '16_year_old', '17', '1984', '19_year_old', '1_million', '2.3', '2010', '2011', '2018', '2020', '2021', '25', '29', '3', '3,000', '30_year', '31', '37', '40', '999,999', 'absolute', 'achievable', 'advance', 'age', 'air', 'alexey', 'alien', 'amass', 'andy', 'announcer', 'app', 'application', 'argue', 'artiaga', 'attraction', 'audience', 'backward', 'bar', 'bedroom', 'believe', 'bit', 'bite', 'boy', 'boys', 'breeziness', 'brother', 'build', 'buster', 'buy', 'california', 'challenger', 'championship', 'championships', 'change', 'character', 'check', 'cheez', 'child', 'childhood', 'christopher', 'classic', 'clear', 'clearing', 'clemente', 'co_-', 'cocktail', 'code', 'collective', 'college_student', 'come', 'compare', 'competition', 'competitive', 'competitor', 'compose', 'comprehension', 'computer', 'computer_programmer', 'computing', 'console', 'content', 'contest', 'continue', 'controller', 'cover', 'crack', 'create', 'credit', 'cryptocurrency', 'culminate', 'dad', 'decade', 'december', 'decide', 'defeat', 'determine', 'develop', 'developer', 'different', 'digit', 'discover', 'discuss', 'documentary', 'dog', 'donner', 'douglas', 'drive', 'drop', 'drum', 'e_-', 'early_december', 'earn', 'earn_$', 'easy', 'ecstasy', 'effect', 'efficiency', 'electric', 'elementary_school', 'emergence', 'end', 'entertainment', 'entry', 'espn2', 'evolve', 'existence', 'extent', 'fail', 'fall', 'familiar', 'family', 'fast', 'father', 'feel', 'film', 'final', 'find', 'finger', 'finish', 'fire', 'flabbergast', 'flip', 'flock', 'flop', 'focal', 'follow', 'force', 'fort_worth', 'fosbury', 'fourth', 'fresno', 'funky', 'game', 'gaming', 'generation', 'god', 'good', 'great', 'grip', 'group', 'grow', 'guitar', 'hall', 'hammer', 'hand', 'handle', 'happy', 'harry', 'hear', 'help', 'high', 'hint', 'hit', 'hold', 'home', 'hong', 'huff', 'hyper', 'imagine', 'impartiality', 'inaugural', 'include', 'inconceivable', 'influx', 'information', 'inspire', 'insurmountable', 'interest', 'introduce', 'invest', 'jacob', 'joke', 'jonas', 'joseph', 'jump', 'kid', 'kill', 'know', 'land', 'learn', 'length', 'level', 'like', 'limit', 'line', 'live', 'long', 'longtime', 'lose', 'loss', 'lot', 'main', 'man', 'manage', 'manner', 'martinez', 'marvel', 'master', 'match', 'matter', 'max', 'maxe', 'mesmerize', 'michael', 'michigan', 'middle', 'million', 'mind', 'minute', 'miscue', 'modification', 'mold', 'moment', 'month', 'narrow', 'neck', 'nervous', 'neubauer', 'new', 'ninety', 'nintendo', 'normal', 'nostalgia', 'notice', 'november', 'number', 'obsessive', 'office', 'oh', 'old', 'order', 'organizer', 'original', 'original_song', 'pajitnov', 'pandemic', 'participate', 'pass', 'pc', 'people', 'perfect', 'permit', 'phone', 'pianist', 'piece', 'place', 'play', 'play_game', 'player', 'playing', 'point', 'portland', 'potential', 'produce', 'professional', 'prospect', 'pursue', 'qualify', 'quick', 'randall', 'reach', 'reason', 'recent', 'recent_year', 'record', 'reduce', 'replay', 'result', 'revolutionize', 'rhythm', 'right', 'ritchie', 'rolling', 'room', 'row', 'run', 'russian', 'saelee', 'safe', 'sandwich', 'scene', 'score', 'scoreboard', 'screen', 'sean', 'second_consecutive', 'series', 'set', 'set_sight', 'seven', 'shake', 'shape', 'shout', 'shower', 'shut', 'simple', 'skilled', 'slide', 'small', 'sound', 'spawn', 'sport', 'square', 'stack', 'stage', 'star', 'state', 'steer', 'stick', 'stop', 'straddle', 'strain', 'strategy', 'stream', 'study', 'style', 'supremacy', 'sweep', 'system', 'talent', 'tap', 'tapper', 'tapping', 'teach', 'technique', 'tetris', 'thing', 'think', 'thinking', 'thought', 'thursday_night', 'time', 'title', 'today', 'tournament', 'trend', 'trophy', 'try', 'twitch', 'understand', 'undisputed', 'unorthodox', 'upset', 'use', 'van', 'victory', 'video', 'video_game', 'view', 'vince', 'vintage', 'wait', 'walk', 'want', 'watch', 'way', 'web', 'wide', 'width', 'wife', 'win', 'winner', 'witness', 'world', 'world_champion', 'world_championship', 'wrong', 'yeah', 'year', 'yell', 'yes', 'yesterday', 'young', 'youtube', '’_hard']"
62,1491079419397562380,271,56,1298,https://nyti.ms/3GuAjzS,2022-02-08 11:00:11-05:00,"['10', '12', '1994', '20', '27', '40', '9,500', '94', 'aaron', 'abc', 'academy', 'academy_awards', 'accelerate', 'account', 'act', 'acting', 'actor', 'adapt_screenplay', 'afghan_refugee', 'aflutt', 'air', 'amazon', 'amazon_prime', 'anderson', 'animate', 'animation', 'apple_tv+', 'area', 'award', 'awards', 'belfast', 'beloved', 'box_office', 'broadcast', 'build', 'buy', 'campaign', 'campaigning', 'campion', 'capital', 'carve', 'category', 'chai', 'chairman', 'chief', 'chin', 'cinematography', 'climate_change', 'closed', 'club', 'co_-', 'coda', 'comedic', 'company', 'compete', 'concern', 'consensus', 'consumer', 'contrast', 'critics_choice', 'deaf_family', 'denis', 'denzel_washington', 'diminished', 'direct', 'director', 'distributor', 'divisive', 'documentary', 'documentary_feature', 'dominant', 'drama', 'draw', 'drive', 'drive_car', 'dud', 'dune', 'easy', 'economic', 'elizabeth', 'empower', 'evolve', 'exclusive', 'expand', 'expect', 'eyes_tammy', 'fail', 'faye', 'fend', 'field', 'film', 'filmmaker', 'find', 'flee', 'frawley', 'free', 'fund', 'garner', 'gilula', 'golden_globes', 'gonzo', 'good', 'good_actress', 'good_picture', 'great', 'hbo_max', 'hear', 'heder', 'highbrow', 'history', 'hold', 'hollywood', 'house_gucci', 'hulu', 'impressive', 'include', 'independent', 'inroad', 'instance', 'international', 'introspective', 'j.k.', 'jane_campion', 'japanese', 'javier_bardem', 'jessica_chastain', 'jimmy', 'join', 'jump', 'kenneth_branagh', 'kidman', 'king_richard', 'kristen_stewart', 'lady_gaga', 'land', 'lead', 'leave', 'licorice_pizza', 'limited', 'look', 'lost_daughter', 'love', 'lucy', 'man', 'march', 'member', 'membership', 'movie', 'moviedom', 'moviegoing', 'neon', 'netflix', 'nicole_kidman', 'nightmare_alley', 'nod', 'nomadland', 'nominate', 'nominated', 'nomination', 'nominee', 'note', 'olivia_colman', 'omicron_variant', 'original_screenplay', 'oscar', 'oscar_nomination', 'oscar_voter', 'oscar_winner', 'oscars', 'overseas', 'pandemic', 'parallel_mother', 'paul', 'penélope_cruz', 'perceive', 'performance', 'phone', 'piano', 'pictures', 'place', 'position', 'power_dog', 'previous', 'prize', 'production_design', 'prognosticator', 'proud', 'pursuit', 'push', 'receive', 'recent_month', 'recognize', 'rehearsal', 'reign', 'release', 'rescue', 'retire', 'reward', 'ricardos', 'role', 'romantic', 'round', 'row', 'run', 'ryusuke_hamaguchi', 'satire', 'scott', 'searchlight', 'set', 'shift', 'shock', 'sian', 'sign', 'significant', 'simmon', 'slot', 'slow', 'snub', 'solidify', 'solo', 'sorkin', 'spencer', 'spend', 'start', 'stephen', 'steven_spielberg', 'story', 'streaming', 'streaming_service', 'stuber', 'studio', 'success', 'support', 'surprise', 'team', 'tech_giant', 'tell', 'theater', 'theatrical', 'thomas', 'tiny', 'total', 'traditional', 'tragedy_macbeth', 'troy_kotsur', 'try', 'tuesday', 'vasarhelyi', 'video', 'viewer', 'villeneuve', 'voter', 'warner_bros.', 'west_story', 'western', 'white', 'widow', 'william', 'win', 'winner', 'woman', 'world', 'worst_person', 'writer_director', 'year', 'young_woman']"
63,1502245214546800641,543,313,1613,https://nyti.ms/36cTPnS,2022-03-11 06:29:04-05:00,"['$', '$_140', '16', '160', '180', '1950', '2009', '2012', '24', '3_percent', 'active', 'add', 'agreement', 'aim', 'allow', 'alternative', 'america', 'american', 'analyst', 'announce', 'annual', 'anz', 'asian', 'avoid', 'backing', 'bad', 'ban', 'bank', 'banking', 'behalf', 'beijing', 'big', 'big_problem', 'billion', 'blackout', 'boat', 'bond', 'border', 'bp', 'bring', 'build', 'business', 'buy', 'buyer', 'case', 'cash', 'caution', 'central_bank', 'chairman', 'cheap', 'china', 'chinese', 'choose', 'close', 'commission', 'commit', 'commodity', 'communicate', 'company', 'conduct', 'consulting', 'consulting_firm', 'contemplate', 'continue', 'cooperate', 'cornell_university', 'corporate', 'corporation', 'counterbalance', 'country', 'criticize', 'cross_-', 'crude_oil', 'currency', 'cut', 'day', 'declare', 'deepen', 'denominate', 'depend', 'desire', 'devastate', 'develop', 'developed', 'dictate', 'diplomatic', 'dollar', 'dollar_euro', 'dwindle', 'economic', 'economic_recovery', 'economist', 'economy', 'edifice', 'emergency', 'emphasize', 'employee', 'end', 'energy', 'enterprise', 'equivalent', 'erase', 'establish', 'eswar', 'european', 'european_union', 'evade', 'eve', 'exchange', 'exclude', 'exit', 'exporter', 'exposure', 'extend', 'facilitate', 'fee', 'financial', 'financial_institution', 'financial_system', 'financing', 'firm', 'float', 'follow', 'fraction', 'free', 'friday', 'friendship', 'games', 'gas', 'geopolitical', 'giant', 'global', 'global_financial', 'globe', 'good', 'government', 'great', 'grow', 'guo', 'happen', 'hard', 'harsh', 'hegemony', 'help', 'hold', 'home', 'hurt', 'import', 'impose', 'include', 'indication', 'industrialize', 'influence', 'infrastructure', 'insurance', 'interest', 'international', 'investment', 'invite', 'iran', 'joint_venture', 'joseph', 'keqiang', 'khrushchev', 'kunlun', 'large', 'launder', 'lead', 'leader', 'leave', 'lending', 'let', 'li', 'lifeline', 'limit', 'loan', 'lock', 'loeb', 'longstanding', 'lot', 'maintain', 'mao', 'mastercard', 'material', 'measure', 'meet', 'mere', 'messaging', 'million_dollar', 'money', 'month', 'moscow', 'nation', 'national', 'news_conference', 'nikita', 'normal', 'north_korea', 'northwestern', 'obvious', 'offer', 'offer_financial', 'officer', 'oil', 'oil_company', 'oil_gas', 'oil_natural', 'olympic_games', 'operate', 'operation', 'option', 'order', 'participate', 'party', 'pay', 'payment', 'petroleum', 'pile', 'possible', 'power', 'pr', 'prasad', 'premier', 'president_vladimir_v._putin', 'price', 'processing', 'province', 'punishment', 'putin', 'questionable', 'raise', 'raymond', 'real', 'reality', 'redback', 'regulator', 'regulatory', 'relevant', 'rely', 'remain', 'rename', 'renminbi', 'reserve', 'rest', 'rest_world', 'reward', 'risk', 'risky', 'rival', 'rogue', 'ruble', 'ruble_plunge', 'ruin', 'rule', 'run', 'russia', 'russia_belarus', 'russia_invasion', 'russia_invasion_ukraine', 'russian', 'russian_counterpart', 'russian_oil', 'sale', 'sanction', 'sanction_russia', 'save', 'scale', 'scenario', 'scoop', 'sell', 'service', 'set', 'sever_tie', 'share', 'shell', 'shore', 'short_term', 'shuqing', 'shut', 'similar', 'sink', 'sit', 'small', 'stability', 'stake', 'stalin', 'state', 'stop', 'strong', 'substitute', 'survive', 'swift', 'system', 'tangle', 'taylor', 'technology', 'tell', 'theory', 'thing', 'thinking', 'tie', 'time', 'tiny', 'touch', 'trade', 'transaction', 'trivium', 'try', 'turn', 'u.s.', 'u.s._treasury', 'underpin', 'unionpay', 'united_states', 'united_states_ally', 'unwilling', 'use', 'valuable', 'value', 'viable', 'visa', 'war', 'war_ukraine', 'warming', 'washington', 'wave', 'way', 'wealth', 'week', 'west', 'western', 'willing', 'world', 'worth', 'worth_$', 'xi', 'xi_jinping', 'xinjiang', 'yeung', '’']"
64,1504261264519925768,181,230,1237,https://nyti.ms/3KRhR70,2022-03-16 21:00:07-04:00,"['abc_news', 'accusation', 'accuse', 'admissible', 'air', 'ambassador', 'apparent', 'argue', 'ask', 'attack', 'authorization', 'basis', 'believe', 'biden', 'bomb', 'bomb_shelter', 'broadcast', 'case', 'child', 'civilian', 'clash', 'comment', 'commit', 'constitute', 'country', 'courtyard', 'create', 'criticize', 'critique', 'day', 'destroy', 'dmitri', 'echo', 'escalate', 'escape', 'event', 'find', 'following', 'fundamental', 'greenfield', 'harris', 'head', 'heart', 'hmm', 'hold', 'hospital', 'identify', 'include', 'international_criminal_court', 'interview', 'investigation', 'irresponsible', 'jen_psaki', 'justify', 'karim', 'khan', 'kill_thousand', 'killer', 'kremlin', 'leave', 'linda_thomas', 'longstanding', 'march_10', 'mariupol', 'maternity_ward', 'message', 'mmm', 'month', 'neighborhood', 'news_outlet', 'newshour', 'office', 'official', 'open', 'peace', 'people', 'peskov', 'politician', 'populated', 'potential', 'president_biden', 'president_vladimir_v._putin', 'president_volodymyr_zelensky_ukraine', 'prosecutor', 'putin', 'question', 'quote', 'reasonable', 'recall', 'refugee', 'remark', 'reporter', 'respond', 'response', 'rhetorical', 'rhyme', 'route', 'run', 'russia', 'russia_invade_ukraine', 'russian', 'school', 'schoolyard', 'seek', 'speak', 'speak_reporter', 'spokesman', 'state', 'strike', 'support', 'tass', 'television', 'television_interview', 'tell', 'tell_bbc', 'tell_reporter', 'theater', 'think', 'threat', 'threaten', 'u.s._ambassador', 'u.s._official', 'unacceptable', 'unforgivable', 'united_nations', 'united_states', 'unscripted', 'use', 'vice_president_kamala_harris', 'virtual_meeting', 'war', 'war_crime', 'war_criminal', 'warsaw', 'washington', 'way', 'wednesday', 'week', 'western', 'white_house', 'white_house_press_secretary', 'world', 'year']"
65,1488727656149495810,29,21,93,https://nyti.ms/3IXAipW,2022-02-01 23:15:07-05:00,"['$', '11_percent', '12', '187', '2019', '2020', '2021', '34.6', '35,281', '35_percent', '38', '400_million', '530', '7.3', '8', '8.5', '9.2', 'additional', 'address', 'age', 'airport', 'ambitious', 'annual', 'appliance', 'applicant', 'apply', 'approach', 'approval', 'april', 'april_1', 'area', 'argue', 'attempt', 'basis', 'begin', 'big', 'billion', 'board', 'borrowing', 'bring', 'budget', 'burn', 'buy', 'center', 'challenge', 'chief_executive', 'circumstance', 'city', 'coach', 'come', 'commodity', 'competitiveness', 'comprehensive', 'concern', 'concerned', 'construction', 'consumption', 'contraction', 'contribute', 'control', 'cool', 'coronavirus', 'corporation', 'country', 'creation', 'credit', 'critic', 'crucial', 'curb', 'current', 'daily', 'debt', 'decade', 'decline', 'deep', 'deficit', 'demand', 'desperation', 'development', 'discontent', 'discouraged', 'dithered', 'dr.', 'drag', 'drive', 'drop', 'economic', 'economics', 'economist', 'economy', 'effect', 'eke', 'election', 'emphasis', 'employ', 'employment', 'enable', 'end', 'engine', 'erosion', 'essential', 'estimate', 'expand', 'expert', 'face', 'fair', 'farm', 'fertilizer', 'festival', 'finance', 'fiscal_year', 'focus', 'food', 'force', 'frustration', 'fuel', 'gain', 'generous', 'gestation', 'glaring', 'good', 'government', 'grow', 'growth', 'head', 'help', 'high', 'highway', 'hit', 'hobble', 'hold', 'household', 'household_income', 'important', 'impose', 'include', 'income', 'increase', 'india', 'indian', 'indians', 'inequality', 'inflation', 'infrastructure', 'investment', 'job', 'june_2021', 'kind', 'kishore', 'kitchen', 'kumar', 'laborer', 'lack', 'large', 'lift', 'little', 'living', 'lockdown', 'logistic', 'long_term', 'look', 'lose_job', 'mahesh', 'major', 'march', 'mass', 'match', 'meager', 'mean', 'medium', 'middle_class', 'million_people', 'minister', 'miss', 'misstep', 'modi', 'moment', 'momentum', 'money', 'monitoring', 'month', 'mount', 'narendra_modi', 'nationwide', 'need', 'new', 'new_delhi', 'nirmala', 'number', 'offer', 'order', 'oxford', 'pandemic', 'parliament', 'party', 'people', 'percent', 'period', 'personal', 'piece', 'plan', 'plot', 'pocket', 'policy', 'poor', 'population', 'port', 'poverty', 'practice', 'present', 'pressure', 'prime_minister', 'principal', 'priyanka', 'problem', 'program', 'project', 'promise', 'proposal', 'propose', 'protest', 'provide', 'pull', 'railway', 'raise', 'rate', 'rating_agency', 'ratings', 'real', 'recruitment', 'reduce', 'reflection', 'relate', 'require', 'research_firm', 'result', 'rich', 'rise', 'rise_price', 'road', 'rob', 'rural', 'rural_area', 'scarring', 'scheme', 'screen', 'search', 'season', 'sentiment', 'seven', 'share', 'significant', 'sinha', 'sitharaman', 'slow', 'small', 'social', 'southeast_asia', 'spend', 'spending', 'spill', 'splurge', 'spread_coronavirus', 'state', 'statistic', 'street', 'stress', 'sunil', 'sustained', 'table', 'tall', 'taxis', 'television', 'test', 'thousand_people', 'train', 'transport', 'try', 'tuesday', 'unemployment', 'unfair', 'unison', 'unveil', 'unwillingness', 'urban', 'urge', 'urgent', 'vaccination', 'village', 'visible', 'vyas', 'wage', 'washing_machine', 'waterway', 'week', 'welfare', 'work', 'worsen', 'year', 'young', 'youth']"
66,1493517970047475718,12,9,60,https://nyti.ms/34ZUics,2022-02-15 04:30:06-05:00,"['._3', '._4', '1,000_meter', '15_year_old', '1985', '2018', '22', '23', '27', '@karebearsk8', 'abbreviation', 'ability', 'accent', 'accord', 'account', 'add', 'admiration', 'adult', 'aerial', 'aesthetic', 'affection', 'affectionate', 'aficionado', 'ailing', 'alexandra_trusova', 'alias', 'alphanumeric', 'america', 'american', 'americans', 'anna_shcherbakova', 'asian', 'athlete', 'baby', 'ban_substance', 'barkley', 'basic', 'basketball', 'beard', 'beijing', 'beijing_olympics', 'bind', 'bit', 'blond', 'board', 'body', 'bossy', 'brow', 'bucket', 'build', 'byname', 'canada', 'carleton', 'carnivalesque', 'chan', 'character', 'characteristic', 'charles', 'chen', 'child', 'chin', 'china', 'chinese', 'chunky', 'coach', 'code', 'coin', 'collection', 'college', 'colorful', 'come', 'common', 'compete', 'competition', 'complexity', 'concept', 'confuse', 'cong', 'consider', 'contortion', 'contraction', 'contrast', 'convey', 'country', 'cp3', 'create', 'creative', 'credit', 'cross_-', 'crystallize', 'cultural', 'culture', 'curl', 'current', 'cute', 'czar', 'd', 'daughter', 'day', 'deep', 'dense', 'depend', 'describe', 'detractor', 'dialect', 'die', 'differentiate', 'distinct', 'domestic', 'dominance', 'dominate', 'duo', 'earnestness', 'east', 'easy', 'echo', 'eileen_gu', 'elegance', 'elegant', 'elephant', 'english', 'eteri_tutberidze', 'event', 'evocative', 'excellent', 'explanation', 'express', 'eye', 'fact', 'family', 'fan', 'fat', 'field', 'figure', 'figure_skate', 'figure_skating', 'fitness', 'flying', 'follow', 'forum', 'frame', 'friend', 'frog', 'fruitful', 'fun', 'games', 'gentle', 'god', 'gold_medal', 'green', 'gu', 'guai', 'guo', 'gusto', 'hair', 'han', 'handle', 'hard', 'hebei', 'helmet', 'high_level', 'history', 'hollowed', 'hunan', 'impulse', 'incentive', 'ingenuity', 'inspire', 'instagram', 'instance', 'instant', 'international', 'internet', 'ironic', 'jam', 'jiahui', 'jiangxi', 'joke', 'jump', 'jumping', 'k', 'kamila_valieva', 'kapur', 'karen_chen', 'kd', 'klay', 'know', 'k宝', 'landscape', 'language', 'large', 'lbj', 'lesson', 'like', 'ling', 'linguistic', 'literal', 'litter', 'little', 'logic', 'long', 'look', 'lore', 'lot', 'low', 'macalester', 'marvel', 'mean', 'meaning', 'medalist', 'melo', 'message', 'methodology', 'minjian', 'mom', 'month', 'motivation', 'mouthful', 'n.b.a.', 'naming', 'nasty', 'nathan_chen', 'national_champion', 'news', 'nick', 'nickname', 'nicknaming', 'nod', 'nonsensical', 'noodle', 'north_america', 'note', 'number', 'obituary', 'obscure', 'oddball', 'official', 'offset', 'olympic', 'olympic_gold', 'olympic_sport', 'online', 'origin', 'original', 'outsider', 'overall', 'patrick', 'peng', 'people', 'performance', 'personality', 'phenom', 'phenomenon', 'phonetic', 'physical', 'physique', 'pig', 'play', 'poetic', 'point', 'pooh', 'popular', 'power', 'presence', 'princess', 'process', 'produce', 'profess', 'professional', 'professor', 'prominent', 'prop', 'provide', 'province', 'public', 'pun', 'race', 'read', 'receive', 'recognition', 'refer', 'reference', 'referential', 'remain', 'remember', 'ren', 'require', 'revelation', 'ribbing', 'roll', 'root', 'rose', 'run', 'russian', 'russians', 'rutgers', 'sad', 'sasha', 'scallion', 'scholar', 'sense', 'shaohua', 'shasha', 'shcherbakova', 'short_track', 'similar', 'simple', 'sister', 'skate', 'skater', 'skating', 'skier', 'skilled', 'smoothing', 'sobriquet', 'social_medium', 'social_medium_account', 'social_medium_platform', 'softness', 'sort', 'sound', 'soup', 'speak', 'speedskater', 'spell', 'spin', 'sport', 'star', 'stem', 'straightforward', 'string', 'subject', 'sui', 'superior', 'surname', 'syllable', 'tan', 'tease', 'tell', 'tend', 'test_positive', 'thing', 'thompson', 'thread', 'tiffany', 'tigger', 'tongue', 'toss', 'toy', 'traditional', 'trait', 'translate', 'translation', 'transliteration', 'turn', 'twitter', 'u.s.', 'understanding', 'uninspire', 'unrelated', 'unstoppable', 'unwieldy', 'use', 'utterance', 'vague', 'valieva', 'vary', 'verify', 'version', 'viral', 'virtuosity', 'visual', 'waistline', 'watch', 'way', 'wealthy', 'wear', 'wechat', 'week', 'weekslong', 'wei', 'wenjing', 'wide', 'win_gold_medal', 'winnie', 'winter', 'woman', 'word', 'wordplay', 'write', 'xin', 'yang', 'yao', 'year', 'yes', 'youth', 'youthful', 'yuyao', 'zero', 'zhou', 'ziwei', '’', '千金', '大象', '拐凌', '方便面姐', '汤神', '莎皇', '莎莎', '葱桶', '跳跳虎', '陈三', '陈四妹', '青蛙公主']"
67,1499671071729012740,115,30,324,https://nyti.ms/3KxgMRZ,2022-03-04 04:00:20-05:00,"[' ', '13_percent', '2,200', '2030', '30_percent', '30x30', '40', '48', '6', '7', '70_percent', 'abundant', 'accord', 'acre', 'activity', 'additional', 'allow', 'analysis', 'animal', 'announce', 'applications', 'approach', 'area', 'assume', 'austin', 'available', 'bad', 'base', 'bat', 'beak', 'bear', 'bee', 'biden_administration', 'biodiversity', 'black', 'bloom', 'border', 'brian', 'bright', 'bring', 'build', 'butterfly', 'cactus', 'california', 'campaign', 'carbon', 'cassia', 'certain', 'challenge', 'chief', 'cite', 'clean', 'cluster', 'coalition', 'commit', 'commitment', 'concentration', 'condor', 'conservancy', 'conservation', 'conservationist', 'conserve', 'continental_united', 'corridor', 'count', 'country', 'county', 'crayfish', 'create', 'critical', 'crossbill', 'crowfoot', 'dams', 'data', 'decision', 'deepen', 'degrade', 'department', 'depend', 'depletion', 'detailed', 'development', 'director', 'disastrous', 'disrupt', 'dollar', 'dr.', 'drive', 'ecological', 'ecologist', 'economy', 'ecosystem', 'effort', 'emphasize', 'encourage', 'erosion', 'escambia', 'esri', 'essential', 'estimate', 'example', 'exist', 'extinct', 'extinction', 'eye', 'fear', 'feature', 'federal', 'federal_government', 'ferret', 'filter', 'finch', 'find', 'fish', 'florida', 'flow', 'flower', 'focus', 'follow', 'footed', 'forest', 'freshwater', 'gain', 'geographic', 'geological', 'georgia', 'global', 'goal', 'gray', 'grazing', 'green', 'grizzly', 'groundwater', 'group', 'grow', 'habitat', 'hamilton', 'hard', 'healy', 'help', 'high_concentration', 'high_risk', 'highlight', 'hill', 'home', 'host', 'housing', 'human', 'humble', 'idaho', 'identify', 'imperil', 'imperiled', 'important', 'include', 'individual', 'infrastructure', 'input', 'interior', 'jetz', 'kilometer', 'kind', 'know', 'land', 'landowner', 'large', 'large_number', 'law', 'lead', 'leave', 'let', 'likely', 'lincoln', 'little', 'live', 'location', 'logging', 'low', 'major', 'manage', 'map', 'mapping', 'march', 'matter', 'measure', 'mexico', 'million', 'million_people', 'mining', 'model', 'mollusk', 'mussel', 'national', 'natural', 'natural_resource', 'nature', 'natureserve', 'need', 'network', 'new_mexico', 'nonprofit', 'northern', 'nosed', 'note', 'offer', 'official', 'o’donnell', 'pace', 'panhandle', 'partner', 'partnership', 'patch', 'percentage', 'pesticide', 'place', 'planet_warm', 'plant', 'platform', 'pledge', 'policymaker', 'potential', 'precision', 'president_biden', 'pressure', 'prevent', 'private', 'protect', 'protection', 'public', 'publish_journal', 'push', 'question', 'rabbit', 'red', 'region', 'relate', 'reluctant', 'report', 'represent', 'research', 'research_group', 'researcher', 'researcher_find', 'resemble', 'restore', 'restriction', 'risk', 'river', 'safeguard', 'salamander', 'sand', 'scientist', 'scramble', 'secretary', 'section', 'seek', 'set', 'share', 'significant', 'single', 'small', 'south_carolina', 'southeastern', 'southern', 'southwest', 'specie', 'speed', 'square', 'star', 'state', 'states', 'store', 'stream', 'stressor', 'suppose', 'survey', 'tackle', 'tax_incentive', 'texas', 'tiny', 'tool', 'tremendous', 'tricky', 'turtle', 'twisty', 'u.s.', 'united_states', 'unprotected', 'use', 'valuable', 'variety', 'vulnerable', 'wade', 'walter', 'wander', 'warbler', 'water', 'way', 'wildlife', 'wolf', 'work', 'world', 'yale_university', 'year', 'yellow', 'zone', '’']"
68,1514234205303095307,19,20,102,https://nyti.ms/3E7h1Rw,2022-04-13 09:29:02-04:00,"[' ', '$', '$_2.5', '1,000', '10', '100,000', '10_percent', '2,600', '20', '20,000', '2020', '3_percent', '50,000', '650', '780', '82', 'abandon', 'add', 'advance', 'advertising', 'advice', 'agree', 'allow', 'alternate', 'alternative', 'ambition', 'amy', 'annaïse', 'announce', 'annual', 'anti_-_vaccine', 'antidote', 'antithesis', 'app', 'appealing', 'apply', 'arbiter', 'art', 'aspire', 'assemble', 'assignment', 'associate', 'atlantic', 'attention', 'audio', 'author', 'available', 'axios', 'bad', 'base', 'beef', 'begin', 'ben', 'best', 'big', 'bill', 'bonding', 'book', 'bother', 'brain', 'brand', 'break', 'bring', 'brown_university', 'build', 'center', 'challenge', 'champaign', 'channel', 'charge', 'charlie', 'chase', 'chief_executive', 'child', 'chris', 'citizens', 'climate', 'co_-', 'co_-_founder', 'collection', 'comic_book', 'comic_strip', 'comment', 'communicate', 'community', 'company', 'compete', 'competition', 'competitor', 'complain', 'concert', 'concierge', 'condé', 'conflict', 'congregate', 'consolidate', 'consumer', 'content', 'continue', 'cool', 'copy', 'counter', 'cox', 'create', 'critic', 'culture', 'dead_body', 'debut', 'defector', 'deliver', 'delivery', 'democratic', 'depend', 'describe', 'desire', 'destination', 'difference', 'different', 'digital', 'disclose', 'dislike', 'disperse', 'divisive', 'divulge', 'dollar', 'downside', 'downtown', 'dozen', 'dr.', 'draft', 'earn_$', 'earning', 'easy', 'eat', 'economics', 'economy', 'editing', 'editor', 'editorial', 'eisner', 'elizabeth', 'elon_musk', 'email', 'emily', 'empire', 'employee', 'endorse', 'engineer', 'english', 'entail', 'error', 'essay', 'evolve', 'executive', 'expand', 'expansion', 'experience', 'explode', 'face', 'facebook', 'facebooks', 'faceless', 'fall_short', 'fan', 'fear', 'feature', 'fee', 'figure', 'find', 'flush', 'focus', 'forbes', 'founder_chief', 'free', 'future', 'galaxy', 'game', 'generate', 'ghost', 'gif', 'good_news', 'grace', 'grand', 'greed', 'group', 'grow', 'growth', 'hamish', 'han', 'hand', 'handle', 'hard', 'hate', 'hate_speech', 'haunt', 'haven', 'healthy', 'heather', 'hefty', 'heglar', 'help', 'hire', 'history', 'hope', 'host', 'hotbed', 'identity', 'illinois_urbana', 'image', 'inaction', 'include', 'income', 'independent', 'inspire', 'intellectual', 'intend', 'interact', 'internecine', 'internet', 'interview', 'introduce', 'iv', 'jairaj', 'james', 'job', 'join', 'journalism', 'journalist', 'justify', 'key', 'kind', 'kirsten', 'knighted', 'landscape', 'language', 'large', 'late', 'lavery', 'leave', 'linkedin', 'load', 'long', 'look', 'lot', 'lure', 'mainstream', 'maintain', 'man', 'manager', 'march', 'mary', 'master', 'mckenzie', 'mean', 'media', 'medium', 'medium_platform', 'mid-2019', 'million', 'misinformation', 'miss', 'model', 'moderation', 'money', 'month', 'multimedia', 'multiple', 'nast', 'need', 'net', 'new', 'new_york_times', 'news', 'news_outlet', 'newsletter', 'nice', 'nikki', 'notable', 'novelist', 'november', 'number', 'offer', 'offering', 'office', 'officer', 'operating_officer', 'opponent', 'option', 'oster', 'outweigh', 'pain', 'pandemic', 'pare', 'parentdata', 'past_year', 'patti', 'pay', 'pay_$', 'paycheck', 'payment', 'people', 'personal', 'pivot', 'place', 'plan', 'platform', 'poach', 'podcast', 'poet_laureate', 'point', 'policy', 'popular', 'popularity', 'portray', 'practice', 'pressure', 'primary', 'processor', 'product', 'professor', 'professor_university', 'profile', 'prominent', 'provide', 'provocateur', 'public', 'publication', 'publish', 'publisher', 'publishing', 'punk', 'pursue', 'push', 'raise_$', 'read', 'reader', 'recommend', 'recruit', 'refuse', 'relax', 'release', 'rely', 'remain', 'resist', 'resource', 'revenue', 'reward', 'rich_man', 'richardson', 'risk', 'rivalry', 'rushdie', 'salman', 'san_francisco', 'scale', 'scene', 'selective', 'sense', 'service', 'sethi', 'shareholder', 'shift', 'sit', 'small', 'smith', 'social_network', 'source', 'speak', 'specialist', 'spiers', 'spree', 'standard', 'star', 'start', 'statement', 'stratechery', 'strategist', 'stripe', 'struggle', 'stuff', 'subscriber', 'subscription', 'substack', 'substackian', 'successful', 'summer', 'supplement', 'support', 'sweeping', 'talk', 'teaching', 'tech', 'tech_giant', 'technology', 'tell', 'text', 'theory', 'thing', 'think', 'thompson', 'thousand', 'threat', 'threaten', 'throw', 'tiktoks', 'time', 'times', 'tomato', 'tool', 'transition', 'transphobia', 'transphobic', 'try', 'twitter', 'twitters', 'tynion', 'universe', 'unpaid', 'use', 'user', 'usher', 'value', 'vegetable', 'venture', 'viability', 'video', 'vision', 'voice', 'wait', 'want', 'war', 'warzel', 'way', 'week', 'weekly', 'welcome', 'westervelt', 'white', 'win', 'work', 'world', 'worry', 'write', 'writer', 'wunderkind', 'year', 'year_old', 'zestworld']"
69,1483152229867606023,33,21,240,https://nyti.ms/34RoLJY,2022-01-17 14:00:21-05:00,"[' ', '1', '2', '3', '30_40', '4', '400', '5_minute', 'acid', 'add', 'airtight', 'balm', 'beloved', 'black', 'blend', 'bowl', 'break', 'brown', 'burn', 'buy', 'careful', 'characteristic', 'chicken', 'chicken_wing', 'citric', 'clump', 'coated', 'combine', 'container', 'cool', 'crispy', 'cut', 'darken', 'degree', 'dehydrate', 'desire', 'dry', 'dust', 'dusting', 'ensue', 'finger', 'flavor', 'fragrant', 'fresh', 'fruity', 'gain', 'garlic', 'garnish', 'golden', 'golden_brown', 'grate', 'ground', 'heat', 'heat_oven', 'high', 'home', 'large', 'layer', 'lemon', 'lemon_zest', 'let', 'line', 'magic', 'minute', 'mix', 'mixing', 'month', 'muskiness', 'oil', 'olive_oil', 'optional', 'oven', 'pan', 'pantry', 'paper', 'parchment', 'pat', 'pepper', 'place', 'platter', 'powder', 'provide', 'recreate', 'refer', 'release', 'residual', 'rest', 'roast', 'roasted', 'roasting', 'rub', 'salt', 'seasoned', 'seasoning', 'serve', 'set', 'shade', 'sheet_pan', 'simple', 'skin', 'skip', 'slick', 'small', 'spice', 'spread', 'sprinkle', 'staple', 'step', 'store', 'sugar', 'sure', 'tartness', 'taste', 'teaspoon', 'toast', 'toasted', 'toss', 'transfer', 'turn', 'use', 'vibrant', 'voltage', 'warm', 'wedge', 'wing', 'work', 'yellow', 'zest', '\xa0 ']"
70,1477571634806591489,67,91,602,https://nyti.ms/3HkK706,2022-01-02 04:25:04-05:00,"['1,200', '15', '1908', '1960', '1980', '1990', '2013', '2020', '20_year', '32', '74', '74_percent', 'abandon', 'academic', 'accept', 'acknowledge', 'add', 'adopt', 'adviser', 'advisory_board', 'advocacy', 'advocate', 'afraid', 'agree', 'air_force', 'alter', 'alternative', 'american', 'amoral', 'antipsychotic', 'apply', 'approval', 'argue', 'army', 'ask', 'associate', 'association', 'assume', 'attempt', 'attunement', 'author', 'author_study', 'autism', 'available', 'average', 'avoid', 'base', 'behavior', 'beth_israel', 'bic', 'bipolar', 'black', 'bleuler', 'blow', 'blue', 'boston', 'brain', 'break', 'broad', 'build', 'bulletin', 'c.i.a.', 'campaign', 'car', 'carpenter', 'catch', 'category', 'center', 'century', 'change', 'characterize', 'classification', 'clinical', 'clinician', 'close', 'clozapine', 'co_-', 'coin', 'colloquial', 'condition', 'confuse', 'connect', 'consensus', 'consider', 'considerable', 'consumer', 'convince', 'counter', 'country', 'coverage', 'critical', 'culture', 'd.s.m.', 'dailey', 'damage', 'dangerousness', 'deaconess', 'death', 'debate', 'decade', 'decide', 'decision', 'definition', 'delay', 'delusion', 'dementia', 'depression', 'derive', 'descriptive', 'destigmatize', 'devastating', 'develop', 'diagnose', 'diagnosis', 'diagnostic', 'director', 'disability', 'disconnectivity', 'discrimination', 'disease', 'disorder', 'disorders', 'dissociative', 'distance', 'divide', 'doctor', 'doctorate', 'dr.', 'drug', 'editor', 'education', 'effect', 'effective', 'effort', 'episode', 'erratic', 'eugen', 'evolve', 'example', 'experience', 'explain', 'fact', 'family', 'family_member', 'favor', 'field', 'find', 'focus', 'frightening', 'function', 'future', 'gap', 'gas_station', 'gately', 'good', 'government', 'gradual', 'greek', 'green', 'group', 'hand', 'happen', 'hard', 'harvard', 'head', 'hear', 'hearing', 'hopelessness', 'hospitalization', 'husband', 'idea', 'identity', 'illness', 'important', 'improve', 'include', 'ingrained', 'insult', 'insurance', 'integration', 'intellectual', 'international', 'involve', 'japan', 'keshavan', 'know', 'language', 'larson', 'lead', 'life', 'light', 'limited', 'linda', 'lisa', 'literature', 'lose', 'manic', 'manual', 'married', 'massachusetts', 'matcheri', 'mechanism', 'medical_center', 'medication', 'member', 'mental', 'mental_health', 'mental_illness', 'mesholam', 'mind', 'mississippi', 'misunderstood', 'moment', 'momentum', 'multiple', 'national', 'need', 'new', 'note', 'official', 'option', 'oversee', 'overwhelming', 'paper', 'parent', 'path', 'patient', 'patient_doctor', 'people', 'perceive', 'perception', 'personality', 'ph.d.', 'play', 'poetry', 'precedent', 'prescribe', 'principle', 'problem', 'professional', 'program', 'propose', 'provider', 'psychiatric', 'psychiatrist', 'psychiatry', 'psychological', 'psychologist', 'psychosis', 'psychotic', 'public', 'publish_book', 'publish_journal', 'push', 'raquelle', 'reach', 'reason', 'recent', 'recover', 'reduce', 'reflect', 'relabele', 'remain', 'remove', 'rename', 'replace', 'research', 'researcher', 'resent', 'resource', 'respondent', 'result', 'retardation', 'rethink', 'revision', 'rework', 'rise', 'schizophrenia', 'schizophrenic', 'school_medicine', 'scientific', 'scientist', 'secret_service', 'seek', 'semantic', 'sense', 'severe', 'silver', 'single', 'skeptical', 'smell', 'south_korea', 'spectrum', 'split', 'splitting', 'sporadic', 'stand', 'start', 'statistical', 'steep', 'stigma', 'succeed', 'sudden', 'suggest', 'suicide', 'support', 'suppose', 'surround', 'survey', 'symptom', 'syndrome', 'systematic', 'team', 'teenage', 'teenager', 'telltale', 'term', 'terminology', 'think', 'time', 'tinker', 'transformative', 'treatment', 'try', 'type', 'unfamiliar', 'unhygienic', 'united_states', 'unity', 'university', 'university_maryland', 'untreatable', 'use', 'usurp', 'version', 'view', 'violent', 'voice', 'volatile', 'want', 'way', 'william', 'word', 'work', 'world_health_organization', 'worry', 'wreak', 'wrong', 'year']"
71,1508229345365606407,15,16,138,https://nyti.ms/3DdSg5I,2022-03-27 19:47:52-04:00,"['-', '._2', '10', '10_minute', '12', '13th', '14', '15', '15th', '16th', '17', '18', '19', '1939', '1979', '1991', '2,637', '20', '2009', '2017', '21', '22', '27', '3', '30_percent', '38', '3_pointer', '40', '49', '55', '6', '69', '9', '93', 'active', 'adrift', 'advantage', 'afford', 'amass', 'annual', 'answer', 'arena', 'armando', 'arrive', 'aspiration', 'assemble', 'assert', 'athletic', 'atlantic', 'atlantic_coast', 'attempt', 'bacot', 'ball', 'balm', 'banks', 'basket', 'basketball', 'baylor', 'beat', 'begin', 'belong', 'black', 'blood', 'blue', 'branding', 'burnett', 'buzzer', 'cachet', 'cameron', 'cap', 'carolina', 'cascade', 'center', 'chairman', 'champion', 'championship', 'chance', 'chapel_hill', 'city', 'clean', 'coach', 'college_basketball', 'color', 'come', 'committee', 'competition', 'conference', 'conference_tournament', 'contest', 'court', 'courtside', 'crash', 'daryl', 'date', 'davis', 'defense', 'delusional', 'dent', 'department', 'designate', 'devout', 'dismissive', 'double_digit', 'drame', 'drape', 'dribble', 'drive', 'duke', 'dunk', 'duo', 'early', 'east', 'easy', 'elite', 'end', 'enter', 'entire', 'erupt', 'escape', 'exceed', 'exclude', 'expense', 'fabled', 'face', 'fact', 'fan', 'fantastical', 'favorite', 'feat', 'feature', 'feb._19', 'february', 'fell', 'field', 'field_goal', 'fight', 'final', 'find', 'fine', 'finish', 'floor', 'forest', 'fourth', 'fousseyni', 'free_throw', 'friday', 'gallop', 'game', 'going', 'good', 'group', 'guard', 'half', 'halftime', 'hand', 'hang', 'happen', 'hardcourt', 'hat', 'heckle', 'heels', 'help', 'history', 'hit', 'hold', 'holloway', 'home', 'hound', 'hubert', 'humiliate', 'idealistic', 'iii', 'improbable', 'inattentive', 'indianapolis', 'indoor', 'interview', 'jersey', 'jesuit', 'kansas', 'kentucky', 'kind', 'knack', 'know', 'krzyzewski', 'lane', 'layup', 'lead', 'lead_scorer', 'leaky', 'leave', 'let', 'lift', 'line', 'little', 'lone', 'lose', 'loss', 'low', 'maac', 'madness', 'man', 'march', 'match', 'matchup', 'measure', 'meet', 'menacing', 'mere', 'metro', 'miami', 'mid_-_february', 'mighty', 'mike', 'minneapolis', 'minute', 'miscue', 'miss', 'mixed', 'monday', 'monday_night', 'monmouth', 'month', 'mouth', 'murray', 'n.c.a.a.', 'n.c.a.a._tournament', 'n.j.', 'nation', 'national', 'ncaa', 'neck', 'net', 'new_orleans', 'night', 'north_carolina', 'offense', 'open', 'opponent', 'overtime', 'pace', 'paint', 'pass', 'peacock', 'peacocks', 'perfect', 'perform', 'periodic', 'philadelphia', 'pick', 'pittsburgh', 'place', 'play', 'play_game', 'player', 'point', 'power', 'prestigious', 'program', 'punching', 'purdue', 'quadrant', 'qualify', 'quarter', 'reach', 'rebellion', 'rebound', 'recognize', 'regional', 'regular_season', 'reign', 'relegate', 'rhythm', 'rise', 'rival', 'road', 'round', 'round_8', 'run', 'salary', 'saturate', 'saturday', 'score', 'scoring', 'search', 'season', 'second', 'second_round', 'secure', 'seed', 'seize', 'selection', 'semifinal', 'senior', 'set', 'shade', 'shaheen', 'shooter', 'shooting', 'short', 'shot', 'shout', 'showdown', 'showing', 'sink', 'skillful', 'slow', 'smothering', 'solve', 'spirit', 'sport', 'sporting', 'spotlight', 'st._peter', 'stadium', 'stage', 'start', 'state', 'steamroller', 'sterling', 'storm', 'streak', 'strip', 'struggle', 'student', 'stumble', 'stun', 'sunday', 'sunday_evening', 'sunday_night', 'supersize', 'swagger', 'swarm', 'swell', 'system', 'tar', 'tar_heel', 'team', 'temple', 'thing', 'think', 'thrive', 'thud', 'thunderous', 'thursday', 'time', 'tip', 'title', 'tobacco', 'tom', 'tonight', 'tournament', 'trip', 'try', 'turn', 'u.c.l.a.', 'u.n.c.', 'unc', 'underdog', 'uneven', 'unexpected', 'university', 'update', 'upend', 'uprising', 'vanquish', 'victory', 'villanova', 'wait', 'wake', 'want', 'way', 'week', 'wells_fargo', 'white', 'wiggle', 'win', 'winning', 'woman', 'work', 'year']"
72,1498070479881613312,226,29,1441,https://nyti.ms/3tbqJ05,2022-02-27 18:00:09-05:00,"[' ', '1862', '2014', '30', '80', 'able', 'actual', 'addition', 'alexei', 'alive', 'american', 'announcement', 'april', 'area', 'arrange', 'arrangement', 'art', 'artist', 'artistic_director', 'ask', 'assault', 'bach', 'bad', 'ballet', 'basement', 'begin', 'bolshoi', 'border', 'bring', 'brutality', 'building', 'cancel', 'career', 'carnegie_hall', 'change', 'choreographer', 'circle', 'city', 'close', 'come', 'comment', 'complete', 'concert', 'conductor', 'conflict', 'contact', 'continue', 'contract', 'country', 'creation', 'creative', 'cultural', 'current', 'dance', 'daughter', 'decide', 'desperation', 'disinvite', 'doubt', 'downtown', 'drive', 'early', 'eurovision', 'evacuate', 'expect', 'experience', 'family', 'family_member', 'father', 'feel', 'finish', 'follow', 'frequent', 'fugue', 'garage', 'gergiev', 'good', 'grow', 'head', 'heart', 'help', 'holocaust', 'hope', 'hotel', 'hour', 'house', 'ignore', 'important', 'independence', 'inform', 'international', 'interview', 'invasion', 'katerina', 'kyiv', 'la', 'large', 'launch', 'lavish', 'leave', 'leningrad', 'live', 'london', 'lose', 'love', 'march', 'mariinsky', 'massed', 'matter', 'medium', 'memory', 'metropol', 'mid_-', 'milan', 'military_action', 'moment', 'moscow', 'mother', 'munich', 'nazi', 'negotiation', 'neighboring', 'nephew', 'new', 'new_york', 'news', 'niece', 'novikova', 'office', 'ok', 'ominous', 'opera_house', 'parent', 'period', 'petipa', 'pharaoh', 'philharmonic', 'phone', 'plan', 'plaza', 'point', 'popular', 'postpone', 'premiere', 'prepare', 'president', 'president_vladimir_v._putin', 'press', 'principal', 'production', 'professional', 'project', 'putin', 'quote', 'ratmansky', 'realize', 'rehearsal', 'remain', 'repercussion', 'report', 'residence', 'rest', 'return', 'room', 'royal', 'rush', 'russia', 'russian', 'russian_invasion', 'russian_troop', 'safe', 'saturday', 'scala', 'scale', 'separatist', 'set', 'shelter', 'shelter_basement', 'siege', 'significant', 'sister', 'situation', 'sleep', 'small', 'song_contest', 'speak', 'spirit', 'st._petersburg', 'staging', 'statement', 'stay', 'summer', 'sure', 'survive', 'talk', 'tatiana', 'team', 'tear', 'terminate', 'theater', 'thing', 'think', 'threaten', 'thursday_morning', 'time', 'tour', 'train', 'travel', 'try', 'ukraine', 'ukrainian', 'underground', 'unlikely', 'valery_gergiev', 'wake', 'warsaw', 'wartime', 'watch', 'website', 'wednesday_night', 'wife', 'word', 'work', 'worry']"
73,1478378211138490385,120,76,367,https://nyti.ms/3qTWpWW,2022-01-04 09:50:07-05:00,"[' ', '.', '._1', '101', '12-', '15_year', '17_year_old', '1980', '1st', '20', '2018', '2019', '2021', '2022', '27', '3', '42', '51', '76', '86', 'absent', 'academic', 'accept', 'accord', 'accord_c.d.c.', 'achievement', 'acknowledge', 'activity', 'add', 'additional', 'adolescent', 'adult', 'advantage', 'age', 'aggravate', 'air', 'alarming', 'alessandro', 'allow', 'amendment_praetorian', 'american', 'american_academy', 'americans', 'anguish', 'animal', 'apple', 'approach', 'april', 'argue', 'arizona', 'arrive', 'ashley', 'ashley_wu', 'ask', 'askarinam', 'aspect', 'assembly', 'assess', 'at&t', 'atlanta', 'attempt', 'attorney_general', 'attractive', 'availability', 'await', 'aware', 'b.', 'bad', 'barbero', 'base', 'bathroom', 'behavior', 'belsha', 'benefit', 'bennett', 'big_problem', 'black_hispanic', 'blake', 'blame', 'block', 'body', 'boeing', 'boy', 'brazil', 'britons', 'broad', 'bump', 'bus', 'camaraderie', 'cancel', 'candy', 'canid', 'capitol_police_officer', 'capitol_riot', 'capture', 'car', 'cart', 'case', 'catch', 'celebration', 'chalkbeat', 'change', 'chaos', 'check', 'chicago', 'chicken', 'child', 'childhood', 'china', 'choice', 'chuck_schumer', 'cite', 'civil', 'classic', 'classroom', 'clear', 'cleveland', 'close', 'closing', 'clue', 'co_-_worker', 'coast', 'coca_cola', 'cocktail', 'coffee', 'colleague', 'combine', 'comfortable', 'comment', 'community', 'conclusion', 'conference', 'confirmation', 'congressional_investigator', 'conservative', 'consultant', 'contribute', 'control', 'count', 'country', 'covid', 'covid-19', 'create', 'crime', 'crimson', 'crisis', 'crossword', 'crudo', 'cry', 'cullen', 'culture', 'daily', 'dalgona', 'damage', 'dana', 'dante', 'datum', 'david', 'day', 'deadly', 'decide', 'decision', 'declare', 'defense_department', 'defensible', 'democratic', 'democrats', 'department', 'describe', 'die', 'dilemma', 'disappear', 'disney', 'disruption', 'disruptive', 'district', 'dna', 'donald_trump', 'donald_trump_jr.', 'dramatic', 'dream', 'drink', 'durstin', 'e.r.', 'e.u.', 'early', 'earth', 'earthy', 'eat', 'edition', 'effect', 'eighth', 'elderly', 'election', 'eliminate', 'elizabeth_holmes', 'emergency', 'encourage', 'endanger', 'endorse', 'ethical', 'evidence', 'example', 'exchange', 'exist', 'experience', 'explain', 'expulsion', 'extent', 'extracurricular', 'exxon_mobil', 'face', 'factor', 'fahrenthold', 'fail', 'fall', 'family', 'federal_judge', 'fight', 'filibuster_rule', 'find', 'find_guilty', 'fist', 'flavor', 'flawed', 'flu', 'focus', 'food', 'force', 'ford', 'fordham', 'forecaster', 'fraud', 'friend', 'frost', 'frustrate', 'game', 'gender', 'genetic', 'ghost', 'girl', 'goal', 'goldman_sachs', 'goldstein', 'grader', 'grapple', 'great', 'greene', 'group', 'grow', 'gun_violence', 'half', 'happy', 'hard', 'harm', 'head', 'hear', 'height', 'heighten', 'help', 'hibiscus', 'high', 'historian', 'hit', 'hokusai', 'honshu', 'hospitalization', 'hospitalize', 'hot', 'hounshell', 'hue', 'hug', 'hungary', 'ibm', 'illiberal', 'immunocompromise', 'inappropriate', 'inbox', 'include', 'increase', 'increase_risk', 'instance', 'instant', 'institute', 'interest', 'intervention', 'investigation', 'irwin', 'isolation', 'ivanka_trump', 'jackie', 'jagger', 'jair_bolsonaro', 'jan._6_attack', 'john', 'join', 'joy', 'kalyn', 'kelli', 'keri', 'kid', 'kim', 'kind', 'kitty', 'know', 'lanky', 'large', 'lead', 'leader', 'leah', 'learn', 'leave', 'legal', 'lennon', 'let', 'letter', 'level', 'levin', 'life', 'linger', 'lisa', 'little', 'live', 'living', 'local', 'london', 'long_covid', 'look', 'loss', 'lot', 'love', 'low', 'lunch', 'lunchtime', 'madden', 'madison', 'maria', 'marjorie_taylor', 'math', 'matthew', 'mcdonald', 'mean', 'measure', 'medical', 'memory', 'menconi', 'mental_health', 'michael', 'mick', 'milwaukee', 'mind', 'mini', 'minimize', 'miss', 'model', 'month', 'mood', 'morning', 'mortify', 'murder', 'mushroom', 'mysterious', 'natasha', 'national', 'nationwide', 'navy', 'nepal', 'netflix', 'new', 'new_york', 'new_york_city', 'newark', 'newsletter', 'night', 'nike', 'normal', 'normal_life', 'northern_california', 'nostalgic', 'number', 'nwanevu', 'nwea', 'obvious', 'offer', 'oklahoma', 'omicron', 'omicron_surge', 'omicron_variant', 'open', 'option', 'osita', 'outpouring', 'overall', 'overview', 'p.s.', 'page', 'pandemic', 'pandemic_restriction', 'pangram', 'paramilitary', 'parent', 'parents', 'partner', 'past_year', 'pediatrics', 'percent', 'percentage', 'petrilli', 'philanthropy', 'picture', 'piersanti', 'place', 'plan', 'play', 'poet', 'politico', 'politics', 'poll', 'poverty', 'predict', 'prediction', 'preference', 'prenatal_testing', 'president', 'prime_minister', 'pro_-_trump', 'problem', 'productive', 'protect', 'pulitzer', 'pull', 'punish', 'puzzle', 'question', 'questionable', 'quieter', 'raise', 'rare', 'rate', 'reach', 'reader', 'reading', 'ready', 'reason', 'recognition', 'record', 'red_wolf', 'reduce', 'refuse', 'relate', 'related', 'reliable', 'report', 'represent', 'republicans', 'research_group', 'researcher', 'resemble', 'resident', 'resume', 'resurgence', 'rethinking', 'return_normal', 'return_office', 'revive', 'ride', 'right', 'right_wing', 'rise', 'risk', 'rodrigues', 'round', 'routine', 'rub', 'run', 'running', 'safe', 'sailor', 'salt', 'sanam_yar', 'schedule', 'school', 'school_closure', 'scramble', 'senate', 'sentencing', 'set', 'seth_meyers', 'severe', 'severson', 'shiva', 'shooting', 'shop', 'shopping', 'shortfall', 'shoulder', 'shut', 'sign_newsletter', 'signify', 'silicon_valley', 'sit', 'situation', 'skeptical', 'slow', 'small', 'social', 'social_medium_post', 'society', 'soda', 'south', 'south_korea', 'spelling_bee', 'spend', 'spend_time', 'sport', 'spread', 'spring', 'spring_2020', 'stabbing', 'stability', 'start', 'state_emergency', 'stay', 'stem', 'step', 'stomach', 'strafford', 'streaking', 'structural', 'struggle', 'student', 'suburb', 'suffer', 'suggest', 'suicide', 'superintendent', 'surgery', 'surprising', 'suspect', 'swalty', 'swearing', 'sweet', 'swicy', 'system', 'talk', 'tart', 'taste', 'teacher', 'team', 'teenager', 'tell', 'tell_story', 'thank', 'themorning@nytimes.com', 'theranos', 'thing', 'thomas', 'threaten', 'times', 'times_magazine', 'today', 'tom_wright', 'tomorrow', 'trade', 'transform', 'trash', 'travel', 'treat', 'trend', 'trillion', 'trip', 'true', 'trump', 'try', 'tuttle', 'twitter', 'typical', 'u.s.', 'unavoidable', 'unconventional', 'undergo', 'understand', 'union', 'united_states', 'unvaccinated', 'upend', 'uptick', 'vaccinate', 'vaccinated', 'vaccine', 'value', 'vandalism', 'version', 'viktor_orban', 'virtual', 'virus', 'virus_spread', 'visible', 'visit', 'vote', 'voting_right', 'vt', 'walmart', 'want', 'washington_post', 'wave', 'way', 'wear', 'week', 'weigh', 'widespread', 'win', 'wis.', 'witness', 'word', 'wordle', 'work', 'worker', 'worsen', 'worth_$', 'worthy', 'wound', 'wristband', 'write', 'year', 'yes', 'yesterday', 'yogurt', 'yuval', '’']"
74,1481544065263050753,120,20,675,https://nyti.ms/3qjHs18,2022-01-13 03:30:05-05:00,"[' ', '$_2.6', '._2', '._4', '10', '15,000', '15_year', '1940', '1943', '1960', '1960s', '1961', '1963', '1965', '1966', '1967', '1970', '1974', '1986', '1987', '1990', '2000', '2003', '2006', '2007', '2009', '2010', '2012', '2016', '78', '81', 'abuse', 'abusive', 'accord', 'admiration', 'adult', 'afraid', 'album', 'american', 'amy', 'appeal', 'appear', 'argue', 'artist', 'attempt', 'attend', 'audition', 'aug.', 'austin', 'b.b.', 'baby', 'background', 'bad', 'barry', 'battle', 'bear', 'beatles', 'beehive', 'behavior', 'bennett', 'best', 'bill', 'billboard', 'billy_joel', 'biographical', 'black', 'blood', 'blues', 'body', 'boy', 'breakin', 'brief', 'broken', 'bruce_springsteen', 'cancer', 'career', 'chart', 'choose', 'chrissie', 'christmas', 'classic', 'claus', 'club', 'collaborate', 'colpix', 'control', 'court', 'cousin', 'cover', 'dancing', 'date', 'daughter', 'death', 'decade', 'decision', 'define', 'describe', 'detail', 'devise', 'die', 'dirty', 'disband', 'divorce', 'dog', 'dress', 'drunk', 'duet', 'earn', 'eddie', 'edge', 'ellie', 'endure', 'english', 'ep', 'era', 'erratic', 'estelle', 'ethnic', 'everyplace', 'ex_-', 'fabulous', 'family', 'fan', 'fashion', 'fellow', 'female', 'final', 'find', 'forfeit', 'frankie', 'frosty', 'future', 'george', 'ghetto', 'gift', 'gimmick', 'girl', 'grammy', 'greenfield', 'greenwich', 'grill', 'grit', 'group', 'grow', 'guard', 'hair', 'hall', 'hall_fame', 'happy', 'harrison', 'head', 'hear', 'heart', 'heavy', 'heights', 'help', 'hendrix', 'hike', 'hit', 'hold', 'holiday', 'home', 'homeless', 'hot', 'house', 'husband', 'hynde', 'idea', 'include', 'independent', 'indian', 'induct', 'innocence', 'inspire', 'institute_technology', 'interview', 'irish', 'jagger', 'january', 'jason', 'jeff', 'jimi', 'job', 'jonathan', 'keith', 'kill', 'king', 'kissing', 'label', 'late_1980', 'lawsuit', 'lead', 'leg', 'let', 'life', 'little', 'longtime', 'look', 'love', 'lymon', 'macy', 'madness', 'major', 'makeup', 'man', 'manager', 'manhattan', 'marry', 'martin', 'mascara', 'material', 'mean', 'memoir', 'mend', 'mental_illness', 'mention', 'mick', 'million', 'miniskirts', 'misunderstood', 'model', 'mommy', 'money', 'moonlighting', 'murder', 'music', 'musician', 'nedra', 'need', 'new_york', 'new_york_times', 'nomination', 'old_sister', 'opposite_direction', 'outfit', 'overturn', 'party', 'passionate', 'pay_$', 'payment', 'phil', 'philles', 'piece', 'piled', 'play', 'pop', 'powerful', 'pretenders', 'prison', 'prisoner', 'producer', 'production', 'profit', 'puerto_rican', 'racial', 'rack', 'rain', 'reach', 'rebuild', 'receive', 'record', 'records', 'regular', 'rehab', 'relationship', 'relatives', 'release', 'rendition', 'reveal', 'richards', 'ride', 'right', 'rock', 'rock_roll', 'rolling', 'romance', 'ronette', 'ronettes', 'ronnie', 'royalty', 'santa', 'scorsese', 'section', 'seductive', 'segregated', 'sentence', 'sequence', 'serve', 'settlement', 'share', 'shirelles', 'shoe', 'sign', 'sing', 'singe', 'singer', 'singing', 'single', 'sister', 'skirt', 'sleigh', 'smart', 'snowman', 'solo', 'son', 'song', 'sound', 'spector', 'speech', 'squeeze', 'stage', 'stand', 'star', 'stars', 'statement', 'stifle', 'stones', 'street', 'streets', 'string', 'success', 'sue', 'suffer', 'summer', 'surround', 'survive', 'swell', 'talley', 'teen', 'teenagers', 'television', 'tell', 'testify', 'threaten', 'throwback', 'tight', 'time', 'title', 'tonight', 'touchstone', 'tour', 'transform', 'trial', 'trio', 'turn', 'ubiquitous', 'underground', 'veronica', 'virginal', 'vocal', 'voice', 'walk', 'wall', 'want', 'warm', 'washington', 'way', 'wednesday', 'wide', 'win_award', 'winehouse', 'woman', 'wound', 'write', 'year', 'young_woman', 'yvette']"
75,1514750373323579396,85,108,427,https://nyti.ms/3EuvF5L,2022-04-14 19:40:06-04:00,"[' ', '$', '$_1_billion', '$_200', '1,145', '15_billion', '20', '2018', '2020', '25_percent', '2_percent', '370', '43', '45.08', '54.20', '5_percent', '766', '90_percent', 'ability', 'able', 'accord', 'account', 'acquire', 'acquisition', 'add', 'adopt', 'advise', 'agreement', 'allege', 'amass', 'america', 'analyst', 'anticipated', 'appear', 'asset', 'b', 'balance_sheet', 'bank', 'bare', 'believe', 'benefit', 'berkenblit', 'bid', 'big', 'billion', 'billionaire', 'bit', 'board', 'bone', 'borrowing', 'bring', 'bullishness', 'buy', 'candidate', 'capital', 'carmaker', 'case', 'cash', 'catch', 'chief_executive', 'claim', 'close', 'clue', 'co_-', 'cobble', 'collateral', 'come', 'commission', 'company', 'compel', 'completion', 'complicate', 'conference_thursday', 'conflict', 'connection', 'consider', 'consideration', 'contemplate', 'contingent', 'contract', 'cornell_university', 'corporate', 'cost', 'cutting', 'deal', 'debt', 'december', 'decline_comment', 'defensive', 'deny', 'depend', 'deter', 'determine', 'director', 'disclose', 'disqualify', 'draw', 'drew', 'durban', 'early', 'egon', 'electric', 'eligible', 'elon', 'elon_musk', 'embrace', 'employ', 'entanglement', 'entity', 'executive', 'expensive', 'extraordinary', 'fail_disclose', 'fall', 'fifth', 'filing', 'finance', 'financial', 'financing', 'firm', 'flow', 'focus', 'fund', 'funding', 'gain', 'generate', 'great', 'happen', 'head', 'heft', 'help', 'hinder', 'history', 'holding', 'howard', 'intend', 'invest', 'investment', 'ire', 'join', 'jpmorgan', 'jpmorgan_chase', 'kind', 'know', 'large', 'large_scale', 'law_firm', 'lawyer', 'lean', 'lecturer', 'lend', 'length', 'likelihood', 'likely', 'limit', 'limit_ability', 'loan', 'maneuver', 'manner', 'market', 'matter', 'million', 'mislead', 'money', 'morgan_stanley', 'musk', 'nation', 'nature', 'need', 'negative', 'net_worth', 'north', 'offer', 'opportunity', 'option', 'partner', 'pascarella', 'pause', 'pay', 'peg', 'people', 'person', 'personality', 'plan', 'pledge', 'poison_pill', 'portion', 'possibility', 'possible', 'potential', 'price', 'private', 'private_equity', 'private_equity_firm', 'provide', 'pull', 'purchase', 'pursue', 'raise', 'reduce', 'regulator', 'reject', 'remain', 'require', 'rest', 'rich', 'rise', 'rope', 'scrutinize', 'secret', 'secure', 'securities_exchange', 'security', 'seek', 'senior', 'service', 'share', 'shareholder', 'sign', 'silver_lake', 'simple', 'sit', 'stake', 'steady', 'step', 'stock', 'sue', 'sufficient', 'sullivan', 'sum', 'takeover', 'target', 'team', 'technology', 'ted', 'tense', 'term', 'tesla', 'thursday_afternoon', 'tie', 'timely', 'trading', 'trait', 'try', 'tweet', 'twitter', 'twitter_post', 'unconventional', 'unlock', 'unpredictable', 'unwanted', 'use', 'violate', 'volatile', 'wall_street', 'want', 'ward', 'wealth', 'week', 'weigh', 'willingness', 'worcester', 'world', 'year', '’']"
76,1500790881695289347,191,70,613,https://nyti.ms/35VkRQT,2022-03-07 06:10:04-05:00,"[' ', '2013', '2015', '2016', '2018', 'abandon', 'add', 'adviser', 'agree', 'agreement', 'aleppo', 'allow_civilian', 'allow_civilian_evacuate', 'appear', 'area', 'arrival', 'believe', 'besiege', 'besiege_city', 'big_problem', 'bitter', 'black_sea', 'blame', 'break', 'bridge', 'bullet', 'buy', 'cease_fire', 'central_asia', 'city', 'city_mariupol', 'civilian', 'civilian_evacuate', 'clear', 'close_contact', 'coast', 'commander', 'comment', 'condition', 'conflict', 'corridor', 'council', 'country', 'create', 'crimea', 'cross', 'cut', 'cynical', 'day', 'deal', 'deprive', 'derail', 'desperate', 'destination', 'difficult', 'diplomat', 'dire', 'director', 'distract', 'drive', 'dynamic', 'easy', 'effort', 'egeland', 'electricity', 'enable', 'enemy', 'europe', 'evacuate', 'evacuation', 'experience', 'face', 'facilitate', 'fail', 'failure', 'fall', 'far', 'feel_safe', 'fight', 'fighting', 'flee', 'food_heat', 'force', 'general', 'government', 'help', 'help_explain', 'horrific', 'hospital', 'hostile', 'humanitarian', 'include', 'international_committee_red', 'interview', 'jan', 'key', 'kyiv', 'land', 'lead', 'leader', 'leave', 'litter', 'local', 'mariupol', 'martin', 'medicine', 'mistrust', 'monday', 'negotiate', 'norwegian', 'objective', 'observe', 'opposite', 'ordinance', 'organization', 'party', 'people', 'play', 'ploy', 'political', 'president_volodymyr_zelensky_ukraine', 'proposal', 'reach_agreement', 'refugee', 'regional', 'regular', 'reject', 'resident', 'risk', 'road', 'run', 'russia', 'russian', 'russian_force', 'russians', 'safe_passage', 'saturday', 'schüepp', 'sea_azov', 'secretary_general', 'shell', 'shelter', 'similar', 'single', 'sniper', 'solid', 'spoiler', 'stick', 'stop', 'strategic_port', 'struggle', 'sunday', 'supply', 'syria', 'town', 'try', 'ukraine', 'unexploded', 'united_nations', 'violent', 'vital', 'war', 'zaporizhzhia']"
77,1514000461044531200,37,20,300,https://nyti.ms/3jugz6n,2022-04-12 18:00:13-04:00,"['$_3', '100', '10_minute', '11', '14', '15', '15_minute', '15_year', '18_month', '18th_century', '1960', '1965', '2002', '2007', '2008', '2010', '2014', '2015', '2016', '24', '26', '30', '300', '33', '45_minute', '47', '5', '50', '5_year_old', '6_year_old', '8)', 'abandon', 'abc', 'ability', 'able', 'abscessed', 'absent', 'absolute', 'absurd', 'abuse', 'academic', 'academy', 'accept', 'accountable', 'achievement', 'act', 'acting', 'actor', 'actress', 'adaptation', 'addict', 'admit', 'adopt', 'adriane', 'advice', 'afford', 'afraid', 'africa', 'african_american', 'african_americans', 'africans', 'afro', 'afternoon', 'agent', 'agree', 'aibileen', 'air', 'alan', 'alice', 'alive', 'allow', 'amend', 'analytical', 'anchor', 'anger', 'annalise', 'answer', 'anti_-', 'antwone', 'anxiety', 'apology', 'appear', 'applause', 'application', 'apply', 'approach', 'april', 'argue', 'aristocratic', 'arm', 'army', 'arrive', 'art', 'article', 'artist', 'artistic', 'ascent', 'ask', 'ask_question', 'aspect', 'ass', 'athlete', 'audience', 'audition', 'audra', 'august', 'authenticity', 'author', 'autobiography', 'award', 'award_nomination', 'awards', 'ayyyeee”s', 'baby', 'bad', 'bailey', 'bait', 'bali', 'bam', 'bandeau', 'bantu', 'barge', 'base', 'bat', 'bathroom', 'battle', 'bear', 'beat', 'beating', 'beautiful', 'beauty', 'bed', 'bedsheet', 'begin', 'beginning', 'believe', 'bernstein', 'berth', 'big', 'binge', 'biography', 'biopic', 'birth', 'bit', 'bite', 'black', 'black_americans', 'black_female', 'black_man', 'black_woman', 'blackness', 'blanket', 'bleed', 'blind', 'blood', 'blow', 'bob', 'bona_fide', 'book', 'bound', 'boy', 'boyfriend', 'braid', 'braveheart', 'break', 'breathe', 'brick', 'brits', 'broad', 'broadway', 'broken', 'brown', 'brown-', 'bruise', 'brutal', 'burden', 'burst', 'bus', 'business', 'bust', 'butterfly', 'bythewood', 'camera', 'cantankerous', 'cape', 'cape_town', 'car', 'car_drive', 'care', 'career', 'careful', 'carl', 'carry', 'case', 'cast', 'castmate', 'catch', 'cater', 'caterpillar', 'cause', 'caution', 'celebrate', 'celebrity', 'central', 'ceremony', 'certificate', 'chair', 'challenge', 'change', 'chapter', 'character', 'chase', 'cheat', 'cheer', 'chekhov', 'chick', 'child', 'childhood', 'chinese', 'choice', 'choose', 'cicely', 'circle', 'claim', 'clark', 'clasp', 'classical', 'classism', 'classmate', 'clean', 'clear', 'close', 'clothe', 'co_-_star', 'coach', 'coat', 'college', 'color', 'colorism', 'come', 'comfort', 'comics', 'command', 'company', 'compare', 'comparison', 'compel', 'competition', 'complicated', 'concrete', 'condition', 'confinement', 'confront', 'confrontation', 'congregate', 'connect', 'connection', 'consciousness', 'conservatory', 'consider', 'contemporary', 'contest', 'continue', 'conversation', 'cop', 'cord', 'correlate', 'corset', 'country', 'course', 'crack', 'crave', 'cream', 'creator', 'crest', 'crew_member', 'criticism', 'croc', 'crown', 'crucial', 'cry', 'crying', 'cuff', 'cultural', 'cup', 'cup_tea', 'curl', 'curly', 'curse', 'cut', 'd.c.', 'dad', 'dahomey', 'dan', 'dance', 'dancer', 'dare', 'dark', 'dark_skin', 'dark_skinned', 'daughter', 'davis', 'day', 'deal', 'death', 'debut', 'decide', 'decision', 'deep', 'deepness', 'define', 'dehumanization', 'delicious', 'demand', 'deny', 'denzel_washington', 'departure', 'depth', 'dershowitz', 'descend', 'describe', 'desire', 'desk', 'devastate', 'develop', 'device', 'dianne', 'diaspora', 'diasporic', 'die', 'difference', 'different', 'differentiate', 'difficult', 'dimension', 'direct', 'director', 'disappear', 'disappointment', 'discernible', 'discovery', 'discussion', 'disgusting', 'display', 'distance', 'distant', 'disturb', 'disturbed', 'diva', 'divorce', 'docile', 'dodge', 'dodged', 'dog', 'doll', 'door', 'doubt', 'dozen', 'drag', 'drama', 'dramatic', 'draw', 'dream', 'dress', 'drinking', 'drip', 'driver', 'drop', 'droplet', 'drug', 'drug_dealer', 'drugstore', 'drum', 'drummer', 'dry', 'duck', 'eager', 'earl', 'early', 'earn', 'easy', 'eat', 'eavesdropping', 'ebert', 'edge', 'edifying', 'eld', 'elicit', 'email', 'embody', 'embrace', 'eminent', 'emmy', 'emote', 'emotion', 'emotional', 'empathetic', 'encapsulate', 'encourage', 'end', 'endeavor', 'enjoyable', 'enrol', 'enter', 'enthusiastic', 'entrenched', 'epic', 'episode', 'equal', 'escort', 'essay', 'eternity', 'euphoria', 'eurocentric', 'evening', 'everyman', 'ex_-', 'exaggeration', 'example', 'expect', 'explain', 'extend', 'extension', 'extensive', 'extra', 'extraordinary', 'eye', 'eyebrow', 'fabric', 'face', 'fact', 'faculty', 'fade', 'faint', 'fall', 'fall_asleep', 'fallopian', 'falls', 'familiar', 'familiarity', 'family', 'famous', 'fan', 'father', 'faucet', 'favorite', 'fear', 'fearful', 'fearless', 'feature', 'february', 'feel', 'feel_uncomfortable', 'feeling', 'fellow', 'female', 'fence', 'fertility', 'feud', 'fibroid', 'fiction', 'fight', 'fighter', 'figure', 'fill', 'film', 'film_critic', 'filming', 'final', 'finale', 'find', 'finesse', 'finish', 'fisher', 'fit', 'fixation', 'flatten', 'flaw', 'flick', 'flight', 'float', 'floor', 'flower', 'flummoxed', 'flush', 'fly', 'focus', 'folklore', 'follow', 'foot', 'force', 'fordham', 'forearm', 'forehead', 'foreign', 'forget', 'fourth', 'franchise', 'fray', 'friend', 'froze', 'fucking', 'function', 'fury', 'futon', 'gain', 'gambia', 'game', 'gamut', 'garner', 'gas', 'gay', 'general', 'generate', 'generation', 'genesis', 'genius', 'genre', 'gift', 'gimmick', 'gina', 'girlfriend', 'glamorous', 'glass', 'glossing', 'god', 'golden', 'good', 'good_actress', 'good_friend', 'good_news', 'goodbye', 'goofy', 'grade', 'graduation', 'grandparent', 'gravita', 'great', 'greatness', 'greet', 'greeting', 'grief', 'grind', 'grip', 'groomer', 'ground', 'group', 'grow', 'guard', 'guild', 'guilt', 'guitars', 'habit', 'hair', 'hand', 'handsome', 'hang', 'hard', 'hbo', 'head', 'heal', 'healer', 'health_insurance', 'hear', 'heart', 'heart_break', 'heat', 'hell', 'hello', 'help', 'henson', 'hero', 'heroine', 'high_school_student', 'hike', 'hip', 'hire', 'historical', 'history', 'hold', 'hollywood', 'home', 'hometown', 'homophobic', 'honest', 'horizon', 'horse', 'host', 'hot_water', 'hour', 'house', 'howl', 'hug', 'human', 'humanity', 'hurston', 'husband', 'hygiene', 'hysterectomy', 'idea', 'identify', 'ignore', 'image', 'imagination', 'imaginative', 'imagine', 'imperfection', 'important', 'incense', 'include', 'industry', 'inhabit', 'injustice', 'inner', 'inspiration', 'inspire', 'insult', 'intensive', 'intention', 'interested', 'interesting', 'internet', 'interpret', 'intervene', 'interview', 'intuit', 'investigative', 'invisible', 'invite', 'issue', 'jackson_miss.', 'jamaicans', 'james', 'jane', 'janitor', 'job', 'john', 'join', 'jones', 'journalism', 'joy', 'juilliard', 'julius', 'jump', 'jumpsuit', 'jut', 'juvee', 'keating', 'kerry', 'key', 'kick', 'kid', 'kill', 'king', 'kingdom', 'knee', 'knot', 'know', 'knowledge', 'labor', 'lack', 'lady', 'land', 'lash', 'late_night', 'lathan', 'laugh', 'laughter', 'lawyer', 'lead', 'leak', 'learn', 'leather', 'leave', 'leg', 'lenox', 'let', 'life', 'lift', 'light', 'likable', 'like', 'liken', 'lime', 'limit', 'limited', 'linen', 'lip', 'listen', 'little_girl', 'live', 'local', 'location', 'lockdown', 'long', 'long_time', 'look', 'lorraine', 'los_angeles', 'lose', 'loss', 'lot', 'love', 'lover', 'low_income', 'ma', 'mae', 'maid', 'main', 'maintain', 'makeup', 'male_female', 'man', 'manana', 'mandinka', 'march', 'mark', 'marriage', 'married', 'master', 'match', 'material', 'matter', 'maxson', 'mcdonald', 'mean', 'measure', 'meaty', 'meet', 'meeting', 'melt', 'member', 'memoir', 'memorable', 'memory', 'meryl_streep', 'mess', 'message', 'method', 'miami', 'michelle', 'middle', 'mill', 'miller', 'mind', 'minor', 'minute', 'misogyny', 'miss', 'mistreatment', 'misunderstood', 'mom', 'moment', 'money', 'monologue', 'month', 'morning', 'mother', 'movement', 'movie', 'mucus', 'multiple', 'murder', 'music_dance', 'myomectomy', 'myriad', 'myth', 'mythologize', 'nanisca', 'national', 'neale', 'necessary', 'neck', 'necklace', 'need', 'network', 'neuter', 'new', 'new_york', 'newspaper', 'nice', 'nigger', 'night', 'nominate', 'nominate_good', 'nominate_oscar', 'nomination', 'nonpretty', 'norm', 'nose', 'nosed', 'nowalk', 'obama', 'objective', 'observe', 'obsess', 'obstacle', 'ocean', 'offer', 'oh', 'okonedo', 'old', 'old_boy', 'old_sister', 'onscreen', 'opaque', 'open', 'operation', 'oppression', 'oppressive', 'oprah', 'orange', 'order', 'ordinary', 'oscar', 'oscar_nomination', 'outlet', 'overcorrection', 'overhear', 'overtake', 'p.', 'page', 'pain', 'paint', 'panther', 'paper_bag', 'parent', 'participate', 'pass', 'past', 'patrick', 'pave_way', 'pay', 'peed', 'pencil', 'people', 'perch', 'perfect', 'perform', 'performance', 'performer', 'person', 'personhood', 'peter', 'phone', 'phumzile', 'picture', 'piece', 'pilot', 'pin', 'pitch', 'pittman', 'plank', 'plantation', 'play', 'plead', 'plunge', 'plush', 'pocket', 'poise', 'polyrhythm', 'ponder', 'pool', 'poor', 'portray', 'portuguese', 'posit', 'position', 'positive', 'possibility', 'pound', 'powdered', 'power', 'powerful', 'praise', 'pre_-', 'precipice', 'precise', 'prehistoric', 'premiere', 'premium', 'preparation', 'presence', 'pressure', 'prestige', 'priest', 'prime_time', 'prince', 'principal', 'print', 'prism', 'private', 'prize', 'problem', 'process', 'product', 'production', 'productions', 'professional', 'professor', 'program', 'progressive', 'project', 'promising', 'protect', 'public', 'publicist', 'publish', 'pull', 'punch', 'pure', 'purple', 'purpose', 'pursue', 'push', 'question', 'r.i.', 'race', 'racial', 'racism', 'rack', 'rainey', 'raise', 'raise_hand', 'raisin', 'range', 'rare', 'rat', 'ravenous', 'rawlings', 'reach', 'react', 'read', 'real', 'real_life', 'realistic', 'realize', 'reason', 'recall', 'receive', 'recliner', 'recognition', 'recognize', 'recommend', 'recur', 'reflect', 'regard', 'regular', 'rehearsal', 'relationship', 'release', 'relegate', 'relevant', 'relief', 'reluctant', 'rely', 'remain', 'remember', 'remove', 'reply', 'reporter', 'representation', 'reproductive', 'request', 'require', 'rescue', 'research', 'resemble', 'resign', 'respect', 'response', 'rest', 'rest_life', 'restaurant', 'restrictive', 'return', 'reunion', 'reunite', 'revelation', 'revenge', 'rhimes', 'rhode_island', 'rice', 'ringleader', 'rise', 'robe', 'rock', 'roger', 'role', 'roll', 'romantic', 'room', 'root', 'rope', 'rose', 'routine', 'rub', 'run', 'runaway', 'safe', 'sanaa', 'saturate', 'save', 'savior', 'scar', 'scene', 'scholarship', 'school', 'scream', 'screen', 'screen_actors', 'script', 'sea', 'search', 'season', 'seat', 'second', 'secondary', 'secret', 'section', 'secure', 'seek', 'send', 'sense', 'sensuality', 'sentience', 'series', 'set', 'settle', 'seven', 'sexual_abuse', 'sexy', 'shackle', 'shade', 'shake', 'shame', 'shameful', 'shanley', 'shape', 'shard', 'share', 'sharecropper', 'shark', 'sharp', 'shift', 'shock', 'shoe', 'shonda', 'shondaland', 'short', 'shorthand', 'shot', 'shower', 'showtime', 'sibling', 'sidekick', 'sideline', 'signal', 'significance', 'similar', 'simple', 'singe', 'singer', 'singing', 'single', 'sister', 'sit', 'situation', 'skill', 'skin', 'skinny', 'skirt', 'skit', 'sleep', 'slice', 'slow', 'slur', 'small', 'smash', 'smell', 'smile', 'smirking', 'smith', 'sneak', 'snot', 'snotte', 'snow', 'soap', 'soapy', 'sob', 'socialite', 'sociopath', 'softball', 'somebody', 'son', 'sophie', 'sort', 'soul', 'south', 'south_africans', 'south_carolina', 'space', 'spatter', 'speak', 'spectacular', 'speech', 'spend', 'spirit', 'spiritual', 'sprawling', 'spread', 'spring_2020', 'squad', 'square', 'squeeze', 'stab', 'stance', 'stand', 'star', 'stardom', 'start', 'stash', 'stave', 'stay', 'steady', 'step', 'stepping', 'stereotype', 'stick', 'stomach', 'stone', 'stop', 'story', 'strategy', 'stream', 'street', 'stroke', 'strong', 'struggle', 'student', 'student_loan', 'studio', 'study', 'stuff', 'stymie', 'subject', 'substantial', 'subsume', 'success', 'successful', 'suicide', 'summer', 'summit', 'sun', 'support', 'suppose', 'sure', 'surface', 'surgeon', 'surmise', 'surprise', 'surprised', 'survive', 'survivor', 'susie', 'swear', 'sweet', 'swing', 'talent', 'talente', 'talk', 'taraji', 'taunt', 'teacher', 'tear', 'teardrop', 'technical', 'technique', 'teenager', 'television', 'tell', 'tell_story', 'temple', 'tennon', 'terrify', 'terrifying', 'texas', 'theater', 'therapist', 'therapy', 'thick', 'thin', 'thing', 'think', 'thought', 'thousand_dollar', 'thrash', 'threat', 'throw', 'tie', 'tight', 'time', 'title', 'toilet', 'tombstone', 'tone', 'tony', 'tooth', 'torment', 'tortured', 'touch', 'tough', 'tour', 'toussaint', 'town', 'track', 'tragedy', 'train', 'training', 'transform', 'transport', 'trap', 'trauma', 'traumatic', 'tribe', 'tribulation', 'triple', 'tropical', 'troupe', 'true', 'trust', 'truth', 'truthful', 'try', 'tube', 'turn', 'tv', 'twilight', 'twist', 'tyson', 'uber', 'ugly', 'unambiguous', 'unbridled', 'unchanged', 'underpaid', 'understand', 'undignified', 'undisturbed', 'uninspired', 'uninterrupted', 'university', 'unload', 'unmemorable', 'unnerving', 'uplift', 'upper', 'upward', 'urine', 'use', 'uterine', 'uterus', 'validated', 'value', 'vanity', 'vast', 'vein', 'vera', 'verdean', 'veronica', 'version', 'vessel', 'vibe', 'victory', 'viola', 'visit', 'vulnerability', 'wait', 'wake', 'wander', 'want', 'warrior', 'wash', 'washington', 'watch', 'wave', 'way', 'wear', 'week', 'weep', 'wept', 'west', 'west_africa', 'wet', 'whisper', 'whisperer', 'white', 'whiteness', 'wide', 'widow', 'wife', 'wig', 'willed', 'wilson', 'win', 'win_oscar', 'wind', 'window', 'wing', 'winter', 'witness', 'woman', 'wonder', 'wood', 'woodward', 'word', 'work', 'working', 'world', 'wounding', 'wrap', 'wrench', 'wrestling', 'write', 'write_memoir', 'writer', 'wrong', 'xhosa', 'year', 'yell', 'yes', 'yo', 'young', 'zendaya', 'zora', '\u2009', '’', '’_impossible']"
78,1497604889756717061,699,284,5835,https://nyti.ms/3M8HUYP,2022-02-26 11:10:04-05:00,"['1,800', 'add', 'advantage', 'appeal', 'appear', 'area', 'armored_vehicle', 'arrest', 'artillery', 'ask', 'assistance', 'attack', 'bank', 'beseech', 'blockade', 'business', 'camera', 'capital', 'child', 'city', 'civilian', 'come', 'continued', 'control', 'country', 'defend', 'defense', 'demonstration', 'deserve', 'destroy', 'die', 'district', 'dramatic', 'drone', 'end', 'enemy', 'energy', 'european_union', 'facility', 'fight', 'fighter', 'fighting_continue', 'financial', 'friend', 'furnish', 'future', 'gain', 'global', 'government', 'hit_residential', 'invade', 'invasion_ukraine', 'jet', 'join', 'key', 'kill', 'know', 'kyiv', 'land', 'landing', 'late', 'lay_siege', 'lie', 'life', 'live', 'local', 'loss', 'member', 'mess', 'military', 'missile', 'need', 'noon', 'occupier', 'offer', 'official', 'oppose', 'outgunne', 'outman', 'peace', 'people', 'plan', 'power', 'praise', 'presence', 'president', 'prevent', 'prisoner', 'progress', 'proof', 'protect', 'protest', 'puppet', 'release', 'remember', 'repel_enemy', 'response', 'return', 'right', 'russian', 'russian_soldier', 'russian_troop', 'russians', 'saboteur', 'sanction', 'saturday', 'seat', 'send', 'set', 'slap', 'speech', 'state', 'stop', 'support', 'survive', 'switch', 'tactic', 'tell', 'thank', 'thing', 'thousand', 'thursday', 'time', 'try', 'ukraine', 'ukrainian', 'ukrainian_army', 'ukrainians', 'understand', 'urge', 'use', 'victim', 'video', 'video_post', 'vile', 'volodymyr_zelensky', 'want', 'war', 'weapon', 'western', 'withstand', 'world', 'zelensky']"
79,1499937760383324163,331,243,1293,https://nyti.ms/35RibmZ,2022-03-04 21:40:04-05:00,"['20', '22,000', 'additional', 'address', 'air', 'airspace', 'alliance', 'announce', 'arm', 'bombardment', 'border', 'brussels', 'cause', 'celebrate', 'church', 'civilian', 'clear', 'conflict', 'country', 'create', 'criticize', 'day', 'decision', 'deploy', 'deterrence', 'die', 'disunity', 'enhance', 'europe', 'european_leader', 'european_union', 'fear', 'fighter', 'financial_system', 'fledge', 'fly_zone', 'force', 'friday', 'friday_night', 'funnel', 'general_jens', 'green_light', 'ground', 'hour', 'human_suffering', 'interfere', 'intervene', 'invasion', 'involve', 'land', 'large', 'late', 'lead', 'leader', 'lose', 'major', 'meet', 'member', 'military', 'military_equipment', 'month', 'nato', 'nato_ally', 'nato_european', 'nato_secretary', 'night', 'people', 'plane', 'possibility', 'president_vladimir_v._putin', 'president_volodymyr_zelensky_ukraine', 'prevent', 'provide', 'rally', 'reassure', 'reject', 'rejection', 'release', 'require', 'residential_area', 'resist', 'responsibility', 'russia', 'russia_belarus', 'russian', 'russian_force', 'russian_troop', 'sanction_impose', 'school', 'share', 'shell', 'shoot', 'social_medium', 'speak', 'speech', 'spill', 'state', 'stoltenberg', 'summit', 'support', 'troop', 'try', 'ukraine', 'ukrainian', 'ukrainian_official', 'ukrainians', 'union', 'united_states', 'use', 'video', 'war', 'war_escalate', 'warn', 'weak', 'weakness', 'worry', 'zelensky']"
80,1483435275858628609,29,49,156,https://nyti.ms/326IHr4,2022-01-18 08:45:05-05:00,"['15', '2020', 'abc', 'able', 'access', 'act', 'advancement', 'advantage', 'agenda', 'agreeable', 'allow', 'alter', 'announce', 'approval', 'argue', 'arizona', 'attempt', 'automatic', 'avoid', 'ballot', 'begin', 'biden', 'biden_administration', 'bill', 'bill_pass', 'birmingham', 'black_americans', 'block', 'bring', 'california', 'cancel', 'cast', 'cbs', 'certain', 'change', 'change_mind', 'circumstance', 'civil_right', 'climate', 'clyburn', 'combine', 'come', 'congress', 'congressional', 'consecutive_day', 'contain', 'conundrum', 'convenient', 'counteract', 'country', 'critical', 'custom', 'dance', 'day', 'debate', 'december', 'decide', 'declare', 'defection', 'deliver', 'democracy', 'democrat', 'democrat_virginia', 'democratic', 'democrats', 'describe', 'die', 'discrimination', 'dishonor', 'doom', 'dr.', 'e.', 'early', 'effort', 'eld_son', 'election', 'enact', 'entreaty', 'establish', 'excuse', 'exercise', 'exist', 'existential_threat', 'face', 'failed', 'failure', 'family', 'father', 'federal', 'federal_court', 'filibuster', 'final', 'floor', 'fold', 'force', 'forge', 'freedom', 'fresh', 'fury', 'great', 'high_profile', 'history', 'holiday', 'honor', 'hope', 'hour', 'house', 'icon', 'iii', 'important', 'inappropriate', 'include', 'initial', 'intend', 'intervention', 'invoke', 'irk', 'issue', 'jail', 'james', 'john_lewis', 'jurisdiction', 'justice_department', 'kaine', 'key', 'king', 'king_jr.', 'kyrsten_sinema', 'lack', 'landmark', 'legislation', 'lengthen', 'letter', 'lobby', 'look', 'mail', 'majority', 'majority_leader', 'manchin', 'manchin_iii', 'mandate', 'martin_luther', 'measure', 'member', 'method', 'minimum', 'minority', 'moderate', 'moment', 'monday', 'month', 'muscle', 'nation', 'national', 'nationwide', 'need', 'new', 'new_york', 'news_conference', 'old', 'operation', 'oppose', 'opposition', 'partisan', 'party', 'pass', 'pass_legislation', 'path', 'people', 'piece', 'plan', 'policy', 'pose', 'position', 'possible', 'preclearance', 'president', 'president_biden', 'press', 'prior', 'proceed', 'program', 'proposal', 'protect', 'protection', 'provision', 'push', 'rank', 'recess', 'record', 'reflect', 'reiterate', 'remarkable', 'remedy', 'representative', 'republican', 'republicans', 'request', 'require', 'restore', 'restriction', 'rev.', 'right', 'rule', 'ruling', 'sanguine', 'schedule', 'schumer', 'second', 'senate', 'senate_democrats', 'senate_floor', 'senate_rule', 'senator', 'senator_chuck', 'senator_joe', 'senator_tim', 'senators', 'send', 'separate', 'setback', 'simple', 'sinema', 'slate', 'social', 'song', 'south_carolina', 'speak', 'speaker_nancy_pelosi', 'speech', 'speech_declare', 'stake', 'standard', 'state', 'strategy', 'stride', 'stumble', 'suggest', 'sunday', 'support', 'supreme_court', 'surround', 'sweep', 'tart', 'tell', 'think', 'threaten', 'thursday', 'time', 'tuesday', 'unanimous', 'undercut', 'undermine', 'unfair', 'unrelated', 'unwavere', 'use', 'vote', 'voter', 'voter_registration', 'voting', 'voting_right', 'voting_rights', 'voting_rights_act', 'wait', 'wall', 'want', 'washington', 'wave', 'weaken', 'week', 'west_virginia', 'whip', 'white', 'win', 'write', 'year', '’']"
81,1490837826602254341,29,60,97,https://nyti.ms/3uFbm2e,2022-02-07 19:00:10-05:00,"['$', '-_election', '10', '1984', '2021', '2022', '40_percent', '434,312', '50', '52_percent', '60_percent', '81', 'abuse', 'academia', 'academic', 'accuse', 'ad', 'add', 'advance', 'advertisement', 'advertising', 'advice', 'advise', 'adviser', 'affiliation', 'agenda', 'agree', 'aids', 'aim', 'akin', 'alienate', 'allergy', 'allow', 'american', 'americans', 'amplify', 'andy', 'annual', 'anti', 'anti_-', 'appearance', 'approach', 'approval_rating', 'april_2020', 'argue', 'arrive', 'ashish', 'ask', 'assert', 'attack', 'attention', 'author', 'avoid', 'ayres', 'backfire', 'bad', 'ballot', 'ban', 'base', 'bastion', 'bates', 'beach', 'bed', 'bid', 'biden', 'big', 'blame', 'bond', 'boogeyman', 'brand', 'brandish', 'breath', 'brewing', 'bring', 'brooklyn', 'brutal', 'business_owner', 'calling', 'campaign', 'candidate', 'career', 'case', 'catch', 'celebrity', 'centrist', 'century', 'chairman', 'chairwoman', 'channel', 'chapter', 'charge', 'chief_justice', 'child', 'china', 'cite', 'claim', 'clash', 'cock', 'code', 'coin', 'columbus', 'columbus_ohio', 'come', 'comment', 'commentator', 'committee', 'common', 'company', 'compare', 'compensate', 'confuse', 'congress', 'congressional', 'conservative', 'contend', 'contest', 'contractor', 'control', 'convene', 'cool', 'coronavirus', 'correct', 'country', 'county', 'covid', 'covid-19', 'covid_vaccine', 'credential', 'crisis', 'criterion', 'critic', 'crowded', 'dean_brown', 'death', 'debate', 'declare', 'deep', 'degree', 'demand', 'democrat', 'democrats', 'demonize', 'desantis', 'detail', 'detractor', 'develop', 'dictate', 'diner', 'director_national', 'disaster', 'display', 'dispute', 'doctor', 'dr.', 'dr._anthony_s._fauci', 'dr._fauci', 'dr._oz', 'draw', 'dress', 'drug', 'earn', 'ebola', 'echo', 'economy', 'elegy', 'elite', 'employee', 'end', 'endorsement', 'engage', 'enjoy', 'enter', 'establishment', 'ethic', 'evidence', 'exchange', 'exclaim', 'expect', 'experiment', 'expert', 'expertise', 'exploit', 'face', 'facebook_twitter', 'falsehood', 'family', 'fan', 'fauci', 'faucism', 'fault', 'fear', 'federal', 'federal_reserve', 'feehery', 'feel', 'fervor', 'fighter', 'figure', 'finance', 'financial', 'financial_disclosure', 'find', 'fire', 'firefighter', 'flip', 'flops', 'florida', 'focus', 'form', 'fox_news', 'franklin', 'fraud', 'freedom', 'friend', 'frustration', 'fuel', 'function', 'fund', 'fund_raise', 'gain', 'gallup', 'gear', 'general_election', 'george', 'god', 'good', 'gov._ron', 'government', 'governor', 'graduate', 'graphic', 'grill', 'grip', 'guard', 'gun', 'h.w._bush', 'harass', 'harvard', 'health_care', 'hear', 'hearing', 'help', 'hero', 'hesitation', 'high', 'high_risk', 'hillbilly', 'history', 'hold', 'holocaust', 'home', 'hostile', 'house', 'hunt', 'idea', 'immigration', 'immunologist', 'important', 'impossible', 'include', 'industry', 'infectious', 'infectious_disease', 'influence', 'institute', 'institution', 'intellectual', 'intensify', 'internet', 'interview', 'investigate', 'investigation', 'investment', 'irk', 'j.d.', 'jane', 'jarring', 'jerome_h.', 'jha', 'jim', 'job', 'joe_rogan', 'john', 'john_g.', 'jordan', 'josef', 'josh', 'july', 'k.', 'kansas', 'kasich', 'kevin', 'kick', 'know', 'lab', 'law', 'lawmaker', 'lawyer', 'lead', 'leader', 'leak', 'liar', 'lie', 'lisadiana', 'list', 'local', 'lockdown', 'look', 'lose', 'low_profile', 'malone', 'man', 'mandate', 'mandel', 'marshall', 'mask', 'matthews', 'medical', 'medium', 'meet', 'meeting', 'mehmet', 'memoir', 'mengele', 'message', 'microphone', 'midterm_election', 'mighty', 'mike', 'misinformation', 'mistrust', 'mold', 'moment', 'month', 'moron', 'mutter', 'mutual', 'nation', 'national_institutes_health', 'nazi', 'nbc_news', 'nebraska', 'need', 'new', 'nicholson', 'nomination', 'november', 'nuance', 'nuremberg', 'obstetrician', 'obvious', 'official', 'ohio', 'onetime', 'open', 'ophthalmologist', 'outsider', 'outsize', 'oz', 'pale', 'pandemic', 'parent', 'parrot', 'party', 'paul', 'pay', 'pennsylvania', 'people', 'perpetual', 'person', 'personal_life', 'petty', 'pharma', 'pharmaceutical', 'pile', 'pillen', 'placard', 'plan', 'play', 'podcaster', 'polarizing', 'political', 'poll', 'populism', 'populist', 'portman', 'possibility', 'post', 'pound', 'powell', 'president', 'president_biden', 'president_donald_j._trump', 'president_george', 'primary', 'private_sector', 'produce', 'promise', 'prompt', 'prosecutor', 'provision', 'provocateur', 'public', 'public_health', 'publisher', 'punch', 'push', 'pushback', 'race', 'rail', 'rally', 'rand', 'real', 'receive', 'recent', 'refer', 'regard', 'regret', 'release', 'remain', 'remark', 'remodeling', 'representative_jim', 'representative_marjorie', 'republican', 'republican_kentucky', 'republican_party', 'republican_primary', 'republican_senator', 'republicans', 'research', 'resentful', 'resentment', 'reserve', 'respondent', 'response', 'result', 'retire', 'retired', 'retirement', 'rev', 'reveal', 'rhetoric', 'ridiculous', 'right', 'right_wing', 'rob', 'robert', 'roberts_jr.', 'roger', 'root', 'run', 'salary', 'sand', 'sandal', 'schism', 'school', 'school_public_health', 'science', 'scientist', 'scored', 'scream', 'seat', 'security', 'sell', 'senate', 'senator', 'sense', 'sentiment', 'set', 'shenanigan', 'shift', 'shoot', 'sign', 'smart', 'span', 'speaker_nancy_pelosi', 'speculation', 'split', 'spot', 'spread', 'standing', 'start', 'state', 'step', 'strategist', 'strategy', 'strident', 'strong', 'struggle', 'study', 'subject', 'suffer', 'suggest', 'supplant', 'swing_state', 'symbol', 'table', 'tap', 'taylor_greene', 'televise', 'television', 'tell', 'tension', 'term', 'thing', 'think', 'threat', 'threaten', 'throw', 'timken', 'tired', 'title', 'toddler', 'toll', 'tommy', 'trace', 'track', 'treasurer', 'true', 'trump', 'trust', 'trusted', 'truth', 'try', 'tv', 'twitter', 'tyrant', 'unethical', 'university', 'unvaccinated', 'urge', 'vaccinate', 'vaccination_status', 'vaccine_mandate', 'vance', 'venerated', 'view', 'violate', 'virus', 'voice', 'vote', 'voter', 'vow', 'want', 'war', 'washington', 'watkinson', 'way', 'weary', 'webpage', 'week', 'western', 'whit', 'white_house', 'win', 'wing', 'wisconsin', 'wolf', 'work', 'worker', 'world', 'worried', 'wuhan', 'yale', 'year', 'year_old', '’']"
82,1503094847200243718,3,4,47,https://nyti.ms/35N4iqC,2022-03-13 15:45:12-04:00,"[' ', '  ', '#', '$', '+', '-', '._1', '/', '/_illustration', '/_photographs', '03', '1', '1.5_billion', '10', '100', '100.read', '10_12', '10_day', '10_minute', '11', '12', '13', '130,000', '1492', '15th', '16', '16_year_old', '17', '17_year_old', '19', '1945', '1956', '1962', '1963', '1964', '1965', '1970', '1974', '1975', '1976', '1978', '1979', '1980', '1980s', '1981', '1983', '1988', '1989', '1990', '1990s', '1991', '1995', '1998', '1999', '2', '2,000', '2.5_million', '2.9', '20', '200', '2000', '2000s', '2003', '2004', '2005', '2007', '2010', '2011', '2012', '2013', '2014', '2015', '2016', '2017', '2018', '2018.the', '2019', '2020', '2021', '2022', '20_percent', '20_year', '20_year_old', '21', '21.”read', '21st_century', '22', '24', '25', '27', '28', '29', '3', '30', '30_year', '31', '32', '33', '37', '39', '4.33', '40', '4000', '40_year', '411', '419', '4_year_old', '5', '500', '50_million', '51', '53', '54', '6,000', '70', '72', '750', '80', '80_percent', '9', '90_percent', '@mitskileaks', '[', 'abandon', 'abba', 'abdurraqib', 'abide', 'abject', 'able', 'abortion', 'abound', 'abraham_lincoln', 'absence', 'absent', 'absolute', 'absorb', 'abstraction', 'absurd', 'abuse', 'academy_award', 'accelerated', 'accent', 'acceptable', 'acceptance', 'access', 'accessible', 'accessory', 'accident', 'acclaim', 'accompaniment', 'accompany', 'accomplice', 'account', 'accrue', 'accumulate', 'accuse', 'accustom', 'ace', 'ache', 'achieve', 'acknowledge', 'acknowledgment', 'acoustic', 'acquaintance', 'act', 'action', 'activist', 'actor', 'actual', 'ad', 'adapt', 'adaptive', 'add', 'addition', 'address', 'addressee', 'addy', 'adele', 'adjacent', 'adjudicate', 'adlan', 'administrative', 'admire', 'admit', 'adolescent', 'adult', 'adulthood', 'advance', 'advanced', 'adventure', 'adversary', 'advice', 'advocate', 'aestheticize', 'affair', 'affect', 'affiliated', 'affirm', 'affirmation', 'affirmative', 'afford', 'aficionado', 'afraid', 'afresh', 'africa', 'african', 'african_american', 'afro', 'afrobeat', 'afterglow', 'afterlife', 'aftermath', 'afternoon', 'age', 'aggy', 'agitated', 'agnetha', 'agnostic', 'agony', 'agosto', 'agriculture', 'aguardiente', 'ai', 'aid', 'ail', 'aim', 'air', 'airport', 'airy', 'akademiks', 'akin', 'akira', 'alacrity', 'aladdin', 'albans', 'album', 'album_chart', 'alert', 'alex', 'alexandra', 'algeresque', 'algeria', 'algerian', 'algorithmic', 'alias', 'alien', 'alienate', 'align', 'alive', 'allergic', 'alley', 'alliteration', 'allow', 'allure', 'allusiveness', 'almendra', 'alright', 'alt', 'altar', 'alter', 'alter_ego', 'alternative', 'altitude', 'amala', 'amanzar', 'amass', 'amazing', 'amazon', 'ambar', 'ambiguity', 'ambitious', 'ambivalence', 'ambivalent', 'america', 'american', 'american_academy', 'american_citizen', 'americans', 'americas', 'amiri', 'amorous', 'amusement', 'analogy', 'ancestor', 'anchor', 'ancient', 'anderson', 'anderson_.paak', 'andersson', 'andre', 'andré_3000', 'anecdote', 'anemic', 'angel', 'angela', 'anger', 'angry', 'angst', 'angsty', 'anguish', 'animal', 'animate', 'animated', 'anita', 'ankle', 'anne', 'anni', 'anno', 'announce', 'announcement', 'anoint', 'anonymity', 'anonymous', 'answer', 'answer_question', 'anthem', 'anthropocene', 'anti_-', 'antic', 'anticipation', 'antidote', 'anxiety', 'anxious', 'apartment', 'apathy', 'aplomb', 'apocalyptic', 'app', 'appalachia', 'apparent', 'appeal', 'appear', 'appearance', 'appetite', 'apple', 'appreciation', 'approach', 'approachability', 'appropriate', 'approval', 'april', 'arca', 'archipelago', 'architect', 'archive', 'area', 'arena', 'aretha', 'argue', 'aria', 'ariana', 'arielle_bobb', 'ark', 'arkeisha', 'arm', 'armchair', 'armload', 'armor', 'army', 'arouse', 'arrangement', 'arrest', 'arrival', 'arrive', 'art', 'art-\u200bdeco', 'article', 'articulate', 'artifact', 'artifice', 'artist', 'artistic', 'arts', 'asal', 'ascendant', 'ascribe', 'asheville', 'aside', 'ask', 'asme', 'aspect', 'aspiration', 'assemble', 'assert', 'assign', 'assignment', 'assistance', 'assistant', 'assuage', 'assume', 'assumption', 'assurance', 'assure', 'astonishment', 'athena', 'athletic', 'atmospheric', 'attach', 'attack', 'attempt', 'attend', 'attendant', 'attention', 'attention_grab', 'attitude', 'audacity', 'audience', 'audio', 'august', 'auntie', 'aural', 'austerity', 'authentic', 'authenticity', 'author', 'author_book', 'authority', 'available', 'avatar', 'aversion', 'avoid', 'await_trial', 'award', 'aware', 'awe', 'awed', 'awful', 'awkward', 'ay', 'aye_bruh', 'ayers', 'ayiti', 'aztec', 'b', 'b.s.', 'baby', 'bachelorette', 'background', 'backing', 'backyard', 'bad', 'badassery', 'badbadnotgood', 'baffle', 'baggage', 'baila', 'baker', 'ballad', 'balladeering', 'ballast', 'ballet', 'baltimore', 'ban', 'banality', 'banana', 'band', 'bandgang', 'bane', 'bangladeshi', 'bank', 'bankability', 'bar', 'baraka', 'barber', 'bardo', 'bare', 'bareface', 'bargain', 'barrier', 'bartees', 'bartees_strange', 'base', 'bass', 'bathe', 'baton_rouge', 'battle', 'battlefield', 'bbc', 'beach', 'bear', 'bear_raise', 'beat', 'beats', 'beautiful', 'beauty', 'beck', 'bed', 'bedroom', 'bee', 'beef', 'befuddle', 'beg', 'beget', 'begin', 'beginning', 'behavior', 'belcalis', 'belief', 'believe', 'bella', 'belong', 'belove', 'beloved', 'belt', 'bembe', 'bemoan', 'benefit', 'benny', 'bensonhurst', 'berate', 'bergman', 'berlin', 'best', 'bet', 'beyoncé', 'bharoochalate', 'bia', 'bianca', 'bias', 'bible', 'bickle', 'big', 'bike', 'bilingual', 'bill', 'billboard', 'billboard_hot', 'billie_eilish', 'billion', 'billionaire', 'billy', 'billy_joel', 'binary', 'biological', 'biosphere', 'bird', 'birks“donda', 'birth', 'birthday', 'birthday_party', 'bit', 'bitch', 'bite', 'bittersweet', 'biz', 'björn', 'black', 'black_americans', 'black_vanguard', 'black_white', 'black_woman', 'blackness', 'blacktop', 'blake', 'blame', 'blare', 'blast', 'bleed', 'blend', 'bless', 'blige', 'blink', 'blisse', 'blissful', 'blister', 'block', 'blog', 'blood', 'bloodshed', 'bloody', 'bloom', 'blossom', 'blow', 'blue', 'blueprint', 'blunder', 'blunt', 'blur', 'boarding_school', 'boast', 'bob', 'bodak', 'bodega', 'body', 'bold', 'bolero', 'bolster', 'bombast', 'bombastic', 'bona_fide', 'bond', 'bone', 'boob', 'boogeyman', 'book', 'boom', 'boomer', 'boomerang', 'boot', 'bop', 'border', 'borderland', 'bored', 'boriken', 'boring', 'borrow', 'boss', 'bossa', 'bottomless', 'bouncer', 'bouncy', 'boundary', 'bourelover', 'bowie', 'box', 'boxing', 'boy', 'boyfriend', 'boys', 'boyz', 'brace', 'bracing', 'bradley', 'brady', 'brag', 'brain', 'brand', 'brandy', 'brass', 'brawny', 'breadfruit', 'break', 'breakout', 'breakout_star', 'breakup', 'breath', 'breathe', 'breathless', 'brendan', 'brevity', 'brew', 'bridge', 'bridgers', 'brief', 'bright', 'brightness', 'brik', 'brilliant', 'bring', 'brink', 'brinkley', 'bristle', 'brit', 'britain', 'british', 'britney_spears', 'brittle', 'bro', 'broad', 'broadcasting', 'broadway', 'brock', 'brood', 'brooklyn', 'brother', 'brotherhood', 'brown', 'bruce_springsteen', 'bruise', 'brujitas', 'bruno', 'brutal', 'bubble', 'bucket', 'bud', 'buena', 'build', 'bully', 'bull’s', 'bummer', 'bumpin', 'bunch', 'bunk', 'buoy', 'buoyancy', 'buoyant', 'burble', 'burden', 'burdensome', 'burgundy', 'burn', 'burnout', 'burst', 'bury', 'bus', 'buscabulla', 'buscando', 'business', 'businessman', 'businesspeople', 'busing', 'buster', 'busy', 'buy', 'buzz', 'buzzi', 'buzzword', 'buzzy', 'bypass', 'c', 'cabra', 'cabán', 'cad', 'cadence', 'caerán', 'cagey', 'caguas', 'calculating', 'cale', 'california', 'calm', 'cam', 'camera', 'cameraman', 'camgirl', 'camouflage', 'campaign', 'cancel_culture', 'cancellation', 'candid', 'cane', 'cannabis', 'cannibalism', 'canny', 'canon', 'canvas', 'can’t', 'cap', 'capable', 'capacious', 'capacity', 'caper', 'capitalism', 'capitalist', 'caption', 'capture', 'car', 'caravan', 'carcinogenic', 'card', 'carder', 'cardi', 'cardi_b', 'cardinal', 'cards', 'care', 'career', 'carefree', 'carelessness', 'caribbean', 'carina', 'carly', 'carmen', 'carnal', 'carousel', 'carpet', 'carrillo', 'carry', 'cascade', 'case', 'cash', 'cassie', 'cast', 'casual', 'casualty', 'cat', 'catalog', 'catch', 'catchy', 'catfished', 'catharsis', 'cathartic', 'cause', 'cautionary_tale', 'cautious', 'cavernous', 'cayey', 'caz', 'cbs', 'cee', 'celebrate', 'celebratory', 'celebrity', 'celestial', 'center', 'central', 'central_park', 'century', 'certain', 'certain_type', 'certainty', 'chain', 'chaka', 'challenge', 'change', 'channel', 'chant', 'chaos', 'chaotic', 'chapter', 'character', 'characterize', 'charade', 'charge', 'charlotte', 'charm', 'chart', 'chase', 'chat', 'chat_room', 'chatty', 'chauvinistic', 'cheat', 'cheating', 'check', 'check_box', 'cheek', 'cheeky', 'chemtrail', 'cheryl', 'chest', 'cheyennesince', 'chicago', 'chief', 'child', 'childhood', 'chilly', 'chin', 'china', 'chinko', 'chip', 'chirimoya', 'choice', 'chompchompchompchompchomp', 'choose', 'chop', 'choppa', 'chord', 'choreograph', 'choreographer', 'chorus', 'christian', 'christie', 'christmas', 'christopher', 'chuck', 'chug', 'chum', 'chupo', 'church', 'churn', 'cidra', 'cipher', 'circulate', 'circumstance', 'citadel', 'cite', 'citrus', 'city', 'claiborne', 'claim', 'clairo', 'clank', 'clarification', 'clarify', 'class', 'classic', 'claustrophobic', 'claw', 'clay', 'clean', 'cleanness', 'cleavage', 'cleveland', 'cliché', 'click', 'client', 'climate', 'climate_crisis', 'climax', 'climb', 'cling', 'clip', 'clobber', 'clock', 'clone', 'close', 'clothe', 'clothing', 'clothing_store', 'cloud', 'club', 'cnn', 'co-\u200bwriter', 'coarse', 'coax', 'cobain', 'cocaine', 'cocktail', 'coconut', 'code', 'coeur', 'coexist', 'coffee', 'cohort', 'coldness', 'collaboration', 'collaborator', 'collage', 'collapse', 'collect', 'collection', 'collective', 'college', 'college_football', 'collie', 'collision', 'colonial', 'colonialism', 'colonization', 'colonize', 'colonized', 'colonizer', 'color', 'columbus_ohio', 'colón', 'com', 'combat', 'combine', 'come', 'comeback', 'comedian', 'comedy', 'comfort', 'comfortable', 'comforting', 'command', 'commercial', 'commercialize', 'commingled', 'commission', 'commit', 'commodity', 'common', 'communal', 'communicate', 'communication', 'community', 'commute', 'como', 'company', 'compare', 'compassion', 'compatriot', 'compere', 'competitor', 'complain', 'complaint', 'complementary', 'complete', 'complex', 'complexity', 'complicate', 'component', 'compose', 'composer', 'composition', 'compound', 'comprehensive', 'compton', 'compulsive', 'comrieone', 'con', 'conceal', 'conceive', 'concept', 'concern', 'concerned', 'concert', 'concession', 'conclude', 'condense', 'condition', 'conduct', 'confess', 'confession', 'confessional', 'confident', 'confirm', 'conflict', 'confound', 'confuse', 'confused', 'confusion', 'congratulation', 'congress', 'conjure', 'connect', 'connection', 'conquer', 'conservatorship', 'consider', 'consideration', 'consistency', 'consistent', 'console', 'conspicuous', 'conspiracy_theorist', 'conspiratorial', 'constant', 'consternation', 'constitute', 'construct', 'consume', 'consumer', 'consumption', 'contact', 'contain', 'container', 'contemplate', 'contemporary', 'content', 'contentment', 'context', 'contingent', 'continual', 'continue', 'contract', 'contradiction', 'contradictory', 'contrast', 'contribute', 'contribute_writer', 'control', 'controversy', 'convention', 'converge', 'conversation', 'convey', 'convince', 'convincing', 'convo', 'convulsing', 'cool', 'cope', 'corazón', 'cordial', 'core', 'corner', 'corny', 'coronavirus_pandemic', 'corpse', 'corridor', 'costa_rica', 'costume', 'cottage', 'couceiroin', 'counsel', 'counseling', 'count', 'counterpart', 'counterpoint', 'countless', 'country', 'countrywoman', 'couple', 'courage', 'course', 'court', 'cousin', 'cover', 'covid', 'cow', 'cowboy', 'cowgirl', 'cox', 'coxes', 'crack', 'cradle', 'craft', 'craigslist', 'cramp', 'crave', 'craze', 'crazy', 'create', 'creation', 'creative', 'creative_process', 'creator', 'credibility', 'credit', 'credit_card', 'creek', 'creep', 'creole', 'crest', 'crew', 'cri', 'crime', 'criminal_activity', 'crisp', 'cristiana', 'critic', 'critical', 'critical_race', 'critical_race_theory', 'criticize', 'critique', 'croon', 'crooner', 'crop', 'cross', 'cross_-', 'cross_hair', 'crouch', 'crowd', 'crowded', 'crowdsurfe', 'crown', 'crown_heights', 'crucial', 'cruel', 'cruise', 'cruise_altitude', 'crumble', 'crush', 'cry', 'cryin', 'cryptocurrency', 'crystal', 'cubist', 'cudi', 'cue', 'cuisine', 'cultivate', 'cultural', 'culture', 'cunning', 'cup_tea', 'current', 'current_trend', 'curry', 'curse', 'curtain', 'cut', 'cyberpunk', 'cycle', 'cymbal', 'cynicism', 'célèbre', 'd.m.c.', 'd.r.e.', 'dabble', 'dabbler', 'dad', 'daddy', 'daily', 'dama', 'damage', 'damn', 'dan', 'dana', 'dance', 'dance_floor', 'danceable', 'dancehall', 'dancer', 'dancery', 'dancing', 'danger', 'dangerous', 'daniel', 'dank', 'danny', 'danyel', 'danza', 'dare', 'darien', 'dark', 'dark_blue', 'dark_web', 'darkness', 'dart', 'dash', 'date', 'datum', 'daughter', 'david', 'dawn', 'day', 'days', 'de', 'de_facto', 'dead', 'deal', 'dean', 'death', 'death_penalty', 'debate', 'debt_owe', 'debut', 'debut_album', 'decade', 'deceit', 'december', 'decide', 'decision', 'declare', 'deem', 'deep', 'deep_breath', 'deep_root', 'deepen', 'defeat', 'defend', 'defense', 'define', 'definition', 'definitional', 'deftun', 'defuse_crisis', 'defy', 'degradation', 'degrade', 'degree', 'dehumanizing', 'deification', 'deity', 'del', 'del_valle', 'delcan', 'delcanwe', 'delete', 'delicate', 'delicious', 'delight', 'delighted', 'delightful', 'delirium', 'deliver', 'delivery', 'delta', 'delusion', 'deluxe', 'dem', 'demand', 'demarco', 'demario', 'democratic', 'demon', 'denial', 'denounce', 'dense', 'deny', 'denzel', 'depart', 'departure', 'depend', 'depict', 'deplete', 'depletion', 'deploy', 'deport', 'depose', 'deprecate', 'depressed', 'depression', 'deprivation', 'depth', 'deputy', 'describe', 'description', 'deserve', 'design', 'desire', 'desk', 'despair', 'despairing', 'desperation', 'despise', 'destine', 'destroy', 'detail', 'detailed', 'detect', 'determination', 'determined', 'detroit', 'detroiter', 'dev', 'devalue', 'develop', 'development', 'device', 'devil', 'devious', 'devise', 'devote', 'devoted', 'devotion', 'devotional', 'devour', 'devtakeflight', 'dew', 'dewayne', 'dialing', 'dialogue', 'diaphanous', 'dichotomy', 'dictate', 'dictator', 'diddy', 'die', 'difference', 'different', 'different_kind', 'difficult', 'diffuse', 'dig', 'digest', 'digital', 'dignity', 'dilate', 'dilemma', 'diligent', 'diminish', 'diminutive', 'dip', 'direct', 'director', 'dirt', 'disappear', 'disappearance', 'disappointing', 'disappointment', 'disaster', 'disbelief', 'discern', 'discernible', 'discipline', 'disciplined', 'disclosure', 'disco', 'discography', 'discombobulation', 'disconcert', 'discover', 'discuss', 'discussion', 'dishonest', 'disillusion', 'disinterment', 'dismantle', 'disney', 'disparate', 'display', 'disrespect', 'disruption', 'diss', 'dissembler', 'disseminate', 'dissolution', 'dissolve', 'distance', 'distant', 'distend', 'distinct', 'distinction', 'distinctive', 'distorted', 'distraction', 'distress', 'ditty', 'dive', 'diversity', 'divorce', 'dizzying', 'dj', 'dj_khaled', 'dlamini', 'dmx', 'dna', 'doctor', 'document', 'documentary', 'dogleg', 'doin’', 'doja', 'doja_cat', 'doll', 'dollar', 'domestic', 'domi', 'dominate', 'dominican', 'donald_trump', 'donda', 'donna_summer', 'donut', 'don’t', 'doom', 'door', 'doppelgänger', 'doris', 'dorki', 'dos', 'dot', 'doth', 'double', 'doubt', 'dovetail', 'downside', 'downtime', 'dozen', 'dr.', 'dr._dre', 'draft', 'drake', 'drama', 'dramatic', 'dramatics', 'draw', 'drawl', 'draxlerin', 'dread', 'dream', 'dreams', 'dreamy', 'drift', 'drill', 'drink', 'drip', 'drive', 'drone', 'dronelike', 'drop', 'drown', 'drudgery', 'drug', 'drug_dealer', 'drum', 'drumless', 'drumming', 'drunk', 'dry', 'dubious', 'dude', 'duetting', 'dumbass', 'dumile', 'dummy', 'dump', 'duo', 'dupreeach', 'dusky', 'dusty', 'duty', 'dwell', 'dwindle', 'décima', 'déjà_vu', 'eager', 'ear', 'earl', 'earl_sweatshirt', 'early', 'early-’80s', 'early_2000s', 'early_february', 'earn', 'earnest', 'earth', 'ease', 'east', 'east_coast', 'easy', 'eat', 'ebay', 'ebert', 'echo', 'eclectic', 'economy', 'ecstasy', 'ecstatic', 'ecuador', 'eden', 'edenic', 'edge', 'edible', 'edification', 'editor', 'edouard', 'edward', 'eerie', 'eff', 'effacing', 'effort', 'egalité', 'egg', 'ego', 'egyptian', 'ekun', 'el', 'elderly', 'electric', 'electrofolk', 'electronic', 'elegy', 'elevate', 'elevation', 'elfman', 'elizabeth', 'elliott', 'elliptical', 'ellroy', 'elsa', 'elusive', 'email', 'emanate', 'embarrassment', 'emblematic', 'embrace', 'emerge', 'eminem', 'emotion', 'emotional', 'empathy', 'emphasis', 'emphasize', 'employ', 'empowerment', 'emv', 'encanto', 'encapsulate', 'enchanted', 'enchantment', 'encompass', 'encounter', 'encourage', 'end', 'endear', 'endemic', 'endless', 'endorphin', 'endowment', 'endure', 'energize', 'energy', 'enervation', 'enfant', 'engage', 'engaged', 'engagement', 'english', 'enigmatic', 'enjoy', 'ennui', 'enormous', 'enrapture', 'enrique', 'ensemble', 'enslavement', 'ensue', 'enter', 'enterprise', 'entertainment', 'enthusiast', 'entice', 'entire', 'entrepreneurial', 'envelope', 'environment', 'ep', 'ephemeral', 'epic', 'episode', 'equal', 'equation', 'equip', 'equipment', 'era', 'erect', 'escalate', 'escape', 'escapism', 'escapist', 'essay', 'essayist', 'essence', 'establish', 'estate', 'etc', 'ethereal', 'ethos', 'euphoria', 'europe', 'european', 'eva', 'evade', 'evaporate', 'evasive', 'event', 'everyday', 'everyday_life', 'evidence', 'evident', 'evocative', 'evoke', 'evolution', 'evolve', 'ex', 'exact', 'exaggeration', 'example', 'excellent', 'exchange', 'excitement', 'excrete', 'excuse', 'executive', 'exercise', 'exhaust', 'exhausted', 'exhaustion', 'exhilarate', 'exhume', 'exist', 'existence', 'exit', 'exonerate', 'expand', 'expansive', 'expect', 'expectant', 'expectation', 'expense', 'experience', 'experiential', 'experiment', 'experimental', 'explain', 'explanation', 'explanatory', 'expletive', 'explode', 'exploit', 'explore', 'expose', 'express', 'expression', 'expressive', 'exquisite', 'extended', 'extended_period', 'externalize', 'extol', 'extraction', 'extravagance', 'extreme', 'exuberance', 'exuberant', 'eye', 'face', 'facebook', 'faced', 'facial', 'facility', 'fact', 'factory', 'fad', 'fade', 'fader', 'fail', 'failing', 'failure', 'faith', 'fake', 'fall', 'fall_short', 'falls', 'falter', 'fame', 'familiar', 'familiarity', 'family', 'famous', 'fan', 'fanon', 'fantasize', 'fantasy', 'farm', 'farrar_straus', 'fascinating', 'fat', 'father', 'father_die', 'fatigue', 'fatigued', 'fault', 'favor', 'favorite', 'fawn', 'fear', 'fearlessness', 'feast', 'feat', 'feather', 'feature', 'february', 'federal', 'federal_prosecutor', 'fee', 'feed', 'feel', 'feel_pain', 'feeling', 'feet', 'fela', 'fellow', 'fellowship', 'female', 'feminine', 'fernández', 'ferrer', 'fervent', 'fetish', 'feud', 'fevere', 'fiber', 'fiction', 'field', 'fierce', 'fierceness', 'fifth_avenue', 'fight', 'figure', 'fila', 'fill', 'film', 'filtering', 'finale', 'finalize', 'financial', 'find', 'fine', 'finish_line', 'finished', 'fire', 'firmament', 'fist', 'fit', 'fitzmaurice', 'fix', 'fixate', 'fizzy', 'flair', 'flash', 'flash_point', 'flashback', 'flat', 'flaunt', 'flavor', 'flawless', 'fleece', 'fleeting', 'flesh', 'flexible', 'flick', 'flight', 'float', 'flock', 'flood', 'floor', 'floorboard', 'flor', 'flora', 'florida', 'flourish', 'flournoy', 'flow', 'flower', 'fluctuation', 'fluency', 'fluorescent', 'flurry', 'flute', 'fly', 'focus', 'foil', 'fold', 'folk', 'folk_tale', 'follow', 'follower', 'food', 'foodway', 'fool', 'foolproof', 'fools', 'foot', 'footage', 'forage', 'forbid', 'forbidden', 'force', 'forefather', 'foreign', 'foreword', 'forge', 'forget', 'forgive', 'forgiveness', 'form', 'formula', 'forthcoming', 'fortitude', 'fortune', 'foster', 'found', 'foundation', 'foundational', 'founder', 'fourth', 'fractured', 'fragile', 'fragment', 'france', 'frank', 'frank_ocean', 'frankie', 'franklins', 'frantz_fanon', 'fraud', 'fraudster', 'fraught', 'fray', 'free', 'free_speech', 'freedom', 'freelance_writer', 'french', 'french_fry', 'frenchman', 'frenzy', 'frequent', 'fresh', 'frid', 'friday', 'friend', 'friendly', 'frightening', 'frivolous', 'frost', 'fruit', 'frustrate', 'frustrated', 'fucking', 'fullness', 'fun', 'function', 'funeral', 'funk', 'funkadelic', 'funny', 'fur', 'future', 'futuro', 'fältskog', 'g', 'g.p.a.', 'g4', 'g4choppa', 'gad', 'gain', 'gain_momentum', 'galaxy', 'gallery_book', 'game', 'gamer', 'gamut', 'gang', 'gangsta', 'gap', 'garage', 'garden', 'gardenias', 'garner', 'gates', 'gather', 'gathering', 'gaulden', 'gaze', 'gear', 'gem', 'gems', 'gen', 'gen_z', 'gender', 'general', 'generate', 'generation', 'generational', 'genius', 'genre', 'gentle', 'geographer', 'geological', 'georgia', 'german', 'germinating', 'getaway', 'ghana', 'ghanaian', 'ghost', 'giant', 'gift', 'gift_card', 'gild', 'gimme', 'girl', 'girlfriend', 'girl”/you’re', 'giroux', 'glad', 'gladiola', 'glamorize', 'glance', 'glare', 'gleam', 'glimmer', 'glimpse', 'glissant', 'glisten', 'glitching', 'global', 'glorifie', 'glorious', 'glory', 'glossy', 'glow', 'glue', 'gluttony', 'goal', 'gobble', 'god', 'goddamn', 'goin’', 'gold', 'gold_tooth', 'golden', 'golden_globe', 'goliath', 'gonzalo', 'good', 'goofy', 'google', 'gordon', 'gorgeous', 'gospel', 'gossip', 'got', 'govern', 'government', 'grab', 'grace', 'grade', 'gramma', 'grammar', 'grammy', 'grammy_awards', 'granada', 'grande', 'grandiose', 'grandiosity', 'grandmaster', 'grandmother', 'grant', 'grapple', 'grasp', 'grass', 'grave', 'gravita', 'gray', 'great', 'great_resignation', 'greatest', 'greatness', 'greed', 'green', 'greenroom', 'greet', 'greg', 'grid', 'grief', 'grieve', 'grifter', 'grillz', 'grind', 'grinding', 'griot', 'grisliness', 'grit', 'gritty', 'groan', 'groove', 'ground', 'groundbreaking', 'group', 'grow', 'guanabana', 'guapdad', 'guarachas', 'guarantee', 'guardian', 'guardrail', 'guava', 'guayaba', 'guayama', 'gucci', 'guerre', 'guerrilla', 'guess', 'guest', 'guidance', 'guide', 'guilt', 'guilty', 'guitar', 'gullible', 'gum', 'gumbo', 'gun', 'gunman', 'gunna', 'gust', 'gutsy', 'guy', 'güiro', 'h.e.r.', 'ha', 'habit', 'hack', 'hacker', 'hail', 'hair', 'hakim', 'half', 'halftime', 'halfway', 'hall', 'hallelujah', 'hallmark', 'hallucination', 'hallucinatory', 'hamburger', 'hammering', 'hand', 'handcuff', 'handed', 'handful', 'handle', 'handshake', 'hanif', 'hank', 'haphazard', 'haphazardous', 'happen', 'happening', 'happier', 'happiness', 'happy', 'hard', 'hard_imagine', 'hardcore', 'hark', 'harlem', 'harm', 'harmonious', 'harmonize', 'harmony', 'harrell', 'harris', 'harriswhen', 'harrowing', 'hartford', 'harvest', 'hashtag_#', 'hate', 'hater', 'hatred', 'haunt', 'hawk', 'hawkins', 'haze', 'hazel', 'hazy', 'hbo', 'head', 'headline', 'headphone', 'heady', 'heal', 'healing', 'hear', 'heart', 'heart_break', 'heart_disease', 'heartbreak', 'heartbreaker', 'heartbroken', 'heartfelt', 'heat', 'heaven', 'heavy', 'heel', 'heft', 'heist', 'helado', 'hell', 'hello', 'help', 'heritage', 'hero', 'hey', 'heyday', 'hide', 'hidy', 'high', 'high_school', 'high_speed', 'high_stake', 'highland', 'highlight', 'hilarious', 'hill', 'hinge', 'hip_hop', 'hire', 'hisham', 'hiss', 'history', 'hit', 'hit?read', 'hitmaker', 'hmm', 'hoarse', 'hockey', 'hodgkinsonformed', 'hoes’/i’m', 'hold', 'hole', 'holiday', 'holler', 'holy', 'home', 'homeland', 'homemade', 'homes', 'honest', 'honesty', 'honey', 'honor', 'honorific', 'hood', 'hoodie', 'hook', 'hope', 'hopeful', 'hopscotch', 'horatio', 'horn', 'horrible', 'horror_movie', 'hospital', 'host', 'hot', 'hotbe', 'hotel_room', 'hotter', 'hour', 'house', 'housing', 'houstons', 'hover', 'howard', 'howl', 'huddle', 'hue', 'hug', 'huge', 'hullaballoo', 'human', 'humanity', 'humble', 'hummed', 'humming', 'humor', 'hump', 'humpty', 'hunch', 'hundredth', 'hunger', 'hungry', 'hunt', 'hunter', 'hurricane', 'hurried', 'hurt', 'husband', 'hush', 'hustle', 'hyden', 'hyperconnectivity', 'hyperfocused', 'hyperpop', 'hypnotize', 'hysterical', 'i.t.', 'ian', 'ibrahim', 'ice', 'ice_cream', 'icon', 'iconic', 'iconoclast', 'iconoclastic', 'id', 'idea', 'ideal', 'identical', 'identify', 'identity', 'idiosyncratic', 'idolatry', 'iggy', 'ignorance', 'ignore', 'ii', 'illegal', 'illusory', 'image', 'imagination', 'imagine', 'imagistic', 'imbalance', 'imbrication', 'imessage', 'imitate', 'immense', 'immersion', 'immigrant', 'immune', 'impact', 'impart', 'imperative', 'imperial', 'imply', 'import', 'importance', 'important', 'impose', 'impossibility', 'impossible', 'impression', 'improve', 'improvise', 'impulse', 'impulsive', 'inaction', 'incantation', 'incapable', 'incarcerated', 'incessant', 'inch', 'inchoate', 'include', 'inclusion', 'incommensurable', 'incomprehensible', 'inconsistency', 'incorporate', 'increase', 'indelible', 'indian', 'indie', 'indies', 'indigenous', 'indigo', 'individual', 'induce', 'indulge', 'industrial', 'industry', 'inevitability', 'inexhaustible', 'inexpressible', 'infamous', 'infant', 'infectious', 'infinite', 'inflect', 'inflection', 'influence', 'influencer', 'influx', 'inform', 'information', 'infuriate', 'ingmar', 'ingrain', 'inherent', 'inherit', 'inheritance', 'initial', 'injustice', 'inner', 'innocence', 'innocent', 'innovation', 'innovator', 'inquiry', 'insane', 'inscrutable', 'insincerity', 'insinuate', 'insist', 'inspiration', 'inspirational', 'inspire', 'instagram', 'instagram_account', 'install', 'instance', 'instinct', 'instruct', 'instruction', 'instructional', 'instrument', 'instrumental', 'instrumentalist', 'instrumentation', 'insular', 'insult', 'integrate', 'integrity', 'intence', 'intend', 'intensity', 'interactive', 'intercultural', 'interest', 'interested', 'interesting', 'interior', 'interiority', 'interlock', 'internal', 'internet', 'interpolate', 'interpret', 'interpretation', 'interview', 'interview_edit', 'intimacy', 'intimate', 'intoxicating', 'intro', 'introduce', 'introduction', 'introspective', 'intuit', 'intuition', 'intuitive', 'inure', 'invective', 'inventor', 'investigation', 'investment', 'invigorate', 'invincibility', 'invisible', 'invitation', 'invite', 'invoke', 'involve', 'involvement', 'irrepressible', 'irreverence', 'isaacs', 'island', 'ismail', 'isolated', 'isolation', 'isolina', 'issue', 'item', 'ivorian', 'i’ll', 'i’m', 'j', 'j.d.', 'jab', 'jaboukie', 'jack_dorsey', 'jackass', 'jacket', 'jackson', 'jacobs', 'jagua', 'jail', 'jam', 'jamaica', 'jamaican', 'james', 'jamie', 'january', 'japan', 'jardín', 'jas', 'jasmine', 'javar', 'jaw', 'jay_z', 'jazz', 'jazz_musician', 'jealous', 'jealousy', 'jean', 'jen', 'jenn', 'jepsen', 'jeremy', 'jesse', 'jest', 'jesus', 'jet', 'jettison', 'jewel', 'jewelry', 'jimmy_fallon', 'job', 'jobillo', 'jobo', 'jody', 'joel', 'joel/’cause', 'jog', 'jogger', 'john', 'join', 'joke', 'joking', 'joni_mitchell', 'jorja', 'jorres', 'joshing', 'jostle', 'josé', 'jot', 'journalists', 'journey', 'jovan', 'joy', 'joyful', 'joyous', 'jr.', 'jsx', 'juggernaut', 'juice', 'july_2021', 'jump', 'june', 'june_2021', 'jungle', 'justice', 'jut', 'k', 'kali', 'kangols', 'kanye', 'kanye_west', 'karaoke', 'karma', 'kartel', 'kash', 'kasher', 'kaytranada', 'kearse', 'keef', 'keeler', 'keem', 'keen', 'keiles', 'kelis', 'kendall', 'kendrick_lamar', 'kendu', 'kentrell', 'keorapetse', 'kevin', 'key', 'kgositsile', 'kick', 'kid', 'kill', 'killer', 'kilter', 'kim', 'kim_kardashian', 'kind', 'kinda', 'kindre', 'king', 'kingdom', 'kingpin', 'kingston', 'kirriem', 'kiss', 'kiss_feature', 'kitchen', 'kleeman', 'kleptocene', 'knack', 'knife', 'knight', 'knock', 'knotty', 'know', 'knowledge', 'koan', 'koki', 'kokit', 'kokpop', 'kokthis', 'konecki', 'korean', 'kurt', 'kuti', 'kweli', 'ky.', 'kyle', 'l.a.', 'l.a.t.i.f.a.h./in', 'la', 'label', 'labor', 'labrinth', 'lack', 'lackadaisical', 'laconic', 'lady', 'lagos', 'lame', 'lament', 'lamp', 'lana', 'land', 'landrau', 'landscape', 'lange', 'language', 'laptop', 'large', 'larry', 'las', 'lasting', 'latch', 'late', 'late_january', 'late_night', 'latecomer', 'latifah', 'latin', 'latin_america', 'latin_american', 'latina', 'laugh', 'launch', 'laundry', 'laura', 'laurel_hell', 'lauren', 'lawless', 'lay', 'layer', 'layered', 'lazy', 'lead', 'leaf', 'leak', 'lean', 'leap', 'learn', 'leather', 'leave', 'led', 'legal', 'legal_scholar', 'legrand', 'leila', 'lemonade', 'length', 'lengthy', 'lennard', 'leon', 'les', 'lesson', 'lesson_learn', 'let', 'lethargic', 'level', 'levinson', 'lewis', 'lexicon', 'lexington', 'liar', 'liberté', 'libs', 'licensed', 'lie', 'lieu', 'life', 'lifestyle', 'lift', 'light', 'lightning', 'lightning_rod', 'like', 'liken', 'lil', 'lil_nas', 'limelight', 'liminal', 'limit', 'limitation', 'limited_edition', 'limitlessness', 'limón', 'lin', 'lindsay_zoladz', 'line', 'lineage', 'linger', 'lingo', 'link', 'lip_sync', 'list', 'listen', 'listen_music', 'listener', 'litany', 'literal', 'literary', 'litigation', 'litter', 'little', 'little_doubt', 'live', 'livestock', 'living', 'living_room', 'liz', 'll', 'load', 'loathe', 'local', 'locate', 'location', 'lock', 'lockdown', 'log', 'logic', 'logorrhea', 'lola', 'london', 'loneliness', 'lonely', 'lonesome', 'long', 'long_island', 'long_line', 'long_tradition', 'longing', 'longtime', 'look', 'loom_large', 'loop', 'loose', 'loosen', 'loot', 'loquacious', 'lord', 'lorde', 'lorraine', 'los_angeles', 'lose', 'loser', 'loss', 'lot', 'lotta', 'louboutin', 'love', 'love_love', 'lover', 'low', 'lower_manhattan', 'loyalty', 'lp', 'lucid', 'ludacris', 'luminary', 'luminous', 'lunch', 'lung', 'lurid', 'lurk', 'lust', 'luxuriate', 'lyin', 'lymon', 'lyngstad', 'lynn', 'lyric', 'lyrical', 'lyricist', 'lyte', 'l’rain', 'm', 'm.c.s', 'mac', 'macabre', 'macbeth', 'macdonald', 'machination', 'machine', 'macro', 'mad', 'madding', 'madonna', 'madrigals', 'mafioso', 'magazine', 'magic', 'magical', 'magnetic', 'mail', 'main_character', 'mainstay', 'maintain', 'major', 'makeout', 'maker', 'makin', 'making', 'malaysia', 'malaysian', 'male', 'male_dominate', 'malign', 'malone', 'mama', 'mami', 'man', 'manage', 'management', 'manager', 'mandan', 'mandatory', 'mane', 'mango', 'manicure', 'manipulation', 'mantra', 'manual', 'map', 'march', 'marginal', 'marigloria', 'mark', 'mark_beginning', 'market', 'marketing', 'marketplace', 'markie', 'marley', 'marriage', 'marrow', 'marshall', 'martin', 'martinican', 'martiniquan', 'martyr', 'marvelous', 'mary', 'mary_j.', 'maryland', 'mask', 'masked', 'masse', 'master', 'masterclass', 'masterpiece', 'match', 'match.com', 'mate', 'material', 'maternal', 'mathers', 'matriarchy', 'matrix', 'matter', 'matthieu', 'maturity', 'maxim', 'maximalist', 'mc', 'mean', 'meander', 'meaning', 'meaningful', 'meaningless', 'measure', 'mechanic', 'mechanism', 'media', 'medicine', 'meditation', 'mediterranean', 'medium', 'medley', 'meet', 'meeting', 'megahit', 'megan_thee', 'megastar', 'melancholic', 'melancholy', 'melodic', 'melodrama', 'melody', 'melt', 'member', 'meme', 'memoir', 'memorize', 'memory', 'memphis', 'menace', 'mental_health', 'mention', 'mentor', 'menu', 'merch', 'merciless', 'meritocracy', 'meritocratic', 'mesmerize', 'mess', 'message', 'metal', 'metaphor', 'metaphorical', 'method', 'metronomy', 'mexican', 'mf', 'mi', 'miami', 'mic', 'michael_jackson', 'michael_r.', 'micro', 'microphone', 'mid-’90s', 'mid_-_february', 'middle', 'middle_aged', 'midriff', 'midtune', 'mighty', 'migrate', 'mike', 'milagrosa', 'mild', 'mile', 'military', 'milkshake', 'millennial', 'million', 'million_follower', 'million_people', 'mima', 'mime', 'mimic', 'minaret', 'mince', 'mind', 'minded', 'minimalism', 'minimalize', 'minor', 'minute', 'mira', 'mirabile', 'miranda', 'mirror', 'mis', 'misalignment', 'mischievous', 'misery', 'miss', 'mission', 'missive', 'missy', 'mistake', 'misunderstand', 'misérables', 'mit', 'mitski', 'mitski_music', 'mitski_song', 'mitskiistherapy', 'mitskitok', 'mix', 'mixing', 'mixtape', 'miyawaki', 'moan', 'mob', 'mockery', 'mode', 'modem', 'modern', 'modernity', 'modesty', 'modulate', 'modulation', 'mom', 'moment', 'momma', 'monet', 'money', 'money_laundering', 'moneybagg', 'monica', 'moniker', 'monitor', 'monopoly', 'monotone', 'monte', 'monterey', 'month', 'moo', 'mood', 'moon', 'mooo', 'moral', 'morality', 'moralize', 'morbid', 'morning', 'morph', 'mosh', 'mother', 'motion', 'motive', 'motor', 'motorcyclist', 'motown', 'mountain', 'mourn', 'mournful', 'movement', 'movie', 'movie_star', 'msr', 'mtv', 'muckaway', 'muffled', 'muhammad', 'muldrow', 'multi_-', 'multicultural', 'multifaceted', 'multifinger', 'multilayered', 'multiple', 'multiracial', 'mumble', 'municipal', 'murder', 'murderous', 'murky', 'muse', 'music', 'music_dance', 'music_industry', 'musical', 'musician', 'mustang', 'mute', 'muted', 'myspace', 'mystery', 'myth', 'mythologized', 'mythology', 'n', 'n.b.a.', 'n.y.', 'n_word', 'nah', 'nails', 'naira', 'naked', 'nao', 'nap', 'naranja', 'narcissism', 'narration', 'narrative', 'narrator', 'narrow', 'nas', 'nascent', 'nashville', 'nation', 'national', 'nationalist', 'native', 'natter', 'natural', 'nature', 'natured', 'naughty_nature', 'nauseating', 'naya', 'naïve', 'nba', 'ncis', 'near', 'nearby', 'necessary', 'necessity', 'neck', 'need', 'needle', 'negative', 'negativity', 'negotiation', 'negrita', 'negro', 'neighborhood', 'neil_young', 'nelson', 'neosoul', 'nephew', 'nerve', 'nerved', 'nervous', 'new', 'new_york', 'new_york_city', 'new_york_times', 'new_zealand', 'newfound', 'news', 'news_release', 'newsletter', 'newspaper', 'newton', 'nft', 'nice', 'niche', 'nick', 'nicki_minaj', 'nickname', 'niela', 'nigeria', 'nigerian', 'night', 'nightmare', 'nigro', 'nihilism', 'nihilistic', 'nimbus', 'ninety', 'ninth', 'nipple', 'nirvana', 'nitty', 'nkem', 'no.5', 'noah', 'noche', 'nod', 'noir', 'noise', 'noisy', 'nom', 'nomination', 'non', 'non_-', 'noname', 'nonparent', 'nonwhite', 'nope', 'normal', 'north_carolina', 'northern', 'nose', 'nostalgia', 'nostalgic', 'notable', 'note', 'nothingness', 'notice', 'notorious', 'notorious_b.i.g.', 'nova', 'novel', 'novelist', 'novelty', 'november', 'npr', 'nuance', 'number', 'numerous', 'oakland', 'object', 'oblique', 'oblivion', 'oblong', 'obscure', 'observe', 'observer', 'obsess', 'obsession', 'obsolete', 'obvious', 'occasional', 'occur', 'ocean', 'octave', 'odd', 'odd_future', 'ode', 'offbeat', 'offense', 'offensive', 'offer', 'offering', 'officer', 'offset', 'ok', 'okay', 'oklahoma_city', 'old', 'oligarchy', 'olivia', 'olivia_rodrigo', 'omen', 'omg', 'ongoing', 'online', 'onset_pandemic', 'onstage', 'ooooooohs', 'ooze', 'opacity', 'open', 'open_door', 'open_window', 'opener', 'openin', 'opening', 'openness', 'opera', 'operate', 'opioid_crisis', 'opportunity', 'oppose', 'opposite', 'optic', 'optimism', 'optimistic', 'optimize', 'oral_history', 'orange', 'orbit', 'orchestration', 'order', 'orderly', 'ordinance', 'ordinary', 'organ', 'orgasm', 'origin', 'original', 'original_song', 'original_version', 'orphan', 'orr', 'orthodontist', 'oscillate', 'otis', 'outcast', 'outdo', 'outfit', 'outgoing', 'outlaw', 'outlet', 'outline', 'outright', 'outrun', 'outset', 'outshine', 'outside', 'outsiderdom', 'outstanding', 'outstretched', 'outstrip', 'outweigh', 'overcome', 'overconsumption', 'overhead', 'overlap', 'overlay', 'overlook', 'overtake', 'overwhelm', 'overwhelming', 'oviedo', 'owe', 'owens', 'ownership', 'owoh', 'p.r.-approved', 'pa', 'pablo', 'pace', 'pack', 'package', 'padlock', 'paean', 'pagan', 'page', 'pain', 'pained', 'painful', 'painstaking', 'pajuil', 'palate', 'palma', 'palpable', 'pan', 'panache', 'pandemic', 'pang', 'panic', 'panther', 'paperwork', 'parade', 'paradox', 'paralyze', 'parasocial_relationship', 'parent', 'paris', 'park', 'parking_lot', 'parody', 'partake', 'participatory', 'particular', 'partner', 'party', 'pass', 'passage', 'passenger', 'passing', 'passion', 'passé', 'past', 'past_present', 'past_year', 'pastor', 'pat', 'path', 'patience', 'patter', 'pause', 'pavement', 'pay', 'pay_attention', 'pay_tribute', 'pc', 'peace', 'peaceful', 'peacock', 'peak', 'pearl', 'pearson', 'peculiar', 'pedagogical', 'pedestal', 'pedreira', 'pee', 'peek', 'peer', 'pelly', 'penal', 'penny', 'penultimate', 'people', 'pepa', 'percent', 'perceptive', 'perch', 'percussion', 'percussive', 'perfect', 'perform', 'performance', 'performer', 'perfume', 'peril', 'period', 'periodic', 'periscope', 'permanence', 'permeate', 'permission', 'perpetrate', 'perplex', 'perplexed', 'persecute', 'person', 'persona', 'persona-\u200bbuilding', 'personal', 'personal_history', 'personal_life', 'personality', 'perspective', 'persuade', 'pervasive', 'perverso', 'petal', 'petroleum', 'pew_research', 'ph.d.', 'phenom', 'phenomenon', 'philosopher', 'philosophy', 'phishe', 'phoebe', 'phoenix', 'phone', 'phony', 'photographer', 'phrase', 'phrasing', 'physical', 'physical_mental', 'piano', 'pick', 'pickup', 'picnic', 'picture', 'pie', 'piece', 'piecemeal', 'pile', 'pillar', 'pin', 'pinballe', 'pineapple', 'ping', 'pining', 'pink', 'pink_siifu', 'pinnacle', 'pioneer', 'pit', 'pitch', 'pitchfork', 'pity', 'pivot', 'pivotal', 'place', 'placid', 'plain_simple', 'plan', 'planet', 'plank', 'plant', 'plantain', 'plantation', 'plastic', 'plate', 'platform', 'platinum', 'platitude', 'play', 'playacting', 'player', 'playfulness', 'playground', 'playlist', 'plead_guilty', 'pleading', 'pleasure', 'plena', 'plenty', 'pliability', 'plot', 'ploy', 'plundered', 'plunge', 'plural', 'pocket', 'podcast', 'poem', 'poet', 'poet_laureate', 'poetic', 'poetics', 'poetry', 'poets', 'point', 'pointless', 'poisonous', 'poker', 'police', 'police_officer', 'polish', 'politic', 'political', 'pomarrosa', 'pompous', 'ponder', 'pondering', 'poor', 'pop', 'pop_chart', 'pop_duo', 'pop_music', 'pop_song', 'pop_star', 'popular', 'popularity', 'popularize', 'pore', 'portal', 'portland', 'pose', 'position', 'positive', 'positivity', 'possession', 'possibility', 'possible', 'possum', 'post', 'post_-', 'post_instagram', 'post_twitter', 'post_video', 'postcolonial', 'poster', 'postmodern', 'potato', 'potency', 'potent', 'potential', 'pound', 'pour', 'poverty', 'power', 'powerful', 'practice', 'practitioner', 'praise', 'pray', 'prayer', 'pre_-', 'precarious', 'precious', 'predecessor', 'predicate', 'prefer', 'preference', 'prelapsarian', 'prepandemic', 'preparation', 'prepare', 'presence', 'present', 'presidential_campaign', 'press', 'pressure', 'prestige', 'presume', 'pretend', 'previous', 'previous_generation', 'price', 'pride', 'priestess', 'primal', 'primary', 'prince', 'princess', 'principled', 'print', 'prioritize', 'private', 'privilege', 'probation', 'problem', 'problems', 'process', 'process_listen', 'processing', 'procession', 'proclaim', 'prodigious', 'prodigiousness', 'produce', 'producer', 'product', 'production', 'profane', 'professional', 'professor', 'profile', 'profound', 'progenitor', 'prohibition', 'project', 'proliferate', 'prolong', 'prolonged', 'prominence', 'promise', 'promotional', 'prompt', 'prone', 'pronoun', 'proof', 'propagate', 'propel', 'proper', 'prophecy', 'prophetic', 'proposal', 'prostitute', 'prostrate', 'protagonist', 'protect', 'protection', 'protest', 'proud', 'prove', 'provide', 'provider', 'provoke', 'proximity', 'proxy', 'psychedelic', 'psychic', 'psychological', 'puberty', 'public', 'public_discourse', 'public_housing', 'publicity', 'publish', 'puerto_rican', 'puerto_rico', 'puff', 'puke', 'pull', 'pulverize', 'pummel', 'pump', 'pumpkin', 'punch', 'punchmade_dev', 'punish', 'punk', 'pupil', 'purchase', 'pure', 'purgative', 'purple', 'purport', 'purpose', 'pursuit', 'puréed', 'push', 'pyrotechnic', 'qawwali', 'quality', 'quando', 'queda', 'queen', 'queen_latifah', 'queens', 'queer', 'question', 'question_answer', 'quick', 'quiet', 'quik', 'quintessential', 'quinton', 'quit', 'quon', 'quotidian', 'qué', 'r.&b.', 'racial', 'racialize', 'racism', 'racist', 'rack', 'radiate', 'radio', 'radio_station', 'radiohead', 'rae', 'rage', 'rain', 'raincoats', 'rainforest', 'rainy', 'raise', 'raising', 'raleigh', 'ramito', 'rampant', 'random', 'range', 'rap', 'rap_lyric', 'rap_song', 'rapid', 'rapper', 'rapper_delight', 'rapping', 'rapture', 'rare', 'rarefied', 'rasp', 'ratner', 'rattle', 'raunchy', 'raw', 'rawness', 'reach', 'react', 'reaction', 'read', 'reading', 'ready', 'real', 'realist', 'reality', 'realization', 'realize', 'reap', 'rear', 'reason', 'reasonable', 'reassert', 'reassertion', 'reassess', 'reassurance', 'rebel', 'rebellion', 'reborn', 'rebury', 'recall', 'recap', 'receive', 'recent', 'recent_year', 'reception', 'receptiveness', 'recipe', 'reciprocal', 'reckless', 'reclaim', 'reclamation', 'recluse', 'recognition', 'recognizable', 'recognize', 'recollection', 'recombinant', 'reconstruct', 'record', 'recording', 'recover', 'recuperate', 'recur', 'red', 'redding', 'reduce', 'refer', 'reference', 'reflect', 'reflection', 'refract', 'refrain', 'refreshing', 'refuse', 'regal', 'regard', 'regional', 'regret', 'regurgitate', 'rehearsal', 'reinstate', 'reintroduce', 'reinvent', 'rejection', 'relate', 'relation', 'relationship', 'relative', 'relax', 'relay', 'release', 'relentless', 'reliable', 'relief', 'religious', 'rely', 'remain', 'remark', 'remember', 'remind', 'reminder', 'remix', 'remixe', 'remote_work', 'render', 'rending', 'renown', 'rent', 'rent_money', 'rental', 'reparation', 'repeat', 'repetition', 'rephrase', 'replace', 'reply', 'report', 'repository', 'repost', 'reproduce', 'republic', 'repulsive', 'request', 'require', 'rerecord', 'rerelease', 'rescue', 'resemble', 'resent', 'resentment', 'reserve', 'resident', 'resignation', 'resist', 'resistance', 'resonance', 'resonate', 'resource', 'respect', 'respond', 'response', 'responsible', 'restless', 'restore', 'restructuring', 'result', 'retain', 'rethink', 'retool', 'retreat_spotlight', 'retribution', 'retro', 'return', 'reunion', 'rev', 'reveal', 'revelation', 'revenge', 'reverb', 'reverse', 'review', 'revisit', 'revive', 'revolution', 'revolve', 'reward', 'rewind', 'rey', 'reyes', 'rhyme', 'rhythm', 'rhythmic', 'rich', 'riches', 'richness', 'rico', 'ride', 'ridiculous', 'riff', 'right', 'rihanna', 'ring', 'riot', 'rip', 'ripe', 'rise', 'risk', 'ritual', 'rival', 'road', 'roam', 'roar', 'roberto', 'robyn', 'rocca', 'rock', 'rock_roll', 'rock_song', 'rocker', 'rod', 'rodrigo', 'rodríguez', 'role', 'roll', 'rolling_stone', 'romance', 'romantic', 'ronald_reagan', 'rondo', 'room', 'root', 'rootlessness', 'rootsy', 'rosa', 'rose', 'rosen', 'rosy', 'rot', 'rotation', 'rote', 'rotten', 'round', 'roxanne', 'roy', 'royal', 'rub', 'rube', 'rubinos', 'rubén_blades', 'rudimentary', 'rue', 'rufus', 'rug', 'ruin', 'rule', 'rumble', 'rumination', 'run', 'rush', 'rust', 'ruthless', 'ryan', 'río', 's.u.v.', 'saba“burn', 'sabotage', 'saccharine', 'sacrilegious', 'sad', 'sad_banger', 'sadness', 'safe', 'sakawa', 'salon', 'salsa', 'salutation', 'salve', 'salvific', 'sam', 'samba', 'samoa', 'sample', 'san_diego', 'san_francisco', 'sancocho', 'sanguine', 'sasha', 'satiate', 'satisfie', 'saturate', 'sauna', 'save', 'savor', 'savvy', 'scaffold', 'scale', 'scally', 'scam', 'scam_rap', 'scam_rapper', 'scam_scam', 'scamme', 'scammed', 'scammer', 'scamming', 'scan', 'scandalous', 'scary', 'scat', 'scene', 'scenes', 'scheme', 'scholar', 'school', 'schooler', 'schorske', 'scissorhands', 'scope', 'scorch_earth', 'score', 'scorn', 'scorsese', 'scott', 'scour', 'scramble', 'scrap', 'scratching', 'scream', 'screen', 'screenshot', 'script', 'scruffy', 'scrutiny', 'scurre', 'scurrrrd', 'sea', 'seamless', 'search', 'season_1', 'season_2', 'seasons', 'seat', 'second', 'secret', 'section', 'seduce', 'seductive', 'seed', 'seek', 'segregated', 'seize', 'seizure', 'selection', 'self', 'self_inflict', 'selfhood', 'selfmade', 'sell', 'semiprivate', 'semiuniversal', 'send', 'sensation', 'sensational', 'sense', 'sense_humor', 'sense_urgency', 'sensibility', 'sensitive', 'sensual', 'sensuality', 'sentence', 'sentence_life', 'sentence_probation', 'sentiment', 'separate', 'separation', 'september', 'sequitur', 'serial', 'series', 'seriousness', 'serpent', 'serve', 'server', 'service', 'session', 'sessions', 'set', 'setting', 'settle', 'setup', 'seven', 'sew', 'sex', 'sexual', 'sexuality', 'shade', 'shadowy', 'shady', 'shag', 'shake', 'shakim', 'shakur', 'shame', 'shane', 'shanté', 'shape', 'share', 'sharona', 'shattered', 'shed', 'shell', 'shift', 'shill', 'shine', 'shiny', 'shirt', 'shit', 'shiver', 'shmurda', 'shock', 'shoe', 'shoot', 'shop', 'shopping', 'short', 'shorthand', 'shot', 'shoulder', 'shout', 'shove', 'shovel', 'showcase', 'showstoppe', 'showstopper', 'shrink', 'shrub', 'shrug', 'shudder', 'shuffle', 'shy', 'sick', 'sided', 'sideline', 'sideway', 'siembra', 'sigh', 'sign', 'signature', 'silk_sonic', 'silliness', 'silvery', 'similar', 'similes', 'simon', 'simple', 'sin', 'sinatra', 'sing', 'singe', 'singer', 'singer_songwriter', 'singing', 'single', 'singsong', 'singular', 'sip', 'siphon', 'siren', 'sit', 'site', 'situate', 'situation', 'situational', 'size', 'skateboard', 'ski', 'skill', 'skilled', 'skillibeng', 'skittishness', 'skull', 'sky', 'slack', 'slang', 'slap', 'slasher', 'slave', 'sleek', 'sleepless_night', 'slice', 'slick', 'slide', 'slight', 'slim', 'sling', 'slinky', 'slip', 'slog', 'slogan', 'slouch', 'slow', 'sludgy', 'slurry', 'sly', 'small', 'smart', 'smash', 'smatter', 'smells', 'smile', 'smith', 'smoke', 'smoke_cigarette', 'smother', 'snake', 'snapes', 'snarl', 'snatch', 'sneer', 'snippet', 'snoop_dogg', 'snow', 'soak', 'soap', 'sobering', 'social', 'social_medium', 'social_medium_platform', 'social_security', 'socialize', 'society', 'sociopathic', 'soft', 'soften', 'software', 'soil', 'solace', 'solar_power', 'soldier', 'sole', 'solid', 'solidarity', 'solomon', 'solution', 'son', 'song', 'song_title', 'songbook', 'songs', 'songwrite', 'songwriter', 'songwriting', 'sonic', 'soothe', 'sophisticated', 'sophomore', 'sorrow', 'sort', 'soul', 'soul_search', 'soulless', 'sound', 'soundscape', 'soundtrack', 'source', 'south', 'south_africa', 'south_african', 'southern', 'souza', 'sowing', 'spa', 'space', 'spain', 'spammer', 'span', 'spanish', 'spare', 'sparkle', 'sparse', 'sparser', 'spartan', 'spawn', 'speak', 'speak_phone', 'speaker', 'special', 'specialize', 'specific', 'speciman', 'spectrum', 'speculate', 'speculation', 'speculative', 'speech', 'speed', 'spell', 'spend', 'spend_time', 'spice', 'spin', 'spine', 'spiral', 'spirit', 'spiritual', 'split', 'spoil', 'spoiler', 'spoken', 'sport', 'spot', 'spotify', 'spotlight', 'sprawl', 'sprawling', 'spread', 'spread_disinformation', 'spree', 'spring', 'springfield', 'springsteen', 'sprint', 'squander', 'squeaky', 'squeal', 'st.', 'stability', 'stadium', 'staff_writer', 'stage', 'stain', 'stairway', 'stake', 'stalemate', 'stallion', 'stamma', 'stance', 'stand', 'standard', 'standoffish', 'staple', 'star', 'stardom', 'stare', 'stark', 'starr', 'start', 'starz', 'state', 'state_department', 'state_university', 'stately', 'statement', 'staten_island', 'station', 'status', 'stay', 'stead', 'steady', 'steal', 'steely', 'steinberg', 'stellar', 'step', 'stephen', 'stereotype', 'steven', 'stew', 'stick', 'sticky', 'stiff', 'stifle', 'stillness', 'stimulate', 'stinging', 'stirring', 'stock', 'stoke', 'stolen', 'stomach', 'stomping', 'stone', 'stone_nail', 'stop', 'store', 'storm', 'story', 'storytelle', 'straighten', 'straightforward', 'strain', 'strained', 'strange', 'stranger', 'stratagem', 'stray', 'streak', 'stream', 'streaming', 'streaming_service', 'street', 'strength', 'stress', 'stressful', 'stressin', 'stretch', 'strident', 'strike', 'strip', 'strip_club', 'strip_mall', 'strive', 'stroll', 'strong', 'structural', 'structure', 'struggle', 'student', 'studies', 'studio', 'studio_album', 'study', 'stuff', 'stumble', 'stunt', 'stupid', 'stutter', 'style', 'suave', 'subculture', 'subdue', 'subject', 'subject_matter', 'subliminal', 'submit', 'subsequent', 'substance', 'substantial', 'subtext', 'subtle', 'suburb', 'subvert', 'success', 'successful', 'succession', 'sucker', 'suddenness', 'suffer', 'suffering', 'suffice', 'sufi', 'sugar', 'sugarhill', 'suggest', 'suit', 'suite', 'suitor', 'sum', 'summarize', 'summer', 'summerstage', 'summon', 'sun', 'sunday', 'sung', 'sunglass', 'sunny', 'sunshine', 'super_bowl', 'superhearing', 'supermarket', 'supermodel', 'superstar', 'superstrength', 'supervisor', 'supply_chain', 'support', 'suppose', 'sure', 'surf', 'surface', 'surprise', 'surprised', 'surreal', 'surrender', 'surrounding', 'survival', 'survive', 'surviving', 'suspend', 'suspense', 'suspicion', 'sustain', 'sustained', 'suture', 'swagger', 'swampy', 'swarm', 'swarovski', 'swear', 'sweatshirt', 'sweatshirt_music', 'swedish', 'sweep', 'sweepstake', 'sweet', 'sweetest', 'sweetness', 'swell', 'swift', 'swindle', 'swindler', 'swing', 'swipe', 'swiping', 'swirl', 'switch', 'sylvester', 'symbol', 'syncopate', 'synesthesia', 'synth', 'synthesis', 'synthesizer', 'system', 'sza', 't.l.c.', 't_shirt', 'table', 'tabloid', 'taboo', 'tack', 'tact', 'tag', 'tail', 'taiwan', 'taja', 'taking', 'talent', 'talented', 'talib', 'talk', 'talk_bruno', 'talkin', 'talking', 'tall', 'tankz', 'tap', 'tape', 'target', 'task', 'taste', 'taxonomic', 'taylor_swift', 'teach', 'teacher', 'tear', 'tear_eye', 'tease', 'tech', 'technical', 'technique', 'technology', 'teejayx6', 'teen', 'teenage', 'teenager', 'teenageriness', 'teeter', 'telephone', 'television', 'tell', 'tell_story', 'teller', 'tem', 'temicxoch', 'template', 'tempo', 'tems', 'tend', 'tendency', 'tender', 'tennis', 'tense', 'tentative', 'term', 'terrible', 'territory', 'terror', 'test', 'tetris', 'text', 'text_message', 'texte', 'thank', 'thank_god', 'thebe', 'theft', 'thematic', 'theme', 'theorist', 'theory', 'therapy', 'therapy_session', 'thick', 'thicket', 'thigh', 'thin', 'thing', 'thing_happen', 'think', 'thinking', 'thorny', 'thought', 'thoughtful', 'thousand', 'thousand_people', 'thrash', 'threat', 'threaten', 'threatening', 'threw', 'thrifty', 'thrill', 'thrilling', 'thrive', 'throe', 'throw', 'thug', 'thumb', 'thumbnail', 'thump', 'tide', 'tie', 'tight', 'tiktok', 'tiktoks', 'tilt', 'time', 'timeless', 'timeline', 'timeworn', 'tina', 'tinder', 'tinge', 'tipping_point', 'tippy', 'tired', 'titillate', 'title', 'title_track', 'tito', 'today', 'todd', 'todo_el', 'toe', 'toll', 'tom', 'tomorrow', 'tone', 'tongue', 'toni_morrison', 'tonight', 'tool', 'tooth', 'toronja', 'torso', 'tote', 'touch', 'touchstone', 'tough', 'tour', 'touring', 'tout', 'towel', 'town', 'townie', 'track', 'tracksuit', 'trade', 'trademark', 'tradition', 'traffic', 'train', 'transcend', 'transcendent', 'transfer', 'transference', 'transform', 'transformation', 'transgressive', 'translate', 'translation', 'translator', 'transpire', 'trap', 'trapping', 'travel', 'traveler', 'travis', 'trayvon', 'treach', 'treat', 'tree', 'tremble', 'tremendous', 'trench', 'trenchant', 'trend', 'trick', 'trickster', 'trip', 'tripper', 'triumphal', 'triumphant', 'trivia', 'trivial', 'troll', 'trope', 'tropical', 'trouble', 'true', 'truer', 'trust', 'truth', 'try', 'try_convince', 'tryin', 'tuesday_morning', 'tug', 'tumble', 'tumblr', 'tumultuous', 'tune', 'tuned', 'tupac', 'turbulence', 'turkey', 'turmoil', 'turn', 'turner', 'turners', 'turnstile', 'tutorial', 'tv', 'tweak', 'tweet', 'twerk', 'twice', 'twilight', 'twin', 'twirl', 'twisting', 'twitter', 'twitter_account', 'twitter_feed', 'twttr', 'tyler', 'tyler_creator', 'type', 'typical', 'u', 'u.s.', 'u.s._marshal', 'uchis', 'ultimate', 'ultravox', 'ulvaeus', 'una', 'unabashe', 'unanswerable', 'unanswered', 'unauthorized', 'unaware', 'unbearable', 'unbecoming', 'uncanny', 'uncertain', 'uncertainty', 'uncharted', 'uncomfortable', 'unconscious', 'uncurl', 'uncut', 'undercelebrated', 'undercooked', 'undercut', 'underdevelopment', 'underground', 'underline', 'underneath', 'understand', 'understanding', 'undertreated', 'unearth', 'unease', 'uneasy', 'unexpected', 'unfamiliar', 'unflinche', 'unfold', 'uninhabitable', 'union', 'unit', 'unite', 'united_states', 'universe', 'university_california', 'university_california_berkeley', 'unlikely', 'unlock', 'unmastered', 'unmeet', 'unmetrical', 'unnamed', 'unofficial', 'unpleasant', 'unprecedented', 'unreciprocating', 'unreliable', 'unremarkable', 'unrequited', 'unresolved', 'unruly', 'unsaid', 'unseat', 'unselfconscious', 'untangle', 'unthinkable', 'unusual', 'unwieldy', 'unyielde', 'upbeat', 'upcoming', 'update', 'upgrade', 'uplift', 'uprising', 'uptown', 'uptown_girl', 'ur', 'urban', 'urge', 'urgency', 'use', 'useful', 'user', 'usual', 'utility', 'utopian', 'utter', 'uzi', 'vaccination', 'value', 'vanessa', 'vanguard', 'vanilla', 'vanish', 'variability', 'varietal', 'variety', 'vast', 'veer', 'vehicle', 'velvet', 'venue', 'verano', 'verbal', 'versatility', 'verse', 'version', 'vertiginous', 'vessel', 'vest', 'vibe', 'vibrant', 'victoria', 'video', 'video_mama', 'view', 'viewer', 'villager', 'vine', 'violation', 'violence', 'viral', 'virgen', 'virginia', 'virtual', 'visage', 'viscous', 'visible', 'vision', 'visit', 'vista', 'visualize', 'vital', 'vividness', 'vocal', 'vocalist', 'voice', 'voltage', 'volume', 'vomit', 'voyage', 'vulgarity', 'vulnerability', 'vulnerable', 'vybz', 'wade', 'wait', 'wake', 'walk', 'walker', 'wall', 'walmart', 'wanna', 'want', 'war', 'ward', 'warfield', 'warm', 'warmth', 'warn', 'wary', 'wash', 'washington', 'watch', 'water', 'wave', 'way', 'wayne', 'weak', 'wear', 'weariness', 'weary', 'weather', 'weave', 'web', 'weber', 'website', 'wedding', 'weed', 'week', 'weekend', 'weeknd', 'wees', 'weigh', 'weighty', 'weird', 'welcome', 'welcoming', 'welfare', 'wesley_morris', 'west', 'west_africa', 'western', 'whip', 'whirlwind', 'whisper', 'whispery', 'white', 'whitney', 'whoa', 'whomever', 'wide', 'wield', 'wife', 'wild', 'willie', 'willing', 'willing_pay', 'willingness', 'willis_photographer', 'willisat', 'willisi', 'willisone', 'willisthe', 'williswhen', 'wilshire', 'win', 'wind', 'windowsill', 'wings', 'wink', 'winner', 'winter', 'wire', 'wire_fraud', 'wisdom', 'wise', 'wish', 'wishbone', 'wit', 'withhold', 'witness', 'witty', 'wizkid', 'woke', 'woman', 'women', 'wonder', 'wonderful', 'wooden', 'woods', 'woodsbeach', 'woozy', 'word', 'wordless', 'work', 'worker', 'working', 'world', 'worldview', 'worldwide', 'worm', 'worry', 'worship', 'worth', 'worthy', 'wound', 'wow', 'wrap', 'wreckage', 'wring', 'wristband', 'write', 'writer', 'writer_editor', 'writing', 'wrong', 'wry', 'wunna', 'wyclef', 'x', 'xenia', 'xochipilli', 'y', 'yacht', 'yahoo', 'yank', 'yard', 'yarimir', 'yates', 'yc', 'ye', 'yeah', 'year', 'year_old', 'yearning', 'yell', 'yellow', 'yes', 'yeti', 'yo', 'yoncé', 'yonkers', 'yorick', 'young', 'young_adult', 'young_boy', 'young_woman', 'youngboy', 'youth', 'youthful', 'youtube', 'you’re', 'yusuf', 'y’all', 'z.', 'zanzibar', 'zeitgeist', 'zepp', 'zeppelin', 'zeus', 'zoe', 'zoom', 'à', 'édouard', '’', '’_amazing', '’_hard', '’_true', '’_unclear', '”read']"
83,1498236571316895745,49,23,162,https://nyti.ms/3tfjGn9,2022-02-28 05:00:09-05:00,"['10', '152', '19', '1938', '2007', '2018', '377', '377a', '377a.', 'able', 'access', 'accommodate', 'acknowledge', 'acknowledgment', 'act', 'activist', 'activist_group', 'adult', 'advocacy_group', 'allow', 'anal_sex', 'annual', 'antiquated', 'appeal', 'architect', 'argue', 'aspect', 'blow', 'book', 'bring', 'british', 'case', 'cause', 'center', 'challenge', 'change', 'chee', 'choong', 'clement', 'cold', 'colonial', 'colony', 'comfort', 'community', 'conclude', 'consent', 'conservative', 'constitutional', 'continue', 'counseling', 'country', 'court', 'credible', 'criminalize', 'deal', 'decide', 'decision', 'decline', 'devastating', 'devise', 'disappoint', 'disappointed', 'disc', 'discrimination', 'divergent', 'diverse', 'doctor', 'dot', 'dr.', 'enforce', 'engage', 'entirety', 'entitle', 'equality', 'era', 'event', 'executive', 'executive_director', 'face', 'fall', 'fall_short', 'final', 'frustrating', 'gay', 'gay_man', 'government', 'gross', 'group', 'harassment', 'harm', 'health_care', 'hesitate', 'home', 'hong', 'hope', 'hsien', 'ignore', 'impact', 'impose', 'indecency', 'india', 'indian', 'inspire', 'interest', 'interference', 'investigation', 'island_nation', 'jockey', 'johnson', 'kee', 'know', 'l.g.b.t.q.', 'law', 'law_enact', 'lead', 'leave', 'lee', 'legal', 'lie', 'life', 'live', 'loong', 'man', 'marketing', 'matter', 'medium', 'ming', 'modern', 'monday', 'month', 'note', 'ong', 'oral', 'organize', 'original', 'overturn', 'page', 'parliament', 'perpetuate', 'pink', 'place', 'plaintiff', 'pledge', 'pluralistic', 'police', 'policy', 'pride', 'prime_minister', 'principle', 'prohibit', 'promote', 'prosecution', 'prosecutorial', 'provision', 'pursue', 'ready', 'real', 'repeal', 'responsibility', 'retired', 'right_activist', 'right_advocate', 'rule', 'rule_apply', 'ruler', 'ruling', 'runner', 'safe', 'school', 'section', 'seek', 'seng', 'sense', 'service', 'sex', 'sg', 'sign', 'similar', 'singapore', 'small', 'social', 'society', 'southeast_asian', 'spokesman', 'stand', 'standing', 'statement', 'stigmatize', 'strike', 'suffer', 'supreme_court', 'tan', 'threat', 'time', 'today', 'undermine', 'unenforceable', 'vision', 'vital', 'vote', 'woman', 'work', 'workplace', 'year', 'year_prison']"
84,1497240469213958147,102,92,450,https://nyti.ms/359vWxA,2022-02-25 11:01:59-05:00,"['addict', 'address', 'agreement', 'air', 'arm', 'ask', 'assuage', 'band', 'belarus', 'believe', 'bloody', 'brief', 'brutal', 'claim', 'come', 'communicate', 'dangerous', 'day', 'describe', 'drug', 'easy', 'engage', 'entire', 'fear', 'fighting', 'friday_evening', 'gang', 'government', 'group', 'hand', 'hold', 'hostage', 'kremlin', 'kremlin_spokesman', 'kyiv', 'language', 'launch', 'lay', 'lodge', 'long_time', 'look', 'minsk', 'moscow', 'multiple', 'nationalist', 'nazi', 'nazis', 'neighbor', 'neo_-', 'offer', 'pause', 'peace_talk', 'people', 'peskov', 'plan', 'power', 'president_vladimir_v._putin', 'president_volodymyr_zelensky', 'propose', 'public', 'putin', 'question', 'regular', 'remark', 'reporter', 'residential_neighborhood', 'rocket', 'russia', 'russian', 'russian_army', 'schedule', 'security_council', 'set', 'situation', 'speak', 'state_television', 'suggest', 'system', 'talk', 'time', 'touch', 'try', 'ukrainian', 'ukrainian_army', 'ukrainian_military', 'ukrainian_official', 'ukrainian_soldier', 'urge', 'video', 'war', 'warsaw', 'zelensky']"
85,1498565210629709824,129,63,726,https://nyti.ms/3C0K7kx,2022-03-01 02:46:02-05:00,"['1', '100_million', '1980', '1984', '1991', '200', '2008', '20th_century', 'access', 'accord', 'account', 'acid', 'action', 'add', 'aeroflot', 'affect', 'afghanistan', 'aggression', 'allow', 'ambassador', 'american', 'americans', 'angela', 'anna_netrebko', 'announce', 'annual', 'antagonize', 'april', 'area', 'arnault', 'artist', 'attack', 'australia', 'author_book', 'aware', 'backdrop', 'backer', 'backlash', 'ballad', 'ballet', 'ban', 'ban_russian', 'bank', 'bar', 'bartender', 'bear', 'beer', 'begin', 'believe', 'berlin', 'bernard', 'besiege', 'bilan', 'black', 'blockbuster', 'bomb', 'boost', 'bottle', 'boycott', 'brand', 'brazil', 'breed', 'brezhnev', 'brookings_institution', 'business', 'calamitous', 'canada', 'canadian', 'cancel', 'cancellation', 'capital', 'carnegie_hall', 'carnival', 'carrier', 'carry', 'case', 'catalog', 'cater', 'champions_league', 'change', 'change_mind', 'cheering', 'chief', 'chief_executive', 'citizen', 'close', 'close_airspace', 'close_tie', 'club', 'co_-', 'coincide', 'cold_war', 'collaboration', 'collapse', 'collect', 'color', 'colorado', 'comedian', 'commerce', 'communist', 'company', 'concert', 'concoct', 'conductor', 'conflict', 'context', 'contribution', 'control', 'corner', 'costume', 'country', 'credit_card', 'critic', 'crowd', 'cultural', 'cultural_institution', 'culture', 'dash', 'dawn', 'day', 'deal', 'dealing', 'decade', 'deepen', 'defiance', 'denounce', 'depth', 'dima', 'director', 'disavow', 'discussion', 'dismissal', 'distance', 'divestment', 'divide', 'door', 'dozen', 'drain', 'drink', 'drive', 'drop', 'e.', 'economy', 'educate', 'education', 'elite', 'english', 'europe', 'european', 'european_union', 'eurovision', 'event', 'example', 'exchange', 'exhibit', 'expert', 'explain', 'facade', 'face', 'fade', 'fail', 'fan', 'feature', 'feel', 'festival', 'fictional', 'fifa', 'figure', 'film', 'final', 'financial', 'flight', 'flock', 'fly', 'football', 'force', 'foreign', 'formula', 'foundation', 'frame', 'french', 'frigid', 'games', 'gazprom', 'gelb', 'general_manager', 'germany', 'gesture', 'giant', 'ginger', 'global', 'golden', 'governing_body', 'government', 'grand', 'grass_root', 'greatness', 'greece', 'grow', 'happy', 'harm', 'hat', 'hear', 'high_level', 'hilaire', 'hill', 'hit', 'hockey', 'holiday', 'hollywood', 'homeland', 'hope', 'host', 'i.', 'icon', 'idea', 'image', 'imminent', 'impact', 'impulse', 'indyk', 'ineligible', 'inflict', 'influence', 'initiative', 'institution', 'intense', 'interconnected', 'internet', 'intolerable', 'invasion', 'invasion_ukraine', 'investigate', 'involve', 'isolate', 'isolated', 'israel', 'israeli', 'israelis', 'janeiro', 'japan', 'jerusalem', 'jingoistic', 'join', 'kaplan', 'karaoke', 'kind', 'know', 'kremlin', 'la', 'large', 'lark', 'late_night', 'latvia', 'laurent', 'leader', 'league', 'leave', 'leonid', 'letter', 'level', 'light', 'likely', 'lime', 'limit', 'liquor_store', 'live', 'loan', 'london', 'longtime', 'look', 'los_angeles', 'lose', 'louis_vuitton', 'lucerne', 'lvmh', 'madrid', 'maestro', 'magic', 'magnate', 'main', 'major', 'manufacture', 'march', 'martin', 'matter', 'maurício', 'mcfaul', 'medium', 'meet', 'meirelles', 'met', 'metropolitan_opera', 'michael_a.', 'middle_class', 'milan', 'million', 'mind', 'misplace', 'monday', 'money', 'morale', 'moscow', 'mothballing', 'mountain', 'movement', 'mule', 'munich', 'music', 'myriad', 'n', 'narrative', 'national', 'natural_gas', 'new', 'new_hampshire', 'nuclear', 'occupation', 'ohio', 'oligarch', 'olympic_games', 'olympics', 'open', 'opinion', 'opposition', 'opprobrium', 'ordinary_russians', 'organization', 'ottawa', 'owner', 'p', 'paint', 'painting', 'palestinian', 'palestinians', 'parallel', 'paris', 'parliament', 'peace', 'peace_mind', 'pennsylvania', 'people', 'perform', 'peter', 'philharmonic', 'pile', 'pipeline', 'plane', 'play', 'poland', 'policy', 'political', 'popular', 'population', 'post_instagram', 'potent', 'pour', 'power', 'prague', 'present', 'president_emmanuel_macron_france', 'president_vladimir_v._putin', 'pressure', 'pressure_government', 'prix', 'problematic', 'prompt', 'protest', 'provincial', 'provoke', 'pub', 'public', 'puccini', 'pull', 'punch', 'putin', 'qualify', 'reaction', 'reclaim', 'red', 'refuse', 'regime', 'relate', 'release', 'relocate', 'remain', 'rename', 'repudiation', 'resentment', 'resign', 'restriction', 'retaliate', 'riga', 'right', 'rio_de', 'rough', 'round', 'rule', 'russia', 'russian', 'russian_invasion', 'russian_oil', 'russians', 's.', 'sanction', 'sanction_impose', 'sanctions', 'scala', 'schalke', 'schedule', 'scornful', 'scrap', 'senior_fellow', 'sentiment', 'september', 'serve', 'sever', 'shelf', 'showcase', 'shun', 'sign', 'simulacrum', 'ski_area', 'skip', 'soccer', 'soccer_team', 'sochi', 'society', 'solidarity', 'song_contest', 'soprano', 'soviet', 'soviet_union', 'soviets', 'spade', 'speak', 'spend', 'sponsorship', 'sport', 'sporting_event', 'spot', 'st._petersburg', 'stanislavksi', 'staple', 'star', 'start', 'state', 'statement', 'stent', 'stolichnaya', 'strip', 'success', 'successive', 'sunday', 'sunder', 'support', 'sure', 'suspect', 'suspend', 'swath', 'sweeping', 'swim', 'switzerland', 'symbolic', 'symphony', 'são_paulo', 't', 'tailor', 'talk', 'target', 'team', 'television', 'television_movie', 'term', 'textile', 'theatre', 'think', 'thousand_people', 'thursday', 'time', 'totality', 'tournament', 'tower', 'travel', 'troop', 'trucker', 'try', 'tumble', 'tune', 'turandot', 'turkey', 'u', 'u.n.', 'uefa', 'ukrainian_flag', 'ukrainians', 'united_states', 'urban', 'utah', 'vacation', 'valery_gergiev', 'vermont', 'victimhood', 'video', 'villain', 'violate', 'visible', 'vodka', 'voice', 'war', 'way', 'wear', 'week', 'west', 'west_bank', 'win', 'wonder', 'work', 'world', 'world_championship', 'world_cup', 'worldwide', 'worth', 'year', 'young', 'yulia']"
86,1490074010201337873,22,10,100,https://nyti.ms/3rtWVMQ,2022-02-05 16:25:02-05:00,"['15_year', '90_minute', 'abakar', 'abortion', 'achouackh', 'act', 'alio', 'american', 'amina', 'autonomy', 'available_watch_home_\u200b\u200beurovision', 'background', 'bad', 'balance', 'balanced', 'bared', 'batch_movie_tv_streaming', 'belly', 'blade', 'blend', 'body', 'bond', 'bonds', 'bow', 'braid', 'briya', 'buy', 'car_truck', 'chad', 'change', 'character', 'charming', 'child', 'choose_binge_easy', 'circle', 'circumstance', 'city', 'classic', 'close', 'clothe', 'coal', 'coda', 'color', 'come', 'complement', 'complex', 'complicate', 'connect', 'costume', 'country', 'cover', 'credit', 'cruelty', 'cut', 'dancing', 'dark', 'daughter', 'day', 'deep_breath', 'demure', 'design', 'despair_good_offering_netflix', 'dialogue', 'different', 'difficult', 'direct', 'disney+_amazon_prime_hulu', 'disrupt', 'distil', 'divine', 'djaoro', 'dog', 'dollar', 'domestic', 'dune_2022_oscar_winner', 'dust', 'effort', 'electric', 'end', 'endeavor', 'entire', 'equivalent', 'escaping', 'estranged', 'exchange', 'exhausting', 'expand', 'expel', 'experience', 'explain', 'extract', 'face', 'faith', 'family', 'fan_recognize_format_american', 'fast', 'fate', 'father', 'fatimé', 'femininity', 'fight', 'fill', 'final', 'find', 'finger', 'flash', 'flee', 'flirt', 'flow', 'flutter', 'focus', 'foot', 'forbid', 'form', 'fragile', 'frame', 'fray', 'freedom', 'gate', 'gendere', 'gift', 'glimpse', 'gomdigue', 'government', 'great', 'grim', 'grit', 'hadjé', 'handful', 'happy', 'haroun', 'harrowing', 'head', 'hear', 'hectoring', 'help', 'heroic', 'hit', 'home', 'horizon', 'hug', 'humble', 'hurdle', 'illuminate', 'image', 'imam', 'include', 'independent', 'instructive', 'job', 'joyous', 'khalil', 'kitten', 'know', 'laborious', 'large', 'laughter', 'leg', 'lend', 'liberation', 'life', 'light', 'lingui', 'live', 'lovely', 'lucid', 'mahamat', 'man', 'maria', 'mean', 'meaning', 'melodic', 'midwife', 'minimalist', 'minute', 'misadventure', 'modesty', 'money', 'mother', 'motion', 'movie', 'murmuring', 'muscle', 'music', 'muslim', 'narrative', 'naturalistic', 'necessitate', 'neighbor', 'new', 'new_singing_competition_read', 'ngoua', 'n’djamena', 'obliging', 'observant', 'obstacle', 'obtain', 'odyssey', 'official', 'old', 'old_daughter', 'open', 'opening', 'organize', 'pesky', 'playful', 'pocket', 'political', 'pour', 'pregnant', 'present', 'primer_overwhelm_endless_option', 'profound', 'prohibition', 'punish', 'question', 'reveal', 'revolt', 'revolutionary', 'rickety', 'rihane', 'roam', 'robe', 'root', 'run', 'sacred', 'safe', 'sail', 'saleh', 'salvage', 'sambo', 'save', 'school', 'secure', 'seize', 'self', 'sell', 'service_march_coda', 'shake_head', 'shape', 'shift', 'shy', 'single', 'sister', 'sisterhood', 'sketch', 'skin', 'slice', 'small', 'smoke', 'sneak', 'soft', 'song_contest_nbc', 'souleymane', 'sound', 'sovereignty', 'specific', 'spend_time', 'spring_arrive_bring_fresh', 'stake', 'stand', 'steel', 'step', 'story', 'stove', 'strain', 'street', 'struggle', 'suffer', 'sweat', 'sweet', 'teasing', 'tenderness', 'texture', 'thick', 'thing', 'thinking', 'threat', 'time', 'tire', 'tough', 'tranquillity', 'triumphant', 'unfold', 'unwavering', 'use', 'venture', 'visual', 'volume', 'voyage', 'wag', 'wall', 'want', 'watch', 'way', 'wire', 'woman', 'work', 'worker', 'world', 'worry', 'wrestle', 'writer_director', 'wrong', 'youssouf', '’']"
87,1500464979702595590,147,196,620,https://nyti.ms/3HLUHx7,2022-03-06 08:35:03-05:00,"['$', '$_1.5', '$_1_million', '-', '117,500', '12', '130,000', '144', '2014', '2015', '2019', '2020', '2021', '2022', '20_percent', '228,094', '36', '40', '41,965', '55', '60,471', '70', '82', 'accomplishment_include', 'accord', 'aces', 'add', 'additional', 'agent', 'agreement', 'airspace', 'allow', 'appear', 'april', 'arike', 'association', 'august', 'australia', 'average', 'award', 'award_season', 'a’ja', 'base', 'basketball', 'basketball_team', 'begin', 'belgium', 'believe', 'bench', 'big', 'bio', 'bird', 'breanna', 'bring', 'brittney_griner', 'bulk', 'cambage', 'career', 'center', 'championship', 'choice', 'collective_bargaining', 'collier', 'common', 'compare', 'compete', 'compete_china', 'competition', 'connecticut', 'connection', 'constant', 'contract', 'corporate', 'country', 'courant', 'create', 'cry', 'curry', 'cut', 'debate', 'detain', 'detention', 'diana', 'difficult', 'discourage', 'disparity', 'dozen', 'draft', 'draw', 'drive', 'drug', 'durant', 'earn', 'earn_$', 'easy', 'ekaterinburg', 'equity', 'essential', 'extra', 'family_friend', 'figure', 'financial', 'financial_support', 'fine', 'finish', 'fly', 'game', 'gender', 'good', 'government', 'griner', 'guard', 'hartford', 'help_explain', 'high', 'home', 'hope', 'hot_button', 'hungary', 'incentive', 'income', 'increase', 'injury', 'international', 'investigation', 'irresponsible', 'israel', 'italy', 'james', 'jones', 'jonquel', 'kevin', 'key', 'land', 'las_vegas', 'late', 'lauren', 'lead', 'league', 'leave', 'lebron', 'little', 'live', 'liz', 'logistic', 'long', 'look', 'lot', 'low', 'lynx', 'man', 'manis', 'marketing', 'maximum', 'mean', 'mercury', 'million', 'minimum', 'minnesota', 'miss', 'money', 'month', 'motivation', 'n.b.a.', 'napheesa', 'national', 'nba', 'new', 'new_york_times', 'news', 'note', 'notice', 'number', 'ogunbowale', 'opener', 'opportunity', 'overseas', 'past_year', 'pay', 'penalty', 'people', 'personal', 'phoenix', 'play', 'player', 'players', 'playing', 'podcast', 'poland', 'politic', 'post', 'post_twitter', 'pressing', 'problem', 'professional', 'program', 'prompt', 'protect', 'push', 'question', 'realize', 'reason', 'recent_year', 'regular_season', 'rest', 'restriction', 'return', 'revenue', 'rookie', 'roster', 'round', 'russia', 'russia_invade_ukraine', 'safety', 'salary', 'saturday', 'season', 'seattle', 'seven', 'sign', 'situation', 'small', 'source', 'sports', 'spot', 'star', 'stark', 'start', 'stay', 'steep', 'stephen', 'stewart', 'storm', 'stressful', 'sue', 'sun', 'supportive', 'talented', 'taurasi', 'team', 'tell', 'tend', 'thank_god', 'thousand_dollar', 'time', 'times', 'tired', 'today', 'topic', 'tournament', 'tracker', 'trade', 'training_camp', 'turkey', 'ukraine', 'ummc', 'union', 'use', 'valuable_player', 'vary', 'veteran', 'w.n.b.a.', 'w.n.b.a._player', 'waive', 'want', 'watch', 'website', 'wednesday', 'wilson', 'win', 'woman', 'women', 'world', 'year', 'young', '’']"
88,1496258526502658057,352,71,1987,https://nyti.ms/35eJ1p0,2022-02-22 18:00:06-05:00,"['$', '$_1.5', '10', '12', '17', '2015', '2016', '2018', '22', '23', '25,500', 'a.', 'accord', 'action', 'activity', 'add', 'address', 'afford', 'alternative', 'appeal', 'area', 'arise', 'arrest', 'atlanta', 'available', 'avery', 'ball', 'base', 'believe', 'belong', 'black', 'body', 'bogus', 'bond', 'buddy', 'bureau_investigation', 'case', 'charge', 'chief', 'citation', 'city', 'city_council', 'claim', 'cocaine', 'come', 'concern', 'concerned', 'conduct', 'content', 'county', 'couple', 'court', 'create', 'cut', 'darin', 'day', 'decide', 'decline_comment', 'defendant', 'department', 'deputy', 'deserve', 'determine', 'discrimination', 'dismiss', 'disrupt', 'dominguez', 'dorm', 'dress', 'drug', 'duty', 'employ', 'end', 'energy', 'example', 'expect', 'extra', 'fact', 'federal', 'filipovits', 'find', 'friend', 'fulton', 'g.b.i.', 'georgia', 'goldre', 'goldring', 'greenamyre', 'hear', 'henry', 'home', 'hope', 'hour', 'identify', 'ii', 'impact', 'incentive', 'injustice', 'innocent', 'inspect', 'interior', 'interview', 'invasive', 'issue', 'jail', 'jaywalk', 'jeff', 'joke', 'juan', 'judge', 'jury', 'justice', 'ju’zema', 'l.g.b.t.q.', 'large', 'law_enforcement_official', 'lawsuit', 'lawsuit_file', 'lawyer', 'lead', 'life', 'light', 'list', 'lock', 'low_level', 'man', 'march', 'mental_health', 'michael', 'midtown', 'miguel', 'million', 'month', 'multiple', 'need', 'negative', 'nightmare', 'northern_district', 'nov.', 'occur', 'oct.', 'offense', 'officer', 'officers', 'open', 'ordeal', 'pay', 'people', 'person', 'perverse', 'phone_number', 'place', 'point', 'police_department', 'police_officer', 'population', 'portion', 'practice', 'pressing', 'purse', 'question', 'ray', 'reform', 'remain', 'respond', 'responsible', 'restore', 'restrepo', 'return', 'reward', 'ruling', 'schierbaum', 'search', 'second', 'semblance', 'set', 'sexual_misconduct', 'shift', 'slice', 'slur', 'smith', 'spend', 'spokesman', 'state', 'steve', 'stress', 'struggle', 'subject', 'substance', 'system', 'taunt', 'tell', 'tempt', 'test', 'test_result', 'testify', 'thursday', 'traffic', 'transgender', 'transgender_woman', 'treat', 'tremendous', 'trial', 'troubling', 'tuesday', 'u.s._district_court', 'underscore', 'verdict', 'violent_crime', 'vladimir', 'wait', 'wear', 'week', 'william', 'work', 'write', 'zack']"
89,1511083701198888966,211,121,1024,https://nyti.ms/3uMx6b6,2022-04-04 16:50:03-04:00,"['11', '1991', '30_year', '47', '53', 'abandon', 'abuser', 'accusation', 'accuse', 'activist', 'advocacy_group', 'agree', 'airing', 'aisle', 'alaska', 'allegation_sexual', 'allow', 'america', 'amy_klobuchar', 'analyst', 'animus', 'announce', 'appeal_court', 'approach', 'approve', 'april_7', 'argue', 'ask', 'assault', 'association_nomination', 'attack', 'backing', 'bad', 'balance', 'base', 'baseless', 'bench_judge', 'biden', 'bipartisan', 'black_woman', 'booker', 'boycott', 'breyer', 'bring', 'buy_sell', 'caliber', 'candidate', 'candor', 'caricature', 'case', 'chairman', 'chamber', 'character', 'charming', 'child', 'choice', 'choose', 'chris', 'cite', 'clapping', 'clarence_thomas', 'colleague', 'combative', 'come', 'committee', 'complain', 'confirm', 'confirmation', 'confirmation_ ', 'confirmation_hearing', 'confirmation_vote', 'conservative', 'consider', 'consideration', 'contemplate', 'content', 'contentious', 'continue', 'control', 'coons', 'cornyn', 'corrosive', 'counterpoint', 'country', 'court', 'court_justice', 'crack', 'create', 'credential', 'credibility', 'crime', 'criticism', 'criticize', 'cruz', 'cultural_issue', 'day', 'deadlock', 'deadlock_final', 'deadlocked', 'debate', 'decision', 'deep', 'defend', 'define', 'defy', 'delaware', 'delay', 'demeanor', 'democrat', 'democrat_illinois', 'democratic', 'democrats', 'demonstrate', 'deny', 'deserve', 'detached', 'detainee', 'different', 'disappointing', 'dispute', 'disrespect', 'distort', 'divide', 'division', 'divisive', 'dominate', 'dominate_conservative', 'elevation', 'embrace', 'endorsement', 'erect', 'exaggeration', 'exclusion', 'expect', 'expedite', 'experience', 'extreme', 'fact', 'fall', 'fall_realm', 'feature', 'federal', 'feel', 'fierce', 'floor', 'force', 'fulfil_campaign', 'g.o.p.', 'gloss', 'goal', 'graham', 'grievance', 'group', 'grow', 'halt_rightward', 'hand', 'harassment', 'harvard_black', 'hear', 'hearing', 'hearing_republicans', 'help', 'hesitate', 'historic', 'historic_nomination', 'history', 'hold', 'honor', 'hope', 'hot_button', 'import', 'important', 'impressive', 'include', 'independent', 'issue', 'j.', 'j._durbin', 'jackson', 'jackson_modern', 'join', 'journey', 'judge', 'judge_jackson', 'judge_ketanji_brown_jackson', 'judicial_independence', 'judicial_nominee', 'judicial_philosophy', 'judiciary', 'judiciary_committee', 'jurist', 'justice_polarized', 'know', 'lack', 'law_enforcement', 'law_enforcement_agency', 'law_students', 'lead', 'legal', 'lend', 'leniency', 'liberal', 'liberal_minority', 'life', 'like', 'line', 'lisa_murkowski', 'little', 'look', 'lot', 'luttig', 'main', 'maine', 'mainstream', 'majority_leader', 'mark', 'masse', 'matter', 'meeting', 'member', 'michael', 'midterm_election', 'minnesota', 'misgiving', 'modicum', 'moment', 'monday', 'month', 'movement', 'murkowski', 'n.a.a.c.p.', 'nation', 'new_jersey', 'new_york', 'nominate', 'nominate_judge', 'nomination', 'nominee', 'north_carolina', 'note', 'offer', 'opinion_suggest', 'opponent', 'oppose', 'opposite', 'opposition', 'outline', 'panel', 'partisan', 'party', 'past', 'pave_way', 'people', 'person', 'personal', 'personal_history', 'perspective', 'persuade', 'philosophical', 'place', 'point', 'political', 'politicization', 'power', 'praise', 'president', 'president_biden', 'press', 'principal', 'procedural', 'procedure', 'process', 'process_confirmation', 'professional', 'progressive', 'prominent', 'promise_nominate', 'prompt_democrats', 'public', 'public_defender', 'qualification', 'qualified', 'question', 'questionable', 'radical', 'rail', 'reality', 'recommendation', 'record', 'refusal', 'refuse', 'regard', 'rehash', 'reiterate', 'reject', 'reliable_member', 'replace_justice', 'representation', 'republican', 'republican_senator', 'republicans', 'resistance', 'response', 'result', 'retract', 'revere', 'review', 'review_judicial', 'right', 'roadblock', 'romney', 'romney_utah', 'schumer_democrat', 'score', 'seal', 'senate', 'senate_republicans', 'senator', 'senator_chuck', 'senator_cory', 'senator_john', 'senator_lindsey', 'senator_mitt', 'senator_richard', 'senator_ted_cruz', 'send', 'sentence', 'sentencing', 'serve', 'set', 'sex_abuse', 'sexual', 'significant', 'similar', 'sit', 'soft', 'south_carolina', 'spend_hour', 'stain', 'state', 'statement', 'step', 'stephen_g.', 'stir', 'strong', 'substance', 'support', 'supporter', 'suppose', 'supreme_court', 'surprising', 'susan_collins', 'tactic', 'talented', 'talk', 'temperament', 'terrorism', 'texas', 'thom', 'thursday', 'tillis', 'time', 'train', 'trajectory_woman', 'treatment', 'trump_administration', 'turn', 'undercut', 'underscore', 'unified', 'unite', 'unusual', 'use', 'variety', 'view', 'vote', 'vote_nomination', 'vote_senate', 'wall', 'want', 'warn', 'washington', 'watch', 'woman', 'word', 'work', 'write_twitter', 'year']"
90,1479800092886503426,16,12,112,https://nyti.ms/3JQJoFV,2022-01-08 08:00:10-05:00,"[' ', '$', '$_200', '$_250', '$_350', '%', '+', '-', '-2', '-2%to', '-3', '-3%—a', '-6', '0', '0.5', '0.75', '1', '1,200', '1,600', '10', '10,000', '10_inch', '10½', '115', '12', '12.5', '12_year_old', '13', '13%—which', '15', '155', '16', '17', '1750', '199', '1996', '1_percent', '2', '2.2', '2.75', '20', '2000', '2016', '2017', '2019', '2020', '2021', '2022', '20_inch', '21½', '22', '23.8', '24', '25', '29', '2½', '3', '3.0', '3.25', '3.5', '3.75', '30', '300', '30¾', '325', '33', '340', '36', '375', '39', '39¼', '4', '4.0', '40', '400', '40_percent', '45', '45_minute', '49', '4¼', '5', '50', '55', '59', '5_minute', '5k', '5½-inch', '6', '6.5', '60', '62', '62¾', '630', '68', '7', '7.0', '70', '7i', '800', '81¼', '8_inch', '9', '[', ']', 'a.', 'ability', 'able', 'accelerate', 'acceptable', 'access', 'accident', 'accommodate', 'accord', 'accustomed', 'activity', 'actual', 'add', 'addition', 'additional', 'address', 'adequate', 'adjust', 'adjustable', 'adjustment', 'advance', 'advanced', 'advantage', 'adventure', 'advertised', 'advice', 'advise', 'aesthetic', 'affect', 'affiliate', 'aforementione', 'age', 'agree', 'aim', 'air', 'alert', 'alexander', 'allow', 'alternative', 'amazon', 'ample', 'angle', 'animal', 'annoying', 'answer', 'app', 'appeal', 'appear', 'apple', 'apply', 'appropriate', 'area', 'arm', 'army', 'arrange', 'arrive', 'arrow', 'ascribe', 'ask', 'assemble', 'assembler', 'assembly', 'assess', 'assist', 'assistance', 'associated', 'association', 'athlete', 'attached', 'attention', 'attributable', 'atypical', 'audio', 'august', 'author', 'author_book', 'auto', 'available', 'average', 'avert', 'avoid', 'avowed', 'backup', 'bad', 'bad_weather', 'baking', 'bare', 'bas', 'base', 'basic', 'bear', 'beep', 'begin', 'beginner', 'belief', 'believe', 'belong', 'belt', 'beneficial', 'benefit', 'berkeley', 'big', 'bike', 'bike+', 'bill', 'bin', 'biomechanic', 'biomechanical', 'bit', 'black_white', 'blare', 'blast', 'block_access', 'blog', 'blow', 'bluetooth', 'board', 'bob', 'body', 'bolt', 'bonato', 'bone', 'book', 'boot', 'bootcamp', 'boredom', 'bother', 'bottle', 'bounce', 'bouncy', 'box', 'brakes', 'break', 'breaker', 'bright', 'bring', 'british', 'broadcast', 'broken', 'buffering', 'build', 'bumpy', 'bunch', 'butt', 'button', 'buy', 'buyer', 'buzzkill', 'bypass', 'cadence', 'cage', 'calibrate', 'calorie', 'camaraderie', 'camera', 'camp', 'cancel', 'capability', 'capacity', 'carbon', 'card', 'care', 'cartoon', 'case', 'casey', 'category', 'cause', 'center', 'centric', 'certify', 'chain', 'chance', 'change', 'channel', 'characteristic', 'charge', 'chase', 'cheap', 'check', 'cheesy', 'chest', 'child', 'choice', 'choose', 'choosing', 'chunk', 'cinematic', 'class', 'clear', 'clearance', 'click', 'close', 'club', 'clunk', 'cluttered', 'coach', 'coaching', 'coat', 'cold', 'colleague', 'collection', 'color', 'combine', 'come', 'comfortable', 'command', 'comment', 'commercial', 'commission', 'commitment', 'commodious', 'common', 'communicate', 'community', 'commute', 'compact', 'companion', 'company', 'comparable', 'compare', 'comparison', 'compartment', 'compatible', 'competition', 'competitor', 'complaint', 'complete', 'component', 'compose', 'comprehensive', 'concrete', 'condition', 'conduct', 'confirm', 'confusing', 'connect', 'connected', 'connection', 'connectivity', 'consider', 'console', 'construction', 'consumer_product', 'contemplate', 'content', 'contention', 'continuous', 'contribute', 'contributor', 'control', 'convenient', 'cool', 'core', 'corkum', 'corner', 'correlate', 'cost', 'cost_$', 'count', 'couple', 'course', 'cover', 'crack', 'cramped', 'credit_card', 'crossbar', 'crowded', 'cue', 'cushioning', 'customer', 'customer_service', 'cycle', 'd.', 'daily', 'dark', 'date', 'dated', 'datum', 'david', 'day', 'deal', 'death', 'decent', 'decide', 'deck', 'declare', 'decline', 'dedicate', 'dedicated', 'deep', 'defect', 'definite', 'degree', 'deliver', 'delivery', 'demand', 'depend', 'dependable', 'deposit', 'depth', 'descent', 'describe', 'description', 'design', 'desire', 'destination', 'detach', 'detail', 'determine', 'device', 'dial', 'difference', 'different', 'difficulty', 'digit', 'digital', 'dimension', 'dip', 'direct', 'direction', 'director', 'disappoint', 'discontinue', 'discount', 'discrepancy', 'disorient', 'display', 'disquieting', 'distance', 'distract', 'distraction', 'dole', 'door', 'dose', 'double', 'doust', 'downhill', 'draw', 'drive', 'durable', 'ear', 'early', 'early_version', 'earn', 'ease', 'easy', 'ebb_flow', 'economical', 'edge', 'editor_chief', 'education', 'educational', 'efficient', 'effort', 'elapse', 'electronic', 'elevator', 'eliminate', 'elizabeth', 'email', 'emanate', 'encounter', 'encourage', 'encouragement', 'end', 'endure', 'energetic', 'engage', 'engaging', 'enjoy', 'ensure', 'enthusiast', 'enthusiastic', 'entry', 'environ', 'episode', 'equal', 'equinox', 'equinox+', 'equipment', 'equivalent', 'error', 'escape', 'estimate', 'example', 'excellent', 'excessive', 'exercise', 'exertion', 'exist', 'exit', 'exp', 'expect', 'expedite', 'expend', 'expensive', 'experience', 'expert', 'explain', 'explore', 'export', 'extend', 'extensive', 'extra', 'extreme', 'eye', 'f63', 'f80', 'face', 'facilitate', 'fact', 'factor', 'fader', 'failure', 'fall', 'family', 'fan', 'fast', 'favorite', 'feat', 'feature', 'fee', 'feel', 'feel_comfortable', 'feeling', 'felt', 'fickle', 'field', 'figure', 'find', 'fine', 'finish', 'firm', 'fit', 'fitbit', 'fitness', 'fitrated', 'fix', 'fixable', 'flat', 'flatscreen', 'flatter', 'fleet', 'flexdeck', 'flexibility', 'flexor', 'flick', 'flimsy', 'flip', 'floor', 'flooring', 'flow', 'flung', 'flush', 'focus', 'focused', 'fold', 'foldable', 'folding', 'follow', 'foot', 'foot_tall', 'footfall', 'footprint', 'footrest', 'form', 'founder', 'frame', 'free', 'friend', 'frill', 'frost', 'frustration', 'fun', 'function', 'functional', 'furniture', 'future', 'galeazzi', 'game', 'gap', 'gear', 'general', 'generous', 'giant', 'glutblast', 'goal', 'good', 'google_maps', 'gps', 'grade', 'gradient', 'gradual', 'great', 'grind', 'grip', 'ground', 'grow', 'guide', 'gum', 'gym', 'h.', 'habit', 'hair', 'half', 'halt', 'hand', 'handcart', 'handful', 'handle', 'handrail', 'handy', 'hang', 'hard', 'hardcore', 'harry', 'head', 'headphone', 'health', 'hear', 'heart_rate', 'heaviness', 'heavy', 'heel', 'height', 'help', 'helpful', 'hesitate', 'hex', 'high', 'hike', 'hinge', 'hip', 'hire', 'hit', 'hold', 'holder', 'hole', 'home', 'honest', 'hooren', 'hope', 'horizon', 'horsepower', 'house', 'hunch', 'hundredth', 'hundreth', 'hydraulic', 'hypnotic', 'icon', 'ideal', 'identical', 'ifit', 'ikea', 'immersion', 'immersive', 'immersive—“beautiful', 'implement', 'important', 'impossible', 'improve', 'inactivity', 'inch', 'inch_wide', 'incident', 'inclement', 'incline', 'include', 'increase', 'increment', 'indent', 'independent', 'individual', 'indoor', 'industry', 'ingrid', 'inject', 'injure', 'injury', 'inset', 'insider', 'instruct', 'instruction', 'instructor', 'intend', 'intensity', 'intentionality', 'interaction', 'interactive', 'interactivity', 'interested', 'interesting', 'internet', 'interval', 'interview', 'introduce', 'introduction', 'intuitive', 'invest', 'investment', 'involve', 'iphone', 'issue', 'istituto', 'item', 'iteration', 'jab', 'jack', 'james', 'jerk', 'jh', 'job', 'jog', 'jogger', 'jogging', 'jonathan', 'jones', 'journal', 'joystick', 'jump', 'justin', 'jut', 'kerrigan', 'key', 'kick', 'kid', 'kilometer', 'kind', 'knee', 'knob', 'knock', 'knot', 'know', 'kohn', 'krabi', 'labor', 'lack', 'lag', 'lakes', 'land', 'landing', 'language', 'lap', 'large', 'late', 'laud', 'lay', 'lcd', 'lead', 'leaderboard', 'lean', 'leave', 'left', 'leg', 'leisurely', 'lemon', 'lend', 'length', 'level', 'lever', 'library', 'life', 'lifelong', 'lifespan', 'lifetime', 'lift', 'light', 'like', 'likelihood', 'lilliputian', 'limit', 'limited', 'line', 'listen', 'listen_music', 'little', 'little_bit', 'live', 'locate', 'location', 'lock', 'locked', 'log', 'login', 'long', 'long_term', 'look', 'lot', 'loud', 'love', 'lovely', 'low', 'lubed', 'lubricant', 'lubrication', 'luxury', 'maastricht', 'machine', 'magic', 'maintain', 'maintenance', 'major', 'majority', 'maker', 'manageable', 'manager', 'mandje', 'manual', 'manufacturer', 'map', 'marathon', 'marathoner', 'mark', 'marked', 'marketing', 'mastine', 'match', 'material', 'matte', 'matteo', 'matter', 'max', 'maximum', 'mckerrow', 'mean', 'measure', 'measurement', 'mechanism', 'medical_center', 'meditation', 'member', 'membership', 'mentality', 'mere', 'mesh', 'metabolic', 'metallic', 'meter', 'metric', 'middle', 'milan', 'mile', 'mileage', 'million', 'million_people', 'mimic', 'mind', 'mindy', 'minimalist', 'minimum', 'minneapolis', 'minute', 'mirror', 'miscellany', 'miss', 'mode', 'model', 'modest', 'moment', 'money', 'monitor', 'month', 'monthly', 'motivate', 'motivating', 'motivation', 'motivational', 'motor', 'motor—3.0', 'mount', 'mountain', 'mph', 'muddier', 'multiple', 'muscle', 'music', 'myfitnesspal', 'narrow', 'nasm', 'nautilus', 'navigate', 'necessary', 'need', 'negative', 'ness', 'netherlands', 'new', 'new_york', 'new_york_city', 'new_york_times', 'nice', 'nicole', 'noise', 'noisy', 'non_-', 'nordictrack', 'normal', 'nose', 'nostalgic', 'note', 'notice', 'noticeable', 'november', 'novice', 'number', 'numerous', 'nyu', 'nyu_langone', 'obligate', 'observation', 'obsessed', 'occasional', 'occur', 'october', 'odd', 'oesh', 'offer', 'office', 'okay', 'old', 'onboard', 'operate', 'operation', 'operational', 'opportunity', 'opt', 'option', 'optional', 'order', 'ordinary', 'organize', 'orient', 'original', 'original_version', 'ortopedico', 'outcome', 'outdoor', 'outlast', 'output', 'outside', 'overall', 'override', 'overstriding', 'owner', 'oxygen', 'pace', 'package', 'packaged', 'pain', 'pair', 'palus', 'pandemic', 'pang', 'par', 'parameter', 'parent', 'parodied', 'participate', 'partner', 'passcode', 'past', 'past_year', 'path', 'pay', 'pay_attention', 'peak', 'peloton', 'people', 'perceive', 'percent', 'percentage', 'perform', 'period', 'person', 'personal', 'pet', 'phd', 'philadelphia', 'phone', 'phone_interview', 'physical', 'physiological', 'physiologist', 'pick', 'piece', 'pin', 'pino', 'pitfall', 'place', 'placement', 'plan', 'plastic', 'plate', 'platform', 'play', 'playback', 'pleasant', 'pleasing', 'plug', 'ply', 'podcast', 'point', 'poke', 'poll', 'pool', 'poor', 'pop', 'popular', 'port', 'portable', 'portion', 'position', 'possible', 'potential', 'pound', 'pounds—75', 'powder', 'power', 'powerful', 'practice', 'pre_-', 'precise', 'precision', 'prefer', 'preferable', 'preference', 'preloaded', 'prepare', 'press', 'pretense', 'pretty', 'prevent', 'prevention', 'previous', 'price', 'pricey', 'pricy', 'printed', 'priority', 'privacy', 'pro', 'problem', 'process', 'produce', 'professional', 'professor_university', 'proform', 'program', 'progress', 'progression', 'promise', 'prompt', 'prop', 'prove', 'provide', 'psychological', 'pull', 'purchase', 'push', 'quality', 'quarter', 'quick', 'quickdial', 'quiet', 'race', 'rack', 'rail', 'range', 'rare', 'rate', 'rating', 'reach', 'react', 'real', 'real_estate', 'realize', 'rear', 'reason', 'recall', 'recent', 'recommend', 'record', 'recover_injury', 'recovery', 'recreational', 'red', 'reduce', 'reference', 'reflect', 'refund', 'regard', 'region', 'regular', 'relaunche', 'release', 'reliable', 'relieve', 'rely', 'remain', 'remark', 'remember', 'remind', 'renew', 'repair', 'report', 'require', 'research', 'researcher', 'reserve', 'residential', 'resistance', 'respond', 'response', 'responsive', 'responsiveness', 'return', 'rev', 'review', 'ride', 'right', 'risk', 'ritzy', 'road', 'roberto', 'robust', 'roller', 'room', 'roomy', 'rough', 'round', 'route', 'routine', 'rubber', 'rule', 'run', 'runner', 'runners', 'running', 's', 'safety', 'safety_concern', 'save', 'scenery', 'scenic', 'schedule', 'sciences', 'screen', 'screw', 'seasoned', 'second', 'section', 'secure', 'select', 'sell', 'senior', 'senior_staff', 'sense', 'sensitive', 'separate', 'serve', 'set', 'setting', 'setup', 'seven', 'sfia', 'shake', 'shakey', 'shallow', 'shannon', 'shape', 'share', 'shelf', 'shell', 'shift', 'shin', 'shoe', 'shoot', 'shopper', 'short', 'shoulder', 'shout', 'shrill', 'sibling', 'sidewalk', 'sifuente', 'sifuentes', 'significant', 'siik', 'silicone', 'similar', 'simple', 'simplified', 'single', 'sit', 'site', 'situate', 'situation', 'size', 'sketch', 'skit', 'skitter', 'skjong', 'slat', 'slate', 'sled', 'sleek', 'sleeker', 'slight', 'slippery', 'slog', 'slot', 'slow', 'small', 'small_size', 'smith', 'smooth', 'sneaker', 'snl', 'soft', 'sole', 'solid', 'solkin', 'song', 'soothing', 'soulcycle', 'sound', 'space', 'spartan', 'speak', 'speaker', 'spec', 'special', 'specific', 'speed', 'speedy', 'spend', 'spendy', 'spin', 'spirit', 'spite', 'sport', 'sport_psychologist', 'sports', 'spot', 'spring', 'springiness', 'springy', 'sprint', 'spry', 'squint', 'stable', 'stack', 'staff_member', 'stand', 'standard', 'star', 'start', 'state', 'stated', 'stay', 'steady', 'steel', 'steep', 'step', 'stereo', 'stiff', 'stop', 'storage', 'store', 'stow', 'straightforward', 'stream', 'streaming', 'streaming_platform', 'strength', 'stress', 'stressed', 'stretch', 'stretching', 'stride', 'strike', 'strong', 'studio', 'study', 'study_publish', 'stumbling', 'sturdy', 'style', 'subscribe', 'subscription', 'subsequent', 'subset', 'substantial', 'subtle', 'suggest', 'sunny', 'sure', 'surface', 'surprising', 'surround', 'sustain', 'sweat', 'sweet', 'switch', 't', 't202', 't4400', 't618', 't7', 'tab', 'tablet', 'talk', 'tall', 'tank', 'tap', 'target', 'taste', 'teach', 'team', 'tech', 'technician', 'technology', 'tell', 'temporary', 'tend', 'tenth', 'terrain', 'tertius', 'test', 'tester', 'tester_find', 'testing', 'thailand', 'thank', 'theme', 'theorize', 'theory', 'thick', 'thing', 'think', 'thousand', 'threshold', 'thrones', 'throw', 'thud', 'thumb', 'tick', 'tidbit', 'tiere', 'tight', 'tighten', 'tightness', 'tilt', 'tiltable', 'time', 'time_olympian', 'time_publishing_price_$', 'toe', 'toggle', 'ton', 'tool', 'torso', 'torture', 'total', 'touchscreen', 'tough', 'towel', 'town', 'tr4000i', 'tr6.6', 'track', 'tracker', 'tracking', 'traditional', 'trail', 'train', 'trainer', 'training', 'transform', 'transition', 'translate', 'tread', 'tread+', 'tread+-owne', 'tread+—peloton', 'treadmill', 'treadmillreviews.net', 'treadmills', 'trend', 'trial', 'triathlon', 'tricky', 'triumph', 'trouble', 'trust', 'try', 'turn', 'tv', 'type', 'typical', 'ultra_-', 'unavailable', 'uncommon', 'underfoot', 'understand', 'uneven', 'unfold', 'unforgiving', 'uniformity', 'unit', 'universe', 'university', 'university_california_berkeley', 'unlock', 'unscientific', 'unsure', 'unwelcome', 'update', 'upgrade', 'upper', 'upright', 'usb', 'use', 'useful', 'user', 'vacuum', 'van', 'variety', 'vary', 'veer', 'versatile', 'version', 'video', 'video_game', 'view', 'vinyasa', 'virginia', 'volume', 'vornado', 'waist', 'wait', 'walk', 'walker', 'walking', 'want', 'warm', 'warranty', 'watch', 'water', 'water_bottle', 'watt', 'watterson', 'way', 'weak', 'wear', 'wearable', 'weather', 'website', 'week', 'weigh', 'weight', 'welcome', 'wellness', 'wheezy', 'whine', 'whini', 'whirrr', 'whisper', 'whopping', 'wi_fi', 'wide', 'wide—2', 'width', 'willing', 'win', 'wind', 'window', 'wipe', 'wirecutter', 'wireless', 'wish', 'wobble', 'wobbling', 'wobbly', 'woodway', 'woofer', 'work', 'workout', 'world', 'worth', 'wrench', 'write', 'writer', 'x22i', 'xt485', 'xterra', 'year', 'yoga', 'zwift', '’', '’_true']"
91,1508129447265943555,26,42,190,https://nyti.ms/3tKA40g,2022-03-27 13:10:54-04:00,"[' ', '2018', '50th_anniversary', '60', '94th_academy', 'able', 'academy', 'accept', 'acknowledge', 'actress', 'actual', 'add', 'air', 'amy', 'amy_schumer', 'announce', 'appreciate', 'approach', 'approval', 'ask', 'assume', 'audience', 'award', 'awards', 'awards_sunday', 'aware', 'awful', 'baby', 'bar', 'believe', 'benefit', 'black_woman', 'blowback', 'bow', 'bridge', 'build', 'butt', 'cast_member', 'category', 'celebration', 'chaka', 'challenge', 'changeup', 'close', 'co_-_host', 'collaborate', 'collaboration', 'come', 'comic', 'compel', 'connection', 'control', 'couple', 'covid', 'cowan', 'create', 'creativity', 'critics_choice', 'da', 'dance', 'day', 'decide', 'decision', 'dench', 'different', 'difficult', 'discuss', 'discussion', 'dislike', 'dolby_theater', 'drunk', 'edit_excerpt', 'elaborate', 'encanto', 'entertainment', 'environment', 'evening', 'exact', 'excited', 'expect', 'explain', 'feel', 'fine', 'fun', 'funny', 'general', 'glad', 'glenn', 'goal', 'godfather', 'good', 'good_picture', 'grade', 'hall', 'hand', 'handle', 'happen', 'hard', 'hawk', 'hear', 'heartfelt', 'hell', 'helm', 'help_explain', 'hey', 'hit', 'holler', 'hollywood', 'home', 'honest', 'honor', 'horn', 'host', 'hostless', 'hour', 'huge', 'idea', 'imagine', 'incorporate', 'intention', 'interview', 'island', 'james_bond', 'job', 'joke', 'joy', 'joyous', 'judi', 'khan', 'know', 'labelle', 'let', 'level', 'life', 'like', 'limit', 'live', 'long', 'look', 'los_angeles', 'lot', 'love', 'love_love', 'low', 'main', 'material', 'meanspirite', 'minute', 'miss', 'moment', 'monologue', 'movement', 'movie', 'new_york_times', 'news_conference', 'night', 'oh', 'open', 'opinion', 'oscar', 'oscars', 'packer', 'pandemic', 'patti', 'pay', 'people', 'perform', 'plan', 'point', 'portion', 'present', 'presenter', 'pressure', 'producer', 'production', 'program', 'promise', 'proud', 'quote', 'rating', 'receive', 'record', 'regina', 'rehearsal', 'relevant', 'remark', 'representative', 'respect', 'respectful', 'rest', 'roast', 'room', 'san_diego', 'schedule', 'schumer', 'segment', 'selfie', 'sense', 'shaun_white', 'shayla', 'sign', 'sing', 'singe', 'sound', 'speak', 'specific', 'specify', 'split', 'straightforward', 'stuff', 'suggest', 'suggestion', 'sunday', 'support', 'sure', 'surprise', 'sykes', 'system', 'talk', 'talk_bruno', 'task', 'team', 'telecast', 'televise', 'thank', 'thankless', 'thing', 'thing_happen', 'think', 'thursday', 'times', 'today', 'tony', 'treat', 'true', 'trust', 'try', 'understand', 'unexpected', 'united', 'upfront', 'video', 'viewer', 'viral', 'wait', 'wanda', 'want', 'war_ukraine', 'watch', 'way', 'woman', 'wonderful', 'work', 'world', 'worm', 'worry', 'year', 'yes', '’']"
92,1507755722192392203,1429,165,8797,https://nyti.ms/3DsrMhb,2022-03-26 12:25:51-04:00,"['1', '10', '12', '1972', '1981', '1982', '1990', '1995', '1999', '2001', '2002', '2003', '2005', '2006', '2011', '2018', '2021', '25th', '50', 'accord', 'act', 'adapt', 'add', 'addition', 'admit', 'age', 'alanis', 'album', 'album_medicine', 'alison', 'animal', 'annabelle', 'anniversary', 'anthem', 'appear', 'april_3', 'arrive', 'artist', 'assume', 'attend', 'attorney_general_office', 'authenticity', 'award', 'backstage', 'band', 'basement', 'bash', 'bassist', 'bear', 'beat', 'begin', 'beginning', 'believe', 'beloved', 'benzodiazepine', 'big', 'birds', 'blockbuster', 'blond', 'bogotá', 'boundless', 'bowie', 'break', 'breakout', 'build', 'california', 'canadian', 'carve', 'cause_death', 'celebrate', 'ceremony', 'chaney', 'change', 'charge', 'charismatic', 'chevy', 'child', 'childlike', 'chorus', 'chris', 'coattail', 'colombia', 'colorful', 'colour', 'comatose', 'come', 'concert', 'confidence', 'confirm', 'connected', 'contemporary', 'contribute', 'control', 'conversation', 'copeland', 'cover', 'creative_process', 'cymbal', 'dave', 'david', 'day', 'death', 'debut', 'decline', 'die', 'direct', 'discuss', 'distinct', 'doubt', 'drama', 'draw', 'dream', 'drive', 'drug', 'drum', 'drummer', 'drumming', 'emerge', 'ending', 'endure', 'energy', 'ep', 'eruption', 'everleigh', 'explain', 'explosive', 'eye', 'face', 'fail', 'fast', 'feb._17', 'february', 'feel', 'fill', 'fire', 'fist', 'flail', 'flair', 'flip', 'foo_fighters', 'force', 'form', 'fort_worth', 'foundation', 'friday', 'friday_night', 'friendship', 'frontman', 'fundamental', 'future', 'gift', 'good', 'good_friend', 'grammy', 'grammys', 'grin', 'grohl', 'group', 'guitar', 'guitarist', 'guy', 'hall_fame', 'happy', 'hard', 'hawkins', 'heartstring', 'help', 'hit', 'hold', 'homage', 'honest', 'hook', 'hope', 'hotel', 'huge', 'humor', 'imagine', 'immediate', 'include', 'induct', 'induction', 'infectious', 'insecurity', 'intakes', 'interview', 'intricacy', 'investigation', 'jagged', 'join', 'jordan', 'jump', 'kerrang', 'kinship', 'kit', 'know', 'label', 'late', 'lead', 'leave', 'let', 'life', 'light', 'like', 'limb', 'little', 'live', 'local', 'london', 'look', 'lose', 'lot', 'love', 'machine', 'magazine', 'mainstream', 'mane', 'marijuana', 'marry', 'medicine_midnight', 'meet', 'meeting', 'melody', 'member', 'metal', 'midnight', 'minute', 'momentum', 'monster', 'morissette', 'mother', 'muscle', 'music', 'musical', 'myth', 'navarro', 'new_york_times', 'nhc', 'nirvana', 'nominate', 'northern', 'obsession', 'occasion', 'office', 'oliver', 'online', 'opioid', 'oughta', 'outtakes', 'overdose', 'passion', 'path', 'pay', 'perform', 'performance', 'perseverance', 'personal', 'pill', 'place', 'platinum', 'play', 'police', 'pound', 'powerful', 'preach', 'precision', 'preliminary', 'pressure', 'prog', 'project', 'provide', 'prying', 'pump', 'punctuate', 'punk', 'queen', 'radio_station', 'raise', 'rat', 'recall', 'recent', 'recognizable', 'recognize', 'record', 'refer', 'regard', 'relationship', 'release', 'renewal', 'replacement', 'representative', 'rhythm', 'riders', 'riff', 'riser', 'rock', 'rock_album', 'rock_band', 'rock_roll', 'rock_song', 'roger', 'role', 'rope', 'sass', 'satan', 'schedule', 'seat', 'second', 'self', 'send', 'set', 'seven', 'shape', 'short', 'sideman', 'signature', 'sing', 'singe', 'singer_songwriter', 'single', 'sleep', 'smash', 'smile', 'snare', 'sober', 'social_medium', 'solo', 'song', 'songwriter', 'southern_california', 'spin', 'spirit', 'spotlight', 'start', 'statement_post', 'stay', 'stewart', 'stick', 'stretch', 'style', 'subsequent', 'substance', 'supporter', 'surfer', 'survive_wife', 'swap', 'sylvia', 'syncopate', 'system', 'tat', 'taylor', 'taylor_hawkins', 'team', 'tell', 'test', 'thank', 'think', 'time', 'times', 'timpani', 'tour', 'tug', 'twin', 'use', 'verse', 'video', 'virginia', 'vocal', 'vocalist', 'wait', 'want', 'war', 'waste', 'watch', 'way', 'whirl', 'win', 'wish', 'work', 'world', 'wow', 'write', 'year', 'young']"
93,1491234182588211202,31,12,84,https://nyti.ms/3GJ2T0I,2022-02-08 21:15:09-05:00,"['1,000', '250', '500,000', '600', 'abundance', 'acre', 'action', 'add', 'advocacy_group', 'aerial', 'agency', 'aggravate', 'agree', 'agreement', 'agriculture_department', 'animal', 'approach', 'area', 'arizona', 'association', 'attempt', 'august', 'base', 'believe', 'big', 'biological', 'cattle', 'cause', 'center', 'challenge', 'coalition', 'come', 'concern', 'conduct', 'confirm', 'conservation', 'conservationist', 'continue', 'cow', 'deal', 'decade', 'department', 'describe', 'designate', 'destruction', 'discord', 'diversity', 'dozen', 'draw', 'ecosystem', 'efficient', 'endangerment', 'environment', 'espinosa', 'estimate', 'fatal', 'federal', 'federal_agency', 'feral', 'file', 'fish_wildlife', 'fix', 'flory', 'forest', 'forest_service', 'founder', 'gather', 'gila', 'grazing', 'group', 'growers', 'habitat', 'happen', 'health', 'helicopter', 'hot_spring', 'humane', 'include', 'inspection', 'issue', 'know', 'land', 'law', 'lawmaker', 'lawsuit', 'lethal', 'letter', 'lieu', 'livestock', 'local', 'location', 'longstande', 'loren', 'maintain', 'method', 'million', 'monitor', 'mountain', 'national', 'native', 'new_mexico', 'note', 'number', 'option', 'patterson', 'people', 'permit', 'plan', 'plant', 'portion', 'pose_significant', 'president', 'process', 'question', 'quick', 'rancher', 'ravage', 'reach', 'recent', 'remain', 'remote', 'removal', 'remove', 'require', 'resource', 'response', 'responsible', 'risky', 'river', 'roam', 'robin', 'rugged', 'safe', 'sell', 'service', 'settlement', 'sharp', 'shoot', 'shooting', 'sign', 'silver', 'slow', 'specify', 'spokeswoman', 'sprawl', 'state', 'statement', 'statement_tuesday', 'stop', 'stream', 'sunday', 'support', 'surveillance', 'suspend', 'suzanne', 'swift', 'tanya', 'terrain', 'threat', 'threaten', 'time', 'timing', 'trample', 'try', 'u.s.', 'unauthorized', 'unbranded', 'uncertainty', 'untouched', 'urge', 'use', 'vegetation', 'violate', 'want', 'way', 'week', 'west', 'wild', 'wilderness', 'wildlife', 'wrangler', 'year', '’']"
94,1497336875559927813,1431,339,5705,https://nyti.ms/3HrMlKF,2022-02-25 17:25:04-05:00,"['1.5', '2014', 'air_raid', 'airport', 'arm', 'bank', 'battle', 'believe', 'bloody_battle', 'burst', 'capital_kyiv', 'central_kyiv', 'city', 'close', 'combat_400', 'control', 'country', 'essential', 'explosion_hear', 'false', 'ferocious', 'fighting', 'force', 'government', 'gunfire', 'heart', 'hold', 'huddle', 'include', 'intense', 'kyiv', 'kyiv_north_kharkiv', 'late_development', 'lead', 'line', 'machine', 'maidan_square', 'memorial', 'mile', 'moscow', 'northeast_kherson_south', 'outgunne', 'outman', 'people', 'post_video', 'pravda_ukrainian_news_site', 'president_volodymyr_zelensky_ukraine', 'pro_-', 'protect', 'protest', 'public', 'quarter', 'report', 'residential_building_strike_missile', 'resistance', 'russia_establish_attack', 'russian_invasion', 'saturday', 'saturday_morning', 'shelter', 'sikorsky', 'southwestern_kyiv', 'square', 'stock', 'street', 'tell', 'toppling', 'truth', 'twitter', 'ukraine', 'ukrainian', 'ukrainian_defense', 'ukrainian_troop_fight', 'ukrainska', 'video_photo', 'wage', 'weapon', 'yard_maidan']"
95,1487791548276387841,976,254,6282,https://nyti.ms/3AKZw87,2022-01-30 09:15:21-05:00,"['-', '.', '._2', '0', '10', '100th', '18', '1978', '1:11', '2', '20', '2009', '2012', '2014', '2017', '2019', '2021', '20_year', '21', '23', '24', '2:42', '35', '4', '40', '44_year', '49', '5', '6', '6_-', '7', 'a.m.', 'ability', 'accuse', 'achievement', 'add', 'admonishment', 'affair', 'aftermath', 'air', 'allow', 'amazing', 'and-24', 'anniversary', 'anti_-', 'antihero', 'appeal', 'arena', 'arm', 'ashleigh', 'asylum_seeker', 'athlete', 'audience', 'australia', 'australian', 'australian_government', 'australian_open', 'australians', 'authority', 'bad', 'ban', 'barty', 'battle', 'bear', 'beat', 'begin', 'beginning', 'believe', 'benchmark', 'big', 'blom', 'bodybuilder', 'book', 'box', 'break', 'burst', 'career', 'cast', 'cast_doubt', 'cawley', 'celebrate', 'celebrity', 'certain', 'chair', 'champion', 'chance', 'chase', 'cheer', 'chinese', 'chord', 'chris', 'chronic', 'claim', 'classic', 'collapse', 'come', 'comeback', 'compete', 'concern', 'congratulate', 'consider', 'contrast', 'control', 'convert', 'coronavirus', 'country', 'court', 'covid-19', 'criticism', 'crowd', 'cruel', 'crutch', 'daniil', 'day', 'dazzle', 'decorate', 'defender', 'deliver', 'deport', 'determined', 'disappear', 'disbelief', 'discussion', 'djokovic', 'doubt', 'draw', 'drop', 'eclipse', 'embrace', 'emotion', 'emotional', 'end', 'enjoy', 'enrage', 'enter', 'era', 'error', 'event', 'evonne', 'example', 'exceed', 'exemption', 'expectation', 'expert', 'express', 'extend', 'face', 'famous', 'fan', 'fashion', 'father', 'favorite', 'federation', 'federer', 'field', 'fight', 'fighting', 'final', 'finish', 'fist', 'fixation', 'flex', 'floor', 'flow', 'fly', 'focus', 'foot', 'french', 'friend', 'game', 'glare', 'good', 'goolagong', 'grand_slam', 'gratitude', 'great', 'greet', 'grueling', 'guidance', 'gymnasium', 'happen', 'happy', 'health', 'heritage', 'highlight', 'history', 'hobble', 'hold', 'home', 'hostility', 'hotel', 'hour', 'house', 'huge', 'immigration', 'important', 'impressive', 'indigenous', 'injury', 'instagram', 'international', 'issue', 'john', 'joke', 'kind', 'knee', 'know', 'late_december', 'law', 'leader', 'leave', 'legal', 'life', 'limit', 'little_bit', 'local_television', 'long', 'longhaired', 'longtime', 'lose', 'lot', 'major', 'man', 'margaret', 'martina', 'match', 'mean', 'measure', 'medvedev', 'melbourne', 'melbourne_australia', 'mentor', 'message', 'minute', 'modern', 'moment', 'momentum', 'monday', 'month', 'nadal', 'national', 'navratilova', 'net', 'news_conference', 'night', 'novak', 'novak_djokovic', 'number', 'obsession', 'open', 'opponent', 'overflow', 'o’neil', 'pandemic', 'pant', 'passionate', 'past_year', 'peng_shuai', 'perennial', 'pirate', 'play', 'player', 'point', 'policy', 'postmatch', 'powerful', 'praise', 'prevail', 'prizefighter', 'pro_-', 'problem', 'protester', 'protocol', 'proud', 'public', 'pump', 'punch', 'pursuit', 'push', 'question', 'race', 'rafael_nadal', 'rally', 'raucous', 'ready', 'receive', 'recommendation', 'record', 'recover', 'recover_injury', 'reign', 'reject', 'remain', 'reminder', 'repeat', 'resolve', 'respect', 'rest', 'retirement', 'return', 'returner', 'reverse', 'rival', 'rod_laver', 'roger', 'roger_federer', 'route', 'saturday', 'save', 'scenario', 'scene', 'scrambling', 'season', 'sebastián', 'second', 'seed', 'semifinal', 'serbia', 'serbian', 'serena_williams', 'serve', 'set', 'sexual_assault', 'shake_hand', 'shake_head', 'share', 'shift', 'shirt', 'shot', 'shout', 'single', 'single_title', 'singular', 'sink', 'sixth', 'slogan', 'social_medium', 'spanish', 'spirit', 'sport', 'sporting_event', 'sprint', 'stand', 'star', 'step', 'straight', 'stretch', 'strict', 'strike', 'struggle', 'success', 'successful', 'sunday', 'sunday_night', 'super', 'supreme', 'surprise', 'tear', 'teenager', 'tell', 'tennis', 'tennis_star', 'tension', 'think', 'thousand', 'thrill', 'tie', 'time', 'tired', 'title', 'tournament', 'trail', 'triumph', 'trophy', 'try', 'turn', 'twist', 'u.s.', 'umpire', 'uncomfortable', 'unlucky', 'unusual', 'unvaccinated', 'vaccinate_coronavirus', 'vaccination', 'vaccine', 'victory', 'visa_cancel', 'walk', 'want', 'warm', 'way', 'wear_t', 'weary', 'week', 'weekend', 'williams', 'wimbledon', 'win', 'winner', 'woman', 'work', 'world', 'write', 'yeah', 'year', 'young', '’_true']"
96,1495261944416292867,27,29,148,https://nyti.ms/33C3eok,2022-02-20 00:00:02-05:00,"[' ', '$', '$_10', '$_100', '$_20', '$_30', '$_40', '$_45', '$_5', '/', '10w', '14', '15', '16', '16.4', '19', '190', '1fineturn', '330', '350', '3rd', '4', '5', '50', '8', '90', 'absorb', 'accent', 'acupressure', 'adrienne', 'adventure', 'aid', 'aisle', 'alarm', 'alert', 'allow', 'amtrak', 'anxiety', 'apple', 'apply', 'arch', 'area', 'article', 'ash', 'ashe', 'ask', 'assorted', 'assortment', 'audible', 'ball', 'balls', 'balm', 'bamboo', 'barking', 'basho', 'basic', 'batelierhandicraft', 'bathroom', 'battery_power', 'beam', 'beartown', 'beauty', 'bed', 'bedroom', 'bedside', 'bedtime', 'beloved', 'beth', 'big', 'bin', 'bit', 'black', 'blank', 'blistex', 'block', 'bobby', 'body', 'book', 'bookstand', 'bout', 'box', 'bread', 'breathing', 'brian', 'bright', 'buffy', 'bulk', 'buson', 'butter', 'buy', 'cable', 'calendar', 'canal', 'candle', 'canvas', 'carmex', 'cat', 'center', 'change', 'chapstick', 'charge', 'charger', 'charging', 'chatto', 'cheap', 'check', 'chest', 'child', 'choose', 'christine', 'civilized', 'clear', 'clock', 'co.', 'coaster', 'coconut', 'come', 'comfort', 'commit', 'compact', 'companion', 'compare', 'consistent', 'conspire', 'constraint', 'container', 'contemplative', 'copy', 'couple', 'craftsman', 'cream', 'creativity', 'creatures—“for', 'croissant', 'custom', 'damp', 'daniela', 'daughter', 'day', 'decorate', 'deep', 'deepen', 'designate', 'detector', 'device', 'devon', 'diamond', 'diarist', 'diary', 'different', 'difficult', 'director', 'disappear', 'discard', 'distant', 'dock', 'dog', 'double', 'dragonfly', 'drawer', 'dream', 'drift', 'drinking', 'drop', 'drug', 'dry', 'dw', 'ear', 'earplug', 'earplugs', 'earthy', 'easy', 'edit', 'editor', 'elm', 'emit', 'emotional', 'empathetic', 'encourage', 'engineering', 'ensure', 'entire', 'entry', 'erica', 'erickson', 'erik', 'etsy', 'evening', 'everyday', 'eye', 'factor', 'fairy', 'fall', 'fall_asleep', 'familiar', 'fantastical', 'fantasy', 'favorite', 'feel', 'feeling', 'film', 'find', 'fit', 'fitness', 'flavor', 'flea', 'flies', 'flow', 'foam', 'focused', 'fold', 'foot', 'forward', 'frame', 'frequent', 'garden', 'gardenia', 'genre', 'gift', 'glare', 'glass', 'glimpse', 'glint', 'glow', 'good', 'gorny', 'grab', 'greasy', 'great', 'grieve', 'gteetoo', 'guhrman', 'guide', 'habit', 'habitual', 'haiku', 'hair', 'hand', 'handle', 'hang', 'happy', 'harry', 'harshness', 'hayao', 'headlamp', 'headphone', 'hear', 'heated', 'heffernan', 'help', 'hide', 'history', 'holiday', 'home', 'homemade', 'hope', 'hour', 'humanity', 'husband', 'idea', 'ikea', 'illustrate', 'important', 'insomnia', 'intercept', 'involve', 'ipad', 'iphone', 'issa', 'issue', 'item', 'jackie', 'japanese', 'jar', 'jasmine', 'joshua', 'jot', 'jurassic', 'kalee', 'katie', 'khoury', 'kid', 'kind', 'kinto', 'knitting', 'knock', 'knot', 'know', 'kobayashi', 'l', 'lamp', 'language', 'large', 'lashing', 'late_night', 'lavender', 'leave', 'leg', 'let', 'library', 'lie', 'life', 'light', 'like', 'lip', 'list', 'listen', 'litter', 'little', 'lonely', 'long', 'longtime', 'long”—and', 'look', 'loss', 'lotion', 'love', 'lovely', 'luxurious', 'lyon', 'lysine', 'machine', 'mack', 'magazine', 'maggie', 'magsafe', 'marble', 'marpac', 'mask', 'massager', 'match', 'maude', 'max', 'maxwell', 'medicated', 'milk', 'mind', 'mini', 'misplace', 'miyazaki', 'modway', 'moment', 'mood', 'morbid', 'morning', 'motley', 'mounted', 'movie', 'ms2', 'multipack', 'muscle', 'music', 'naggy', 'natural', 'nature', 'neck', 'need', 'neighbor', 'new', 'new_yorker', 'nice', 'night', 'night_sleep', 'nightstand', 'noise', 'non_-', 'note', 'notebook', 'oak', 'observe', 'offer', 'ogg', 'oh', 'oil', 'ointment', 'okamoto', 'old', 'ollie', 'oop', 'open', 'opt', 'organics', 'ounce', 'overwhelming', 'pack', 'page', 'pair', 'pampshade', 'pandemic', 'park', 'particular', 'partner', 'past', 'pauper', 'peek', 'period', 'permanent', 'pet', 'peter', 'philips', 'phone', 'pick', 'piece', 'pile', 'pin', 'place', 'platform', 'play', 'poem', 'poet', 'poetry', 'polygon', 'potter', 'power_outage', 'press', 'previous_version', 'price', 'print', 'progress', 'project', 'prone', 'prop', 'purchase', 'purpose', 'random', 'ravpower', 'reach', 'read', 'reading', 'ready', 'receive', 'recent', 'receptacle', 'rechargeable', 'record', 'recount', 'red', 'reeve', 'reflection', 'relaxation', 'release', 'rely', 'remind', 'reminder', 'request', 'reserve', 'residence', 'restful', 'rex', 'ritual', 'river', 'route', 'routine', 'run', 'rural', 'ryan', 'salt', 'sardonic', 'scent', 'scented', 'sci_fi', 'sea', 'seal', 'second', 'sell', 'seller', 'senior', 'senior_staff', 'sensor', 'serve', 'shape', 'shiki', 'shop', 'shopaaware', 'shopsin', 'short', 'silk', 'silky', 'similar', 'simple', 'sink', 'sit', 'size', 'sleek', 'sleep', 'sleep_night', 'sleeper', 'sleeping', 'sleepless_night', 'sleepy', 'slim', 'slimfit', 'small', 'smartsleep', 'smith', 'smoke', 'smooth', 'snore', 'soft', 'software_engineer', 'sonos', 'soothe', 'soulmate', 'sound', 'space', 'speaker', 'spf', 'spill', 'spot', 'stack', 'staff_writer', 'staffer', 'stand', 'start', 'station', 'stimulate', 'store', 'storm', 'strain', 'stray', 'stuff', 'style', 'sunrise', 'supervise', 'supple', 'support', 'surface', 'surprise', 'symfonisk', 'table', 'takefumi', 'tamara', 'taste', 'tea', 'tend', 'tendency', 'tension', 'thank', 'therapy', 'thick', 'thing', 'think', 'thompson', 'thought', 'throw', 'ticking', 'tie', 'tim', 'time_publication', 'tissue', 'toddler', 'tool', 'tooth', 'touch', 'traditional', 'tragedy', 'translation', 'transport', 'travel', 'treasure', 'treasured', 'trial', 'triangle', 'trusted', 'try', 'tube', 'tune', 'turbo', 'turn', 'tv', 'type', 'unique', 'unloved', 'unread', 'urgent', 'urn', 'urns', 'use', 'useful', 'variant', 'varie', 'variety', 'vary', 'vibe', 'vikings', 'vont', 'wake', 'wake_morning', 'wall', 'wallpaper', 'wane', 'want', 'warm', 'watch', 'water', 'water_bottle', 'way', 'whaling', 'whish', 'white', 'winnie', 'winter', 'wirecutter', 'wireless', 'wise', 'wood', 'wooden', 'work', 'world', 'worth', 'wrap', 'writer', 'yang', 'year', 'yoga', 'yogasleep', '’']"
97,1478461247179960320,19,20,167,https://nyti.ms/3JGAhrj,2022-01-04 15:20:04-05:00,"['._4', '1', '101', '2', '2.5', '2016', '2019', '3', '5', '6', 'able', 'academic', 'adaptation', 'add', 'addiction', 'affect', 'age', 'aid', 'answer_question', 'applied', 'arise', 'ask', 'aspect', 'assume', 'athlete', 'attila', 'bank', 'benefit', 'benjamin', 'body', 'bounce', 'break', 'bring', 'britain', 'budapest', 'budget', 'build', 'buzz', 'cancer', 'capacity', 'cell', 'change', 'classic', 'classify', 'coaching', 'cold', 'colleague', 'college_football', 'come', 'community', 'compel', 'condition', 'conflict', 'constitute', 'constrain', 'continue', 'correlate', 'countless', 'cranky', 'criterion', 'cut', 'daily', 'dallas', 'damage', 'day', 'deal', 'depend', 'depression', 'develop', 'diabetes', 'dieffenbach', 'diminish', 'director', 'director_center', 'double', 'dr.', 'drop', 'easy', 'end', 'energetic', 'energy', 'enjoy', 'enrich', 'enter', 'environmental', 'eotvos', 'escape', 'etc', 'exercise', 'exhibit', 'explanation', 'factor', 'family', 'feel', 'feeling', 'fiber', 'final', 'find', 'fitness', 'fitter', 'force', 'formula', 'function', 'fuzzy', 'game', 'goal', 'gobble', 'good', 'griffiths', 'guilty', 'gym', 'hand', 'happen', 'hard', 'harm', 'health', 'heart_disease', 'heavy_resistance', 'hike', 'home', 'hour', 'important_thing', 'improve', 'improvement', 'include', 'increase', 'individual', 'induce', 'injure', 'injury', 'instance', 'institute', 'internal', 'irritable', 'issue', 'know', 'kristen', 'level', 'levine', 'life', 'like', 'line', 'linger', 'long', 'lorand', 'lot', 'love', 'marathon', 'mark', 'matter', 'medical_center', 'medicine', 'medicine_university', 'meet', 'micro', 'midterm', 'mile', 'mind', 'minor', 'miss', 'mitochondria', 'moderate', 'money', 'mood', 'moody', 'muscle', 'need', 'neglect', 'nottingham', 'number', 'obsession', 'occur', 'overdo', 'overspend', 'overtraine', 'pain', 'partner', 'patient', 'pay_attention', 'people', 'perform', 'performance', 'period', 'person', 'physical_activity', 'physical_emotional', 'player', 'point', 'possible', 'problem', 'problematic', 'produce', 'professor', 'provider', 'psychologist', 'purpose', 'q', 'ramp', 'range', 'rare', 'reach', 'recover', 'recovery', 'reduce_risk', 'relationship', 'reliable', 'repair', 'require', 'resource', 'respiratory_infection', 'respond', 'response', 'rest', 'rest_life', 'return', 'risk', 'run', 'sciences', 'scientist', 'screen', 'session', 'seven', 'shake', 'sick', 'sign', 'situation', 'sleep', 'slow', 'southwestern', 'specific', 'spend', 'spend_hour', 'sport', 'sporting', 'start', 'stop', 'stress', 'stressful', 'strong', 'study', 'subjective', 'suggest', 'szabo', 'tear', 'tell', 'tempting', 'tennis', 'texas', 'thing', 'thinking', 'time', 'tired', 'train', 'training', 'travel', 'trent', 'tricky', 'trouble', 'true', 'try', 'ultimate', 'unhealthy', 'university', 'use', 'usual', 'vast_majority', 'vigorous', 'walk', 'way', 'week', 'west_virginia', 'wonder', 'work', 'workout', 'worn', 'yes', 'zone', '’', '’_important']"
98,1492320155178868736,24,23,166,https://nyti.ms/3oHXdxy,2022-02-11 21:10:25-05:00,"[' ', '1,000', '3,000', '370,000', '84', '9,000', '95_percent', 'add', 'administration', 'announce', 'appeal', 'application', 'argue', 'attempt', 'avoid', 'barry', 'belief', 'biden_administration', 'bill_de_blasio', 'black', 'block', 'case', 'challenge', 'circuit', 'city', 'come', 'community', 'connecticut', 'consider', 'court', 'day', 'deadline', 'december', 'decision', 'decline_comment', 'defeat', 'deny', 'department', 'discrimination', 'discriminatory', 'dismissal', 'education_department', 'effect', 'effective', 'emergency', 'employee', 'end', 'enforce', 'exemption', 'explanation', 'face', 'fall', 'figure', 'firing', 'friday', 'goal_vaccinate', 'government', 'grateful', 'group', 'health_care_worker', 'hire', 'include', 'introduce', 'issue', 'job', 'justice', 'large_employer', 'late', 'law', 'lawyer', 'legal', 'local', 'loss', 'maine', 'mandate', 'mayor', 'mayor_eric_adams', 'month', 'municipal', 'new_york', 'new_york_city', 'nick', 'objection', 'october', 'offer', 'opponent', 'oversee', 'paolucci', 'percent', 'plaintiff', 'pleased', 'policy', 'protect', 'public', 'receive', 'refuse', 'reject', 'release', 'religious', 'request', 'require_proof_vaccination', 'requirement', 'ruling', 'schoolteacher', 'second', 'seek', 'series', 'similar', 'sonia_sotomayor', 'sotomayor', 'spokesman', 'staff_member', 'state', 'statement', 'step', 'supreme_court', 'tally', 'teacher', 'terminate', 'testing', 'u.s.', 'union', 'unorthodox', 'vaccinate', 'vaccination_requirement', 'vaccine', 'vaccine_dose', 'vaccine_mandate', 'vaccine_requirement', 'vast_majority', 'vermont', 'way', 'weekend', 'work', 'worker']"
99,1498065443050905604,337,60,2008,https://nyti.ms/3BWhEMJ,2022-02-27 17:40:08-05:00,"['15', '2', '2014', '25', '400', '80', 'able', 'accord_ukrainian_official', 'activity', 'add', 'adviser', 'agree', 'agrocenter', 'aim', 'aircraft', 'allow', 'amphibious_assault', 'annex', 'appeal', 'arestovich', 'army', 'arrive', 'artery', 'artillery', 'artillery_fire', 'assessment', 'assist', 'attack', 'attempt', 'automatic', 'bachynskyi', 'backdrop', 'bag', 'bank_dnieper', 'bar', 'barricade', 'bear', 'bed', 'begin', 'believe', 'billboard', 'black', 'bohdan', 'bohemian', 'boom', 'bottle', 'box', 'break', 'breakaway', 'brigade', 'building', 'buoy', 'bus', 'busy', 'camouflage', 'capital_kyiv', 'capture', 'car', 'carry', 'center', 'central', 'chain', 'chalice', 'checkpoint', 'choice', 'city', 'city_center', 'city_dnipro', 'city_kharkiv', 'city_town', 'civilian', 'clothe', 'clothing', 'collect', 'colorful', 'combat', 'come', 'commence', 'concentrate', 'contact', 'continue_push', 'count', 'country', 'courage', 'crimean_peninsula', 'cross', 'crowd', 'danger', 'dangerous', 'day', 'decorate', 'defense', 'deploy', 'deputy_director', 'die', 'different', 'difficulty', 'direct', 'display', 'diversionary', 'dnipro', 'donate', 'donation', 'draw', 'dress', 'drink_beer', 'drive', 'duty', 'east', 'east_south', 'east_west', 'effort', 'enclave', 'end', 'entire', 'entrance', 'erect', 'escape', 'etc', 'ethnic', 'evacuate', 'evidence', 'exceed', 'factory', 'fall', 'family', 'feel', 'fierce', 'fight', 'fighting', 'fill', 'firebomb', 'firepower', 'flag', 'flammable', 'flee', 'flower', 'follow', 'foothold', 'footing', 'force', 'fortification', 'fourth', 'golda', 'green', 'greet', 'group', 'grow', 'guard', 'guest', 'guitar', 'hand', 'hang', 'hear', 'helicopter', 'help', 'hive', 'holy', 'honor', 'hope', 'hospital', 'inscribe', 'insist', 'intercontinental_ballistic', 'irina', 'israel', 'join', 'join_territorial', 'journey', 'kharkiv', 'khomyak', 'kill', 'killer', 'kiss', 'know', 'kolchak', 'korotkov', 'kropyvnytskyi', 'kyiv', 'language', 'large', 'lay', 'leave', 'let', 'line', 'liquid', 'load', 'local', 'look', 'lose', 'lurk', 'main_objective', 'man', 'manage', 'mariupol', 'medic', 'medicine', 'meet', 'meir', 'message', 'metal', 'military', 'military_analyst', 'million', 'missile', 'mix', 'mobilization_man', 'molotov_cocktail', 'month', 'motorist', 'mount', 'musician', 'neck', 'negotiate', 'neighborhood', 'news', 'north', 'northeastern', 'number', 'odessa', 'offer', 'official', 'oleksiy', 'order', 'organize', 'outdoor', 'outlying', 'outskirt', 'parachute', 'park', 'past', 'patrol', 'people', 'perimeter', 'person', 'plan', 'port_city', 'possibility', 'pound', 'pour', 'prepare', 'president', 'president_vladimir_v._putin', 'previous', 'priest', 'prime_minister', 'produce', 'propaganda', 'protect', 'provide_detail', 'prudence', 'push', 'question', 'radio_station', 'rage', 'rally_cry', 'reason', 'reference', 'region', 'resident_prepare', 'respite', 'result', 'return', 'rifle', 'right', 'river', 'rocket', 'russia', 'russian', 'russian_force', 'russian_military', 'russian_navy', 'russian_troop', 'russians', 'sand', 'sandbag', 'saturday', 'save', 'scrawl', 'search', 'secure', 'seek_refuge', 'separatist_force', 'serhii', 'set', 'shell', 'short', 'sign', 'silver', 'simultaneous', 'sip', 'sky', 'small', 'smoke_cigarette', 'smolkov', 'soldier', 'sort', 'south_russian_force', 'speak', 'stack', 'state', 'street', 'success', 'sunday', 'sunday_evening', 'sunday_morning', 'superiority', 'supply', 'tactic', 'tank', 'television', 'tell', 'tension', 'territorial_defense', 'thwart', 'time', 'timofei', 'tiny', 'tire', 'town', 'train', 'tree', 'troop', 'truck', 'try', 'turn', 'ukraine', 'ukrainian', 'ukrainian_force', 'ukrainian_military', 'ukrainian_official', 'ukrainian_soldier', 'ukrainians', 'unit', 'unwanted', 'upbeat', 'use', 'village', 'visit', 'volunteer', 'vulgarity', 'wait', 'war', 'warm', 'warn', 'wary', 'water', 'way', 'wear', 'wine', 'wooden', 'word', 'work', 'wound', 'yefrem', 'young', 'yuzhmash', '’']"
